-100.0000000000000000 -47.7116683957589416
-99.9799979997999770 -43.8790636863272852
-99.9599959995999541 -38.6186888507890345
-99.9399939993999453 -49.5378463564477585
-99.9199919991999224 -59.9653724077087560
-99.8999899989998994 -48.0863031331012820
-99.8799879987998764 -60.9272730668306224
-99.8599859985998535 -31.1921239624670008
-99.8399839983998447 -46.1804915278242305
-99.8199819981998218 -47.9410224787284065
-99.7999799979997988 -60.5444469533798753
-99.7799779977997758 -56.5146210730958529
-99.7599759975997529 -37.5248187162397926
-99.7399739973997441 -90.4441692445403476
-99.7199719971997212 -12.0844511931883787
-99.6999699969996982 -88.3757714591563115
-99.6799679967996752 -59.6242262994059757
-99.6599659965996665 -35.2803985864357088
-99.6399639963996435 -27.2677725841106486
-99.6199619961996206 -41.0632906134865436
-99.5999599959995976 -33.1648805651243777
-99.5799579957995746 -34.0949109737515172
-99.5599559955995659 -33.6709424452392199
-99.5399539953995429 -50.1778273633631784
-99.5199519951995200 -58.4383851096151616
-99.4999499949994970 -43.8023062970257726
-99.4799479947994740 -24.1144928265036000
-99.4599459945994653 -37.0333198101862422
-99.4399439943994423 -89.6043868056854791
-99.4199419941994194 -35.9998631849295663
-99.3999399939993964 -50.1106610116290128
-99.3799379937993734 -82.2973273946788311
-99.3599359935993647 -57.1314724805668845
-99.3399339933993417 -60.3787797029469786
-99.3199319931993188 -73.6589876046077308
-99.2999299929992958 -61.6661500122387451
-99.2799279927992870 -41.0622945775377914
-99.2599259925992641 -34.9040848821806051
-99.2399239923992411 -50.6678957142889459
-99.2199219921992182 -75.1699929855548419
-99.1999199919991952 -52.0579364713956281
-99.1799179917991864 -56.9593744316171637
-99.1599159915991635 -95.1840206799620745
-99.1399139913991405 -25.9058302534088654
-99.1199119911991176 -64.7462454432686911
-99.0999099909990946 -59.5399442572675994
-99.0799079907990858 -57.2653737090396433
-99.0599059905990629 -45.5275565187438644
-99.0399039903990399 -38.1344449554620013
-99.0199019901990170 -75.7647781038799337
-98.9998999899989940 -72.8027621543205328
-98.9798979897989852 -72.9575220780669014
-98.9598959895989623 -68.8042375406702718
-98.9398939893989393 -40.7206336669508602
-98.9198919891989163 -66.6811611613179878
-98.8998899889988934 -68.3181081453800232
-98.8798879887988846 -73.2497822112819250
-98.8598859885988617 -69.8085792976785910
-98.8398839883988387 -71.9575574570946941
-98.8198819881988157 -65.9498429202142660
-98.7998799879987928 -63.2846053780880879
-98.7798779877987840 -59.4580911170053952
-98.7598759875987611 -45.7113860831088701
-98.7398739873987381 -75.0916992107844976
-98.7198719871987151 -88.4994707663571916
-98.6998699869987064 -79.9368552132083607
-98.6798679867986834 -70.0967853831429721
-98.6598659865986605 -25.1251458481708241
-98.6398639863986375 -66.5533738524458727
-98.6198619861986145 -58.4948417814125037
-98.5998599859986058 -78.2654659608681840
-98.5798579857985828 -85.8610861911185737
-98.5598559855985599 -80.2539711796599562
-98.5398539853985369 -83.0247921654359828
-98.5198519851985139 -108.4200974425007331
-98.4998499849985052 -103.5146220787471520
-98.4798479847984822 -62.6870943444284450
-98.4598459845984593 -75.7214318769251236
-98.4398439843984363 -63.6991762213419648
-98.4198419841984133 -84.4889177415147401
-98.3998399839984046 -92.2213707286585986
-98.3798379837983816 -78.2882422824556414
-98.3598359835983587 -87.5333246473065856
-98.3398339833983357 -95.6761027482671125
-98.3198319831983270 -72.4990370642252913
-98.2998299829983040 -83.1924484054718079
-98.2798279827982810 -41.8979277918822532
-98.2598259825982581 -82.7499391303484231
-98.2398239823982351 -38.0648229141499357
-98.2198219821982264 -58.7209947958101068
-98.1998199819982034 -81.2199300121281027
-98.1798179817981804 -90.1484137143886386
-98.1598159815981575 -51.0780498733077195
-98.1398139813981345 -70.3695450052245661
-98.1198119811981257 -73.2888891606727668
-98.0998099809981028 -74.8720462936706781
-98.0798079807980798 -91.0663397337746119
-98.0598059805980569 -92.0482536361542714
-98.0398039803980339 -76.5065081762883352
-98.0198019801980251 -37.8576853433395257
-97.9997999799980022 -68.9728171483405532
-97.9797979797979792 -38.0324216266700219
-97.9597959795979563 -42.8645682404696231
-97.9397939793979333 -97.6080361448732674
-97.9197919791979245 -86.3750476866228638
-97.8997899789979016 -86.7609342325914099
-97.8797879787978786 -42.4837748231058683
-97.8597859785978557 -111.5745503588968575
-97.8397839783978327 -80.2862432841952227
-97.8197819781978239 -44.1685435230376200
-97.7997799779978010 -96.4025452776503897
-97.7797779777977780 -68.5980556058290034
-97.7597759775977551 -42.6207592225740370
-97.7397739773977463 -89.6621589465480326
-97.7197719771977233 -87.0877007105796537
-97.6997699769977004 -100.8627470593377922
-97.6797679767976774 -81.0683459184315751
-97.6597659765976545 -89.6993136688774513
-97.6397639763976457 -76.9302732641142768
-97.6197619761976227 -83.6639120594356314
-97.5997599759975998 -73.2328863052141941
-97.5797579757975768 -93.8602795866104458
-97.5597559755975539 -96.5589970095253562
-97.5397539753975451 -73.1560163196160715
-97.5197519751975221 -116.0603708954396325
-97.4997499749974992 -55.1004857647554900
-97.4797479747974762 -100.3563270886743339
-97.4597459745974533 -84.3068620328233180
-97.4397439743974445 -69.8827557540144824
-97.4197419741974215 -72.6128453999833710
-97.3997399739973986 -93.5290356739256623
-97.3797379737973756 -81.2428035924356777
-97.3597359735973669 -112.7403316384830845
-97.3397339733973439 -83.2707750595024550
-97.3197319731973209 -99.0918114376277259
-97.2997299729972980 -64.8913105511501271
-97.2797279727972750 -103.7878109656484327
-97.2597259725972663 -86.4671961451831663
-97.2397239723972433 -88.0168174221672928
-97.2197219721972203 -121.0692589678964453
-97.1997199719971974 -79.0594009109473177
-97.1797179717971744 -85.7921419048721816
-97.1597159715971657 -92.8198440288239226
-97.1397139713971427 -98.0146572759885117
-97.1197119711971197 -67.7913608980715310
-97.0997099709970968 -60.2433081539722508
-97.0797079707970738 -92.4766807408675788
-97.0597059705970651 -81.3872109272382289
-97.0397039703970421 -109.1643876336872410
-97.0197019701970191 -72.6961273955784577
-96.9996999699969962 -66.0852490589076922
-96.9796979697969732 -105.6694452278155154
-96.9596959695969645 -97.7429793158183600
-96.9396939693969415 -116.2075538805067509
-96.9196919691969185 -75.5403408074886329
-96.8996899689968956 -87.3921145634729868
-96.8796879687968726 -66.7672575794333483
-96.8596859685968639 -86.8795535112476500
-96.8396839683968409 -81.1943981503546865
-96.8196819681968179 -83.5694600544966590
-96.7996799679967950 -80.8560248739097318
-96.7796779677967862 -62.1293209099011960
-96.7596759675967633 -111.8416800628561418
-96.7396739673967403 -73.9145199282346681
-96.7196719671967173 -86.2451837386302884
-96.6996699669966944 -99.4190664301285949
-96.6796679667966856 -95.1349493750515762
-96.6596659665966627 -88.8209815771679985
-96.6396639663966397 -90.7189552737698506
-96.6196619661966167 -83.9702710237417165
-96.5996599659965938 -97.3507606341359946
-96.5796579657965850 -96.0676764683786075
-96.5596559655965621 -98.8491147500926388
-96.5396539653965391 -105.2931230488091074
-96.5196519651965161 -91.1773026702445577
-96.4996499649964932 -83.3786556117875932
-96.4796479647964844 -80.6914629271805950
-96.4596459645964615 -122.4405817752503935
-96.4396439643964385 -68.2133258059830041
-96.4196419641964155 -63.6360520755823202
-96.3996399639964068 -70.4125894884634249
-96.3796379637963838 -83.6191798036083043
-96.3596359635963609 -68.0680597128967548
-96.3396339633963379 -77.6617735927058987
-96.3196319631963149 -89.7457952341989085
-96.2996299629963062 -85.4433602130448122
-96.2796279627962832 -57.1903931420069682
-96.2596259625962603 -87.4492117795039121
-96.2396239623962373 -72.2797294977002878
-96.2196219621962143 -125.3790336651223356
-96.1996199619962056 -89.8311870800963987
-96.1796179617961826 -114.9332338021727651
-96.1596159615961597 -87.4381530577359172
-96.1396139613961367 -89.9387066682552927
-96.1196119611961137 -90.7625230733208213
-96.0996099609961050 -87.9645929554707067
-96.0796079607960820 -82.2926094393971965
-96.0596059605960590 -83.5877936966838604
-96.0396039603960361 -98.0978884495494299
-96.0196019601960131 -104.9718641912513846
-95.9995999599960044 -108.0812837855693402
-95.9795979597959814 -88.6937450761762847
-95.9595959595959584 -81.0177250508918121
-95.9395939593959355 -104.3807759385675098
-95.9195919591959125 -91.8938091555524181
-95.8995899589959038 -113.1907018042349193
-95.8795879587958808 -104.0384728358173163
-95.8595859585958578 -80.5762391520540291
-95.8395839583958349 -55.4779699541596258
-95.8195819581958119 -89.9350491613685108
-95.7995799579958032 -85.6646140339735211
-95.7795779577957802 -80.1014205531291310
-95.7595759575957572 -102.1119419983285184
-95.7395739573957343 -66.8462664798097705
-95.7195719571957255 -122.3777422193205098
-95.6995699569957026 -74.7040900234994751
-95.6795679567956796 -92.0772464877603625
-95.6595659565956566 -104.7911338516310451
-95.6395639563956337 -89.1344522914084223
-95.6195619561956249 -90.4664055408232457
-95.5995599559956020 -67.6996120124507996
-95.5795579557955790 -78.2319466114296631
-95.5595559555955560 -83.9166432211027740
-95.5395539553955331 -138.9947101399213807
-95.5195519551955243 -92.7490343612960402
-95.4995499549955014 -72.3864424599038898
-95.4795479547954784 -86.5186432211256431
-95.4595459545954554 -86.3133244338252723
-95.4395439543954467 -70.6334727148726671
-95.4195419541954237 -101.8783262428997034
-95.3995399539954008 -92.4208809575754202
-95.3795379537953778 -81.9544144156118790
-95.3595359535953548 -100.8605994194422237
-95.3395339533953461 -67.7238734275232730
-95.3195319531953231 -106.3693822415696957
-95.2995299529953002 -74.9326081946821745
-95.2795279527952772 -81.0154359267347104
-95.2595259525952542 -69.5051793060578973
-95.2395239523952455 -83.5123526397363491
-95.2195219521952225 -96.9805490876623679
-95.1995199519951996 -82.6625760554759239
-95.1795179517951766 -84.2564310815135968
-95.1595159515951536 -124.7742556484230363
-95.1395139513951449 -97.5214492799509145
-95.1195119511951219 -103.7311189014153854
-95.0995099509950990 -106.9715825356253447
-95.0795079507950760 -84.0276976822192552
-95.0595059505950530 -111.6337077429955258
-95.0395039503950443 -112.5241306376167216
-95.0195019501950213 -105.2013937878434717
-94.9994999499949984 -84.9260376580384957
-94.9794979497949754 -78.8014158661649162
-94.9594959495949524 -117.6341172173212044
-94.9394939493949437 -103.5032110478019263
-94.9194919491949207 -83.3999442509557980
-94.8994899489948978 -118.5023079877753815
-94.8794879487948748 -111.4788770473118262
-94.8594859485948518 -111.2120364234342702
-94.8394839483948431 -103.9020450206260193
-94.8194819481948201 -103.4318580459087968
-94.7994799479947972 -90.7673104054730402
-94.7794779477947742 -109.4284243980877989
-94.7594759475947654 -67.8451634865477757
-94.7394739473947425 -84.2510141473412659
-94.7194719471947195 -83.8634095426605768
-94.6994699469946966 -95.5786015205483039
-94.6794679467946736 -103.2760626959191086
-94.6594659465946648 -76.3155433693033558
-94.6394639463946419 -126.7741148859181237
-94.6194619461946189 -121.8779299366901938
-94.5994599459945960 -96.5197030041418600
-94.5794579457945730 -105.4042703615115784
-94.5594559455945642 -85.6267507430685271
-94.5394539453945413 -136.5620134663179215
-94.5194519451945183 -79.6380036616100142
-94.4994499449944954 -66.4955813675693150
-94.4794479447944866 -82.7585843184880048
-94.4594459445944636 -87.3485584326540874
-94.4394439443944407 -97.4955190225981596
-94.4194419441944177 -97.4291037586314133
-94.3994399439943948 -85.2302734315467347
-94.3794379437943860 -78.1557538744542768
-94.3594359435943630 -128.6965185158541658
-94.3394339433943401 -110.5541124269101516
-94.3194319431943171 -134.0326473251062680
-94.2994299429942942 -134.3579159797087357
-94.2794279427942854 -95.7994478179059712
-94.2594259425942624 -113.1625717691093485
-94.2394239423942395 -96.8273614292897520
-94.2194219421942165 -98.2735669665301828
-94.1994199419941936 -103.0316808869834944
-94.1794179417941848 -81.4792446516106708
-94.1594159415941618 -102.9110656830334705
-94.1394139413941389 -116.8028100396611109
-94.1194119411941159 -88.2545538010998314
-94.0994099409940929 -89.7336378727704016
-94.0794079407940842 -113.0149133297859549
-94.0594059405940612 -137.4117154583373406
-94.0394039403940383 -141.8098599687581896
-94.0194019401940153 -86.4015470853134389
-93.9993999399939923 -90.7378551857514850
-93.9793979397939836 -94.7483422287893688
-93.9593959395939606 -98.5642373118472932
-93.9393939393939377 -93.7225026398115801
-93.9193919391939147 -90.2063381356095704
-93.8993899389938917 -135.0021316428427554
-93.8793879387938830 -109.7463941297273209
-93.8593859385938600 -123.4304009632655692
-93.8393839383938371 -73.1604345033010901
-93.8193819381938141 -100.1329141255979778
-93.7993799379938054 -70.8680040207286481
-93.7793779377937824 -95.6145538042479330
-93.7593759375937594 -113.5494564254541672
-93.7393739373937365 -106.7129922860788867
-93.7193719371937135 -117.2422116543541222
-93.6993699369937048 -91.6101235811472776
-93.6793679367936818 -84.7762929958969949
-93.6593659365936588 -111.3073368100345846
-93.6393639363936359 -94.6611674900003379
-93.6193619361936129 -121.4664426558702957
-93.5993599359936042 -109.2121541902996427
-93.5793579357935812 -106.4576225242964682
-93.5593559355935582 -79.7283033466495539
-93.5393539353935353 -99.4215890417516022
-93.5193519351935265 -87.1811175063164114
-93.4993499349935036 -127.7697976091593546
-93.4793479347934806 -116.9560090553836460
-93.4593459345934576 -94.8870676690745114
-93.4393439343934347 -81.6245447675310345
-93.4193419341934259 -76.0476054983884495
-93.3993399339934030 -98.5013343174784097
-93.3793379337933800 -125.0339305461666015
-93.3593359335933570 -85.1754336960657810
-93.3393339333933341 -87.4630159292394183
-93.3193319331933253 -96.4211166456178006
-93.2993299329933024 -68.2916181787905714
-93.2793279327932794 -112.6280789430706477
-93.2593259325932564 -102.8020633200362681
-93.2393239323932335 -114.1745802353659229
-93.2193219321932247 -106.8143070034348767
-93.1993199319932017 -108.2337994831618744
-93.1793179317931788 -104.4449642382953272
-93.1593159315931558 -116.0166302116307691
-93.1393139313931329 -106.3199140009380983
-93.1193119311931241 -114.9583840764459381
-93.0993099309931011 -67.5907939822545956
-93.0793079307930782 -121.0409294664536475
-93.0593059305930552 -104.3248593461480596
-93.0393039303930323 -136.6099377296088164
-93.0193019301930235 -102.1054484187654907
-92.9992999299930005 -62.0036153597800563
-92.9792979297929776 -105.6673223563904287
-92.9592959295929546 -97.6885821534500423
-92.9392939293929317 -127.4468369041429270
-92.9192919291929229 -101.7002710232439000
-92.8992899289928999 -81.8448324416858100
-92.8792879287928770 -109.2161496034948129
-92.8592859285928540 -79.5473289893240718
-92.8392839283928453 -127.0808976989286521
-92.8192819281928223 -86.6746952314725974
-92.7992799279927993 -114.9027373786474868
-92.7792779277927764 -110.5954795482485054
-92.7592759275927534 -72.7812716317175159
-92.7392739273927447 -94.9415764569865530
-92.7192719271927217 -123.8881650282994542
-92.6992699269926987 -99.3004261828111225
-92.6792679267926758 -87.9294089322345229
-92.6592659265926528 -100.4214026533346669
-92.6392639263926441 -115.0809350743697195
-92.6192619261926211 -90.8053052443735140
-92.5992599259925981 -66.4607882374014025
-92.5792579257925752 -86.6226771712175889
-92.5592559255925664 -139.7427869879201410
-92.5392539253925435 -107.7976762952059744
-92.5192519251925205 -109.7371089898030903
-92.4992499249924975 -100.5553384163741981
-92.4792479247924746 -82.0359756331746581
-92.4592459245924658 -111.1295831148467101
-92.4392439243924429 -92.3859508809674992
-92.4192419241924199 -86.3928100862960804
-92.3992399239923969 -87.2779825586617761
-92.3792379237923740 -92.3665149538734767
-92.3592359235923652 -73.8406363462200517
-92.3392339233923423 -85.9273988005412548
-92.3192319231923193 -104.2907785341838434
-92.2992299229922963 -65.5418505102772713
-92.2792279227922734 -118.9549363495683423
-92.2592259225922646 -89.5489702095526781
-92.2392239223922417 -98.1017366374039739
-92.2192219221922187 -83.6446911883552531
-92.1992199219921957 -90.4688666733505045
-92.1792179217921728 -80.6757087412953524
-92.1592159215921640 -126.7814664600112735
-92.1392139213921411 -76.2547915615778891
-92.1192119211921181 -86.5167848293900477
-92.0992099209920951 -71.3890549071741702
-92.0792079207920722 -87.7323210709129029
-92.0592059205920634 -98.5599248514104147
-92.0392039203920405 -106.9045653990964411
-92.0192019201920175 -80.0886647877130429
-91.9991999199919945 -120.6377839496740592
-91.9791979197919716 -122.6104773767507368
-91.9591959195919628 -91.8305641191805364
-91.9391939193919399 -126.1066657395227821
-91.9191919191919169 -112.9437543601992786
-91.8991899189918939 -84.6176569683191389
-91.8791879187918710 -102.4689960444675592
-91.8591859185918622 -111.2883406782116253
-91.8391839183918393 -105.8281909863289627
-91.8191819181918163 -85.3996038037561078
-91.7991799179917933 -88.9664608596209519
-91.7791779177917846 -74.3939357300635038
-91.7591759175917616 -90.0549233001473226
-91.7391739173917387 -89.4645169476186766
-91.7191719171917157 -110.2811796814642662
-91.6991699169916927 -88.5865901667292093
-91.6791679167916840 -77.7927684832365998
-91.6591659165916610 -56.7935192045130748
-91.6391639163916381 -95.5097906826392347
-91.6191619161916151 -119.2103845112114442
-91.5991599159916063 -128.1945621882335899
-91.5791579157915834 -80.6467553411933835
-91.5591559155915604 -84.3628490188036153
-91.5391539153915375 -96.3078069709894748
-91.5191519151915145 -100.3066309641253753
-91.4991499149915057 -84.0579201719410634
-91.4791479147914828 -96.2543879154685129
-91.4591459145914598 -86.4508099740436933
-91.4391439143914369 -103.4094312618055085
-91.4191419141914139 -69.4633386616338555
-91.3991399139914051 -119.4173860574568096
-91.3791379137913822 -103.1422693810748399
-91.3591359135913592 -74.7109902760492304
-91.3391339133913363 -85.4907574185677106
-91.3191319131913133 -119.1246086897049281
-91.2991299129913045 -64.6239898196389362
-91.2791279127912816 -94.3273934077726182
-91.2591259125912586 -81.4675121036548973
-91.2391239123912356 -77.8871083637196477
-91.2191219121912127 -97.6982898624553400
-91.1991199119912039 -56.1282339264911840
-91.1791179117911810 -84.7581415700597063
-91.1591159115911580 -79.2800477485706807
-91.1391139113911350 -95.5246794309579457
-91.1191119111911121 -113.5623606161499737
-91.0991099109911033 -76.1258645720904497
-91.0791079107910804 -91.9690566324231611
-91.0591059105910574 -113.2420530955032518
-91.0391039103910344 -103.3400341961630744
-91.0191019101910115 -121.4360603344879479
-90.9990999099910027 -53.3740597123314657
-90.9790979097909798 -112.8915934598213084
-90.9590959095909568 -85.7277752822152195
-90.9390939093909338 -115.0868530313064753
-90.9190919091909109 -106.4534393812925970
-90.8990899089909021 -136.9020131707527241
-90.8790879087908792 -81.8740586843894675
-90.8590859085908562 -96.4674767574064020
-90.8390839083908332 -65.8463731626650315
-90.8190819081908245 -72.6458297560083963
-90.7990799079908015 -121.6516574955824552
-90.7790779077907786 -95.8964217229233356
-90.7590759075907556 -109.5261692000209308
-90.7390739073907326 -110.2528699592691197
-90.7190719071907239 -83.4389539244553333
-90.6990699069907009 -82.5264988427850881
-90.6790679067906780 -105.2421974939612426
-90.6590659065906550 -93.7416469144578599
-90.6390639063906463 -107.8110117315137728
-90.6190619061906233 -84.3260254739715975
-90.5990599059906003 -69.3760387579280575
-90.5790579057905774 -84.4797854589374140
-90.5590559055905544 -71.8021575606123719
-90.5390539053905457 -73.0289993961367685
-90.5190519051905227 -93.2192804068983207
-90.4990499049904997 -51.4890323487484665
-90.4790479047904768 -115.5822748406770302
-90.4590459045904538 -73.0941325247926557
-90.4390439043904451 -103.2876631471380335
-90.4190419041904221 -88.6701432690845905
-90.3990399039903991 -72.6724681770467669
-90.3790379037903762 -78.8260085941923592
-90.3590359035903532 -95.2994752982157252
-90.3390339033903444 -109.1978183329164409
-90.3190319031903215 -82.8618461312826042
-90.2990299029902985 -71.8137899091833702
-90.2790279027902756 -93.0220811831252234
-90.2590259025902526 -88.3637262809279065
-90.2390239023902438 -93.9390881967103439
-90.2190219021902209 -100.0563317588642178
-90.1990199019901979 -86.0902764091578518
-90.1790179017901750 -73.0238313348179560
-90.1590159015901520 -78.0289848189311215
-90.1390139013901432 -110.9748214118854150
-90.1190119011901203 -81.5609105524565194
-90.0990099009900973 -95.1925993439255649
-90.0790079007900744 -58.9125941697347528
-90.0590059005900514 -90.5662351436124311
-90.0390039003900426 -104.2837687452491764
-90.0190019001900197 -94.8952655216496197
-89.9989998999899967 -65.2491102414271325
-89.9789978997899738 -56.2769553238039393
-89.9589958995899508 -67.5701662961417497
-89.9389938993899420 -67.8066368218347009
-89.9189918991899191 -101.7169524878759717
-89.8989898989898961 -89.9571792548021421
-89.8789878987898732 -89.6131362134721030
-89.8589858985898644 -90.5744237532402821
-89.8389838983898414 -88.3127368745761601
-89.8189818981898185 -70.1814136473731338
-89.7989798979897955 -79.1359739031875478
-89.7789778977897726 -59.3598691221769030
-89.7589758975897638 -100.1959820164814801
-89.7389738973897408 -68.5195768816840314
-89.7189718971897179 -64.4093859265461361
-89.6989698969896949 -62.9775336475991878
-89.6789678967896862 -84.1943217129299057
-89.6589658965896632 -93.4123502435724617
-89.6389638963896402 -62.5891266651902782
-89.6189618961896173 -88.0996520125866169
-89.5989598959895943 -99.0697929217669184
-89.5789578957895856 -75.8812506264147402
-89.5589558955895626 -72.1394151155421071
-89.5389538953895396 -74.4751032391705223
-89.5189518951895167 -96.5486154806944512
-89.4989498949894937 -90.3143571801026468
-89.4789478947894850 -72.7480189096662997
-89.4589458945894620 -79.5269345114490136
-89.4389438943894390 -76.5187182060184341
-89.4189418941894161 -51.5171373246115891
-89.3989398939893931 -70.3943714565773035
-89.3789378937893844 -110.0232437202349729
-89.3589358935893614 -80.0688714400358919
-89.3389338933893384 -75.3988190361919095
-89.3189318931893155 -69.0569055733183177
-89.2989298929892925 -95.7397497442016032
-89.2789278927892838 -68.5241918967144272
-89.2589258925892608 -68.3225647634086783
-89.2389238923892378 -82.7686872824538682
-89.2189218921892149 -75.1366917482474435
-89.1989198919891919 -67.1815634047120938
-89.1789178917891832 -104.3016205867092765
-89.1589158915891602 -80.0265591912790910
-89.1389138913891372 -64.8794600648043911
-89.1189118911891143 -76.3952913889862657
-89.0989098909890913 -80.4905979666954323
-89.0789078907890826 -47.9714181524575878
-89.0589058905890596 -61.9409708112549495
-89.0389038903890366 -106.2178541165567651
-89.0189018901890137 -59.2228149047257801
-88.9988998899889907 -90.6989967238861112
-88.9788978897889820 -87.7320715780663818
-88.9588958895889590 -96.7875324441325517
-88.9388938893889360 -76.0728014106901611
-88.9188918891889131 -116.3293592182440364
-88.8988898889889043 -83.0356547745947466
-88.8788878887888814 -67.5547799177530237
-88.8588858885888584 -93.3025728585856911
-88.8388838883888354 -114.5840388520695114
-88.8188818881888125 -77.6375351280575217
-88.7988798879888037 -45.4758947893734486
-88.7788778877887808 -61.0345989876090442
-88.7588758875887578 -98.7194084754300150
-88.7388738873887348 -107.6881277357690863
-88.7188718871887261 -92.0971309223669863
-88.6988698869887031 -95.6412494370418500
-88.6788678867886802 -59.4439756777139223
-88.6588658865886572 -75.6961921340198387
-88.6388638863886342 -87.9453995364943779
-88.6188618861886255 -76.8852455630524503
-88.5988598859886025 -66.4115503540151622
-88.5788578857885796 -73.0049108754776626
-88.5588558855885566 -74.5945005698774963
-88.5388538853885336 -87.5070230983771467
-88.5188518851885249 -48.5868395511855198
-88.4988498849885019 -60.7376807561831882
-88.4788478847884790 -76.0925061165117000
-88.4588458845884560 -85.0605046214713809
-88.4388438843884330 -63.4489977056843486
-88.4188418841884243 -81.5755083145828337
-88.3988398839884013 -60.7452008715683291
-88.3788378837883783 -52.4974765662657177
-88.3588358835883554 -99.4623390230283206
-88.3388338833883324 -96.8868917760829760
-88.3188318831883237 -93.3852885270900970
-88.2988298829883007 -98.1304576169123237
-88.2788278827882777 -81.2141998836965087
-88.2588258825882548 -39.4583167388522540
-88.2388238823882318 -59.5708891735754094
-88.2188218821882231 -40.4673657466221002
-88.1988198819882001 -65.7732583610693240
-88.1788178817881771 -99.1991649517915732
-88.1588158815881542 -82.5751105275618045
-88.1388138813881312 -96.1784983153103639
-88.1188118811881225 -55.7483271244679344
-88.0988098809880995 -53.1258821032412101
-88.0788078807880765 -98.3846102562661429
-88.0588058805880536 -73.5492651379367715
-88.0388038803880306 -37.6648455339915884
-88.0188018801880219 -70.6552438663284335
-87.9987998799879989 -52.1232306168848680
-87.9787978797879759 -59.4476010593022863
-87.9587958795879530 -58.8061068524856623
-87.9387938793879442 -35.3826585724709943
-87.9187918791879213 -51.3655738571233371
-87.8987898789878983 -81.7176083910899536
-87.8787878787878753 -67.1148290278290744
-87.8587858785878524 -62.3717269254218039
-87.8387838783878436 -52.1678178295987180
-87.8187818781878207 -77.6288315525811328
-87.7987798779877977 -81.0015884021033514
-87.7787778777877747 -69.5708407813743293
-87.7587758775877660 -44.4160062810546776
-87.7387738773877430 -14.7930754260930115
-87.7187718771877201 -68.7783707671929392
-87.6987698769876971 -35.0857121907834753
-87.6787678767876741 -91.6362054562321617
-87.6587658765876654 -62.7275251777178298
-87.6387638763876424 -52.2772599514051137
-87.6187618761876195 -63.7664932446864370
-87.5987598759875965 -93.9008780081850745
-87.5787578757875735 -78.7603072719950461
-87.5587558755875648 -85.2565680909292496
-87.5387538753875418 -51.7670421456683556
-87.5187518751875189 -82.3713265288766507
-87.4987498749874959 -68.4847510438652165
-87.4787478747874729 -91.1870048267984288
-87.4587458745874642 -74.8010665816737230
-87.4387438743874412 -65.7727542522084434
-87.4187418741874183 -59.2846047576558632
-87.3987398739873953 -78.1802321689554987
-87.3787378737873723 -80.4608740871092891
-87.3587358735873636 -107.3343066257887983
-87.3387338733873406 -93.3168317541429957
-87.3187318731873177 -70.6725376608317362
-87.2987298729872947 -59.0882491008001693
-87.2787278727872717 -66.1832371632565639
-87.2587258725872630 -65.3737732135174241
-87.2387238723872400 -51.0571114669676547
-87.2187218721872171 -70.4449978338631979
-87.1987198719871941 -41.8136641683076107
-87.1787178717871711 -97.3957395208023371
-87.1587158715871624 -70.4502845467351335
-87.1387138713871394 -97.1275803669477824
-87.1187118711871165 -66.4263874423455007
-87.0987098709870935 -66.5838842403709492
-87.0787078707870705 -69.9132008217889336
-87.0587058705870618 -70.3984774963301305
-87.0387038703870388 -53.2503373554838362
-87.0187018701870159 -24.9713797044718149
-86.9986998699869929 -85.1213394137856483
-86.9786978697869841 -74.3657391179360445
-86.9586958695869612 -79.7495669767156556
-86.9386938693869382 -68.8654677082173805
-86.9186918691869153 -62.6427625452675727
-86.8986898689868923 -52.6501956153145017
-86.8786878687868835 -49.4162549763428984
-86.8586858685868606 -69.5239191553115035
-86.8386838683868376 -81.8633984998366344
-86.8186818681868147 -64.7619454997989834
-86.7986798679868059 -75.2990002947020400
-86.7786778677867829 -56.9831855654227297
-86.7586758675867600 -73.8387025103299521
-86.7386738673867370 -90.8483184631177778
-86.7186718671867141 -65.4098662558773043
-86.6986698669867053 -73.8456224395011418
-86.6786678667866823 -63.8914088962159070
-86.6586658665866594 -69.8653681079544526
-86.6386638663866364 -49.9011376031748171
-86.6186618661866135 -50.3868584170032605
-86.5986598659866047 -50.7486562941949302
-86.5786578657865817 -70.3578324378974713
-86.5586558655865588 -46.6235609955701165
-86.5386538653865358 -47.4359774563202450
-86.5186518651865129 -55.6471716065331137
-86.4986498649865041 -78.3723888361511882
-86.4786478647864811 -36.4596420940677461
-86.4586458645864582 -77.6754421659577616
-86.4386438643864352 -27.4571418262022107
-86.4186418641864122 -61.0243571894380352
-86.3986398639864035 -79.2174882650734276
-86.3786378637863805 -70.3005675609980045
-86.3586358635863576 -61.7957149037924367
-86.3386338633863346 -93.9210502648416252
-86.3186318631863116 -79.2694702610815796
-86.2986298629863029 -59.7680551744354034
-86.2786278627862799 -80.1061245753065378
-86.2586258625862570 -67.3157266011912725
-86.2386238623862340 -46.3977452075905319
-86.2186218621862110 -44.4454226554488514
-86.1986198619862023 -32.5499308765711390
-86.1786178617861793 -59.3472015471441452
-86.1586158615861564 -44.0035822300385391
-86.1386138613861334 -33.6013545832217204
-86.1186118611861104 -75.4890335929411265
-86.0986098609861017 -57.4331768832477962
-86.0786078607860787 -71.3199697995748210
-86.0586058605860558 -39.4794079019962751
-86.0386038603860328 -37.8670612941538351
-86.0186018601860241 -37.7040276032377051
-85.9985998599860011 -37.3240748292748350
-85.9785978597859781 -69.3567095503387492
-85.9585958595859552 -33.2365406880061300
-85.9385938593859322 -65.0540761890072616
-85.9185918591859235 -39.9225171165204671
-85.8985898589859005 -70.3525511136975155
-85.8785878587858775 -36.8467027395896594
-85.8585858585858546 -79.9501497598568136
-85.8385838583858458 -63.9025614803314781
-85.8185818581858229 -67.1458389346502145
-85.7985798579857999 -48.7514395092766790
-85.7785778577857769 -56.9400110138107536
-85.7585758575857540 -36.2299864767690565
-85.7385738573857452 -41.8727847209846331
-85.7185718571857223 -13.0874216413712503
-85.6985698569856993 -75.4850245647230054
-85.6785678567856763 -53.8776926841945070
-85.6585658565856534 -46.8046577981117196
-85.6385638563856446 -77.9777330202362293
-85.6185618561856217 -26.7691058981227954
-85.5985598559855987 -58.7790962457993302
-85.5785578557855757 -84.3650738917649790
-85.5585558555855528 -44.4645111838694405
-85.5385538553855440 -79.5040755033681705
-85.5185518551855210 -47.9615309902042810
-85.4985498549854981 -39.1289777075262393
-85.4785478547854751 -50.3563044601485359
-85.4585458545854522 -49.9594723689129196
-85.4385438543854434 -68.8422452304435950
-85.4185418541854204 -0.4610160089393034
-85.3985398539853975 -30.4619383908402561
-85.3785378537853745 -70.0698383092255881
-85.3585358535853516 -57.4273127440669100
-85.3385338533853428 -62.8630645930486480
-85.3185318531853198 -58.4596889479705197
-85.2985298529852969 -37.7618372920576491
-85.2785278527852739 -49.9394612549988608
-85.2585258525852510 -61.3061726287704829
-85.2385238523852422 -29.6019932550842704
-85.2185218521852192 -26.9459722977599618
-85.1985198519851963 -94.3468378347133836
-85.1785178517851733 -65.6416829183856976
-85.1585158515851504 -67.3516398972387407
-85.1385138513851416 -72.5838137542178714
-85.1185118511851186 -52.3604934691719208
-85.0985098509850957 -76.0588553299755858
-85.0785078507850727 -56.9799029351915323
-85.0585058505850640 -60.2005011069959153
-85.0385038503850410 -28.9922243998326934
-85.0185018501850180 -79.3894507832689271
-84.9984998499849951 -59.1328566854214728
-84.9784978497849721 -71.7245724375660529
-84.9584958495849634 -99.4425407185939036
-84.9384938493849404 -35.1768266955320144
-84.9184918491849174 -62.0416714593585539
-84.8984898489848945 -61.9161976789983086
-84.8784878487848857 -28.0357826545598989
-84.8584858485848628 -34.4364904683723339
-84.8384838483848398 -40.0455266525425841
-84.8184818481848168 -7.1407252930133964
-84.7984798479847939 -44.1927892753431735
-84.7784778477847851 -53.9390742619852688
-84.7584758475847622 -69.2908606510267475
-84.7384738473847392 -27.7239869058566839
-84.7184718471847162 -57.0197108517204043
-84.6984698469846933 -34.7134214837427422
-84.6784678467846845 -52.8775647734172125
-84.6584658465846616 -76.4386837867238143
-84.6384638463846386 -20.9398146090241362
-84.6184618461846156 -61.0225532871158691
-84.5984598459845927 -49.0923538979993310
-84.5784578457845839 -50.3246103941861023
-84.5584558455845610 -45.8586148039655868
-84.5384538453845380 -78.8235984559600809
-84.5184518451845150 -48.5701726880302687
-84.4984498449844921 -20.7610446762168905
-84.4784478447844833 -47.8225069953250426
-84.4584458445844604 -22.0373390213541924
-84.4384438443844374 -23.3946086569039302
-84.4184418441844144 -64.1413855244758793
-84.3984398439843915 -44.6787752073285205
-84.3784378437843827 -46.2630685473009748
-84.3584358435843598 -30.4623618256922768
-84.3384338433843368 -43.3035505028001282
-84.3184318431843138 -53.9178892211548586
-84.2984298429842909 -33.8282357332963386
-84.2784278427842821 -42.9718109778374213
-84.2584258425842592 -24.8131624440757754
-84.2384238423842362 -43.8936649410063708
-84.2184218421842132 -33.5836512418856330
-84.1984198419841903 -45.2627537934053450
-84.1784178417841815 -44.2973556042743155
-84.1584158415841586 -32.5986133182005702
-84.1384138413841356 -44.8285002976893452
-84.1184118411841126 -80.9370548372178291
-84.0984098409840897 -65.4974641004692728
-84.0784078407840809 -58.2980572087388254
-84.0584058405840580 -44.2388674856957778
-84.0384038403840350 -29.5029533054739268
-84.0184018401840120 -18.0489335908246460
-83.9983998399839891 -36.8958800261519215
-83.9783978397839803 10.1232955509354099
-83.9583958395839574 -30.9928150192592078
-83.9383938393839344 -40.1192618886506054
-83.9183918391839256 -18.3714376365667320
-83.8983898389839027 -23.5161650166578617
-83.8783878387838797 -36.7107007049333447
-83.8583858385838568 -48.3590095128407143
-83.8383838383838338 -44.9398605648026646
-83.8183818381838250 -18.3401749774833149
-83.7983798379838021 -25.4598998994256611
-83.7783778377837791 -22.4160374732328478
-83.7583758375837562 -35.6208813587988189
-83.7383738373837332 -29.0926711102962159
-83.7183718371837244 -40.8629197741201509
-83.6983698369837015 -16.8138164619712676
-83.6783678367836785 -46.5401991195833347
-83.6583658365836556 -68.9094214622880799
-83.6383638363836326 -30.0440548372040652
-83.6183618361836238 -67.1194546616408445
-83.5983598359836009 -59.0154081340489896
-83.5783578357835779 -47.3043045503707091
-83.5583558355835549 -38.2792115348569553
-83.5383538353835320 -68.0142404135191896
-83.5183518351835232 -48.3488228469004540
-83.4983498349835003 -19.5152921257856455
-83.4783478347834773 -4.6488472725323575
-83.4583458345834543 -37.5455695781145948
-83.4383438343834314 -30.1060157177223608
-83.4183418341834226 -43.3487884170291125
-83.3983398339833997 -24.0032649667259825
-83.3783378337833767 -29.8839008451891850
-83.3583358335833537 -50.7409904875531623
-83.3383338333833308 -21.4359434227009800
-83.3183318331833220 -11.0963475982724731
-83.2983298329832991 -23.1570945679026252
-83.2783278327832761 -40.1047854678098119
-83.2583258325832531 -43.0589598142999250
-83.2383238323832302 -37.8701534215141393
-83.2183218321832214 -42.7921330400240407
-83.1983198319831985 -39.5567487507545934
-83.1783178317831755 -35.0992837957752570
-83.1583158315831525 -37.3745896283008321
-83.1383138313831296 -34.5799995350840206
-83.1183118311831208 -43.3410265635119103
-83.0983098309830979 -44.2931196026738974
-83.0783078307830749 -23.3481539184817564
-83.0583058305830662 -37.9283651566694289
-83.0383038303830290 -37.2957978580909781
-83.0183018301830202 -16.3790235579069119
-82.9982998299829973 -39.8713928952595893
-82.9782978297829743 -29.5804428774704284
-82.9582958295829656 -36.1348002424556753
-82.9382938293829426 -23.6077540825769141
-82.9182918291829196 -35.1077037000086065
-82.8982898289828967 -43.2664127797733329
-82.8782878287828737 -3.5533473506547857
-82.8582858285828650 -69.1321336292808297
-82.8382838283828420 -15.1688060551719524
-82.8182818281828190 -21.8027567980611678
-82.7982798279827961 -25.6717688006682465
-82.7782778277827731 -32.8289991167089639
-82.7582758275827644 -5.2852647947484286
-82.7382738273827414 -24.2458871892272327
-82.7182718271827184 -59.6001644022303338
-82.6982698269826955 -9.7616153643406385
-82.6782678267826725 -15.5615298025555564
-82.6582658265826637 -16.3662760922081318
-82.6382638263826408 -30.4168632036182487
-82.6182618261826178 -50.4068354949502577
-82.5982598259825949 -37.6548349619238323
-82.5782578257825719 -21.4218549352910372
-82.5582558255825631 -4.2433999400033038
-82.5382538253825402 -33.0465854660915497
-82.5182518251825172 6.3501884248914386
-82.4982498249824943 -26.6816502627328553
-82.4782478247824713 -30.0541524363469250
-82.4582458245824625 -28.6657070091774138
-82.4382438243824396 -29.0114249833261724
-82.4182418241824166 -20.4374912345732227
-82.3982398239823937 -6.2310296806941565
-82.3782378237823707 -15.7598862320422128
-82.3582358235823619 -26.5047561203864817
-82.3382338233823390 -1.4987271147737999
-82.3182318231823160 -27.2667934045444227
-82.2982298229822931 -29.4593050771158182
-82.2782278227822701 -16.1888625989539818
-82.2582258225822613 -10.4492516884712074
-82.2382238223822384 -41.6864724814059002
-82.2182218221822154 -39.2385200367597804
-82.1982198219821925 -16.9828574112429358
-82.1782178217821695 -14.0107095728174684
-82.1582158215821607 -31.8325173707442630
-82.1382138213821378 -3.4177764883928177
-82.1182118211821148 -36.2073312613690632
-82.0982098209821061 -24.6136411406385278
-82.0782078207820689 13.0627013927154394
-82.0582058205820601 -22.0607757906325972
-82.0382038203820372 -2.2766941379733971
-82.0182018201820142 -26.6087162112613598
-81.9981998199820055 -8.8815798016358727
-81.9781978197819825 -25.5994527730342369
-81.9581958195819595 -19.9969663558917823
-81.9381938193819366 -50.5552195804480249
-81.9181918191819136 -48.6127521013114148
-81.8981898189819049 -37.1429267953022091
-81.8781878187818819 -49.9095174960613761
-81.8581858185818589 -26.4750953627652166
-81.8381838183818360 -36.2722213044800128
-81.8181818181818130 -47.4115192699434118
-81.7981798179818043 -2.1227328679334079
-81.7781778177817813 -1.3424823829529657
-81.7581758175817583 -32.7695268217927804
-81.7381738173817354 -51.3313401820978754
-81.7181718171817124 -14.4777502027614737
-81.6981698169817037 -13.3575926774130078
-81.6781678167816807 -28.9731434137369561
-81.6581658165816577 -29.4696417957646126
-81.6381638163816348 -22.0327406665305965
-81.6181618161816118 -8.5393644777718887
-81.5981598159816031 -31.5995640685032129
-81.5781578157815801 -32.0888993748622724
-81.5581558155815571 -37.4657685291364544
-81.5381538153815342 -10.8821929170573704
-81.5181518151815112 -33.8208416696216148
-81.4981498149815025 -28.7289636426259847
-81.4781478147814795 -40.6795109854038586
-81.4581458145814565 37.8697547525031197
-81.4381438143814336 -3.3535765201327230
-81.4181418141814106 -51.6462241017318746
-81.3981398139814019 -23.5446137616752189
-81.3781378137813789 -0.2306492034529697
-81.3581358135813559 -9.9663345846406521
-81.3381338133813330 -5.4826231129131830
-81.3181318131813100 -12.7686913399384654
-81.2981298129813013 -38.1359669654362250
-81.2781278127812783 -28.5613842373653171
-81.2581258125812553 -29.6691615035267944
-81.2381238123812324 -17.1051214487639278
-81.2181218121812094 -18.1067867848630044
-81.1981198119812007 -19.1630232096306337
-81.1781178117811777 23.4661312068056382
-81.1581158115811547 -26.2234089048105190
-81.1381138113811460 -7.8245992642223250
-81.1181118111811088 -37.9494778531393564
-81.0981098109811001 -17.1932396558415519
-81.0781078107810771 -46.6686339236767367
-81.0581058105810541 3.5828176881287632
-81.0381038103810454 -28.2517961402601969
-81.0181018101810224 4.4653447762202134
-80.9980998099809995 18.4073276620063666
-80.9780978097809765 -29.8642807002526673
-80.9580958095809535 -26.5708447251101845
-80.9380938093809448 -14.6230745016931287
-80.9180918091809218 -6.1844044395782749
-80.8980898089808989 -40.1779385828086717
-80.8780878087808759 -13.0577657414514192
-80.8580858085808529 -4.2511364468715733
-80.8380838083808442 -6.0396742539771093
-80.8180818081808212 -24.6383744658356072
-80.7980798079807983 -8.4754185413233785
-80.7780778077807753 -18.5379029287805892
-80.7580758075807523 -32.8819100057804476
-80.7380738073807436 -8.7424243037906102
-80.7180718071807206 -4.0608092888508747
-80.6980698069806976 -43.8040127959963144
-80.6780678067806747 -40.1001155332802881
-80.6580658065806517 -12.8299689525639078
-80.6380638063806430 -15.4490620435269097
-80.6180618061806200 -16.1684077608625323
-80.5980598059805970 -8.4124579035613216
-80.5780578057805741 6.4764880955732007
-80.5580558055805511 -19.6943874440236470
-80.5380538053805424 4.5697852878225227
-80.5180518051805194 -4.9584500060474266
-80.4980498049804964 -23.9426863530474634
-80.4780478047804735 -17.5767589794684476
-80.4580458045804505 -0.8207223484853454
-80.4380438043804418 -10.3939074271612171
-80.4180418041804188 -27.9259125467938318
-80.3980398039803958 -54.6329422031244434
-80.3780378037803729 -20.4498243642471280
-80.3580358035803499 -5.1684035392095913
-80.3380338033803412 -10.7096050946481878
-80.3180318031803182 -12.7913539585881573
-80.2980298029802952 -41.3041461216757710
-80.2780278027802723 -19.1947302249780485
-80.2580258025802493 2.8864034893505952
-80.2380238023802406 6.2228491301981776
-80.2180218021802176 -4.1133563034331635
-80.1980198019801946 1.1969334760393284
-80.1780178017801859 8.0118844239143510
-80.1580158015801487 -21.7937834923532101
-80.1380138013801400 -1.9281722428857719
-80.1180118011801170 29.4621739279442991
-80.0980098009800940 -14.1192749332497645
-80.0780078007800853 2.8340766418170560
-80.0580058005800623 -28.5489795007912868
-80.0380038003800394 -36.3486390583008614
-80.0180018001800164 6.2288535953745114
-79.9979997999799934 -17.4358581312978949
-79.9779977997799847 -3.4806880713337049
-79.9579957995799617 7.6808581011074093
-79.9379937993799388 -35.7718920175876036
-79.9179917991799158 -6.1474012507655580
-79.8979897989798928 0.3326710732148381
-79.8779877987798841 12.3916999676314248
-79.8579857985798611 -2.5843095673148513
-79.8379837983798382 2.4574911960442520
-79.8179817981798152 -31.2324727655736893
-79.7979797979797922 -6.5019071365099794
-79.7779777977797835 -5.7887666457745013
-79.7579757975797605 15.2729336680338257
-79.7379737973797376 3.2459136246627587
-79.7179717971797146 -23.6643676195744845
-79.6979697969796916 7.4672897209396485
-79.6779677967796829 -29.1232334275422104
-79.6579657965796599 -9.6525750252302593
-79.6379637963796370 -8.6803912989844392
-79.6179617961796140 23.3913750648136549
-79.5979597959795910 -23.6301282638044405
-79.5779577957795823 -19.6244142188284130
-79.5579557955795593 19.8650451006535533
-79.5379537953795364 -37.7602133065181249
-79.5179517951795134 -0.5526318965448613
-79.4979497949794904 -27.5480298754411841
-79.4779477947794817 -17.6264409832940210
-79.4579457945794587 -17.3412923817835782
-79.4379437943794358 -35.1794345053639432
-79.4179417941794128 9.8960517272545339
-79.3979397939793898 -34.0251069993911699
-79.3779377937793811 -51.5027749937288633
-79.3579357935793581 -31.8419196104469719
-79.3379337933793352 -25.6947896778862379
-79.3179317931793122 5.4534061663204580
-79.2979297929792892 -6.0377534296312385
-79.2779277927792805 -14.4762340401731322
-79.2579257925792575 26.0029759316463291
-79.2379237923792346 -4.2430841601916658
-79.2179217921792116 -26.8982811475935719
-79.1979197919791886 35.0148442353879972
-79.1779177917791799 -15.3341656883014927
-79.1579157915791569 -37.1431254312373724
-79.1379137913791340 -20.4106886934121405
-79.1179117911791252 1.6684948140271336
-79.0979097909790880 1.6407741729477086
-79.0779077907790793 -0.0396504498637755
-79.0579057905790563 -10.9000293854877608
-79.0379037903790334 1.9018856194722389
-79.0179017901790246 -18.8692968179162577
-78.9978997899790016 -7.7885875763633940
-78.9778977897789787 -2.9989170111575585
-78.9578957895789557 -14.6785969827945415
-78.9378937893789328 -28.3350493210755197
-78.9178917891789240 4.2273359409223721
-78.8978897889789010 18.6754868452657057
-78.8778877887788781 18.0346441759613434
-78.8578857885788551 6.3488789200952453
-78.8378837883788322 -34.9256794644969162
-78.8178817881788234 10.8024878185581041
-78.7978797879788004 4.2086592032388479
-78.7778777877787775 -11.9067726703673316
-78.7578757875787545 -49.6970688056697156
-78.7378737873787315 -25.1997424649278443
-78.7178717871787228 17.5887623115861302
-78.6978697869786998 0.5340025026267474
-78.6778677867786769 3.3716787603975051
-78.6578657865786539 13.1031551765510414
-78.6378637863786309 0.7583898502461488
-78.6178617861786222 -12.9953829070920079
-78.5978597859785992 20.2909546079139531
-78.5778577857785763 -6.1408402860254157
-78.5578557855785533 10.8849171398599616
-78.5378537853785303 13.5605164790696602
-78.5178517851785216 11.6709320809385719
-78.4978497849784986 38.5180633948474807
-78.4778477847784757 9.6835289589999203
-78.4578457845784527 -17.7284040593927870
-78.4378437843784297 26.6440930271637377
-78.4178417841784210 -2.8234403932379881
-78.3978397839783980 -12.9156952444698092
-78.3778377837783751 30.6728499439005304
-78.3578357835783521 -11.2037062130825120
-78.3378337833783291 22.0541650529255016
-78.3178317831783204 18.1532796000429499
-78.2978297829782974 -19.6308669771534348
-78.2778277827782745 19.5416992895053241
-78.2578257825782515 -5.4757438631434656
-78.2378237823782285 4.2274066481481576
-78.2178217821782198 18.6848761506280994
-78.1978197819781968 3.8791280362967475
-78.1778177817781739 -6.2127902222196045
-78.1578157815781651 -1.3038300479316827
-78.1378137813781279 2.3349826934815656
-78.1178117811781192 -3.5746936054343625
-78.0978097809780962 35.3016054692571402
-78.0778077807780733 -6.8846499645699701
-78.0578057805780645 18.9157139138041650
-78.0378037803780416 -9.5433888768371062
-78.0178017801780186 2.9599006091852083
-77.9977997799779956 -22.1974453029788954
-77.9777977797779727 20.6111513010533329
-77.9577957795779639 -10.6472851861255737
-77.9377937793779410 -5.4100767607286517
-77.9177917791779180 3.6539380733145199
-77.8977897789778950 -13.6866374442637770
-77.8777877787778721 -10.3432537769072539
-77.8577857785778633 10.9760059162430039
-77.8377837783778403 -15.3170399844526166
-77.8177817781778174 -15.9273791644465685
-77.7977797779777944 -17.6655773638225106
-77.7777777777777715 -11.9629371818965993
-77.7577757775777627 -8.5993944990413986
-77.7377737773777397 -4.9929999013641400
-77.7177717771777168 -10.2718502158982083
-77.6977697769776938 16.6051213811138787
-77.6777677767776709 4.7606746001653173
-77.6577657765776621 36.9720405134850552
-77.6377637763776391 -29.6019904886958614
-77.6177617761776162 10.3167069958426190
-77.5977597759775932 -14.5165425905053063
-77.5777577757775703 10.4766973527389311
-77.5577557755775615 -6.1874265978948690
-77.5377537753775385 -9.7589797385146593
-77.5177517751775156 -23.9822991972068955
-77.4977497749774926 12.7578715327214098
-77.4777477747774697 14.5898417325417356
-77.4577457745774609 -10.9887126248550437
-77.4377437743774379 4.7593544428587453
-77.4177417741774150 -26.1683465124144234
-77.3977397739773920 -0.9702816880149134
-77.3777377737773691 9.6829002277562672
-77.3577357735773603 17.9157529495381382
-77.3377337733773373 1.7598216474642481
-77.3177317731773144 -7.2549231533393561
-77.2977297729772914 18.7161307094128411
-77.2777277727772685 22.9911564731896760
-77.2577257725772597 19.4003264113884732
-77.2377237723772367 -11.7143950921168898
-77.2177217721772138 -0.0464269795494374
-77.1977197719772050 -26.2788325750523555
-77.1777177717771679 37.0907201826183623
-77.1577157715771591 35.5433905750996360
-77.1377137713771361 15.8996956369411642
-77.1177117711771132 13.8445199126725029
-77.0977097709771044 23.8341793845384338
-77.0777077707770815 -3.2909950952108300
-77.0577057705770585 2.5515601039177707
-77.0377037703770355 16.8508639734145120
-77.0177017701770126 -7.6636923801422183
-76.9976997699770038 22.6416590905726807
-76.9776977697769809 -16.9016212344482391
-76.9576957695769579 -4.2509225602272238
-76.9376937693769349 12.4284538275162610
-76.9176917691769120 0.9544585213706105
-76.8976897689769032 -7.8199229030401511
-76.8776877687768803 -2.6601585011125088
-76.8576857685768573 27.6611748198081635
-76.8376837683768343 -26.2596635736548869
-76.8176817681768114 -11.9492686071623080
-76.7976797679768026 -38.7222315670546422
-76.7776777677767797 16.0132442929521801
-76.7576757675767567 -1.2949193910379542
-76.7376737673767337 10.6611725997132289
-76.7176717671767108 6.4433028342694332
-76.6976697669767020 31.1364058859975543
-76.6776677667766791 21.7589853668235378
-76.6576657665766561 -2.3731927321449326
-76.6376637663766331 38.7176565255042817
-76.6176617661766102 -6.0291528737947182
-76.5976597659766014 -17.1540134974622589
-76.5776577657765785 24.6137270868675309
-76.5576557655765555 30.4803997600577894
-76.5376537653765325 42.8253006952578659
-76.5176517651765096 30.7936985715731915
-76.4976497649765008 -1.7349167814376152
-76.4776477647764779 25.1276890573774736
-76.4576457645764549 -28.7457198620303558
-76.4376437643764319 -22.6356388119129903
-76.4176417641764090 0.3413210187574176
-76.3976397639764002 -16.2108833711028950
-76.3776377637763773 18.5244995823984979
-76.3576357635763543 7.3250480696367095
-76.3376337633763313 -0.5278307575330103
-76.3176317631763084 27.4103711762043396
-76.2976297629762996 -26.0672102260032474
-76.2776277627762767 17.7685034433493705
-76.2576257625762537 33.2113961773212907
-76.2376237623762449 3.0036615015688621
-76.2176217621762078 37.8928677311880477
-76.1976197619761990 16.5153084575232008
-76.1776177617761761 14.4083926125585080
-76.1576157615761531 -6.2798006500791370
-76.1376137613761443 22.9116025487596389
-76.1176117611761214 0.7869634970875410
-76.0976097609760984 27.6659225755662064
-76.0776077607760755 12.5827011253375449
-76.0576057605760525 1.3679792077412021
-76.0376037603760437 -2.9163009411503200
-76.0176017601760208 10.5935580037382202
-75.9975997599759978 -34.8776521024069126
-75.9775977597759749 26.2183900894714981
-75.9575957595759519 9.2053220235217168
-75.9375937593759431 3.1440756231977147
-75.9175917591759202 -12.3646716892255455
-75.8975897589758972 18.0432484883918320
-75.8775877587758742 43.5107059186297249
-75.8575857585758513 6.7955705401578230
-75.8375837583758425 13.0101298486739321
-75.8175817581758196 13.1824800130967379
-75.7975797579757966 29.0991319441096863
-75.7775777577757736 41.2606365835782114
-75.7575757575757507 15.8335938414827861
-75.7375737573757419 11.6711153939172423
-75.7175717571757190 46.7669523913945895
-75.6975697569756960 50.1591657108079829
-75.6775677567756730 39.3572413057957462
-75.6575657565756501 -14.8294539948214723
-75.6375637563756413 41.9007756643176350
-75.6175617561756184 3.7521004061233878
-75.5975597559755954 16.2273587551099858
-75.5775577557755724 -11.2948924640934649
-75.5575557555755495 11.7110118012186781
-75.5375537553755407 -13.1014373204165935
-75.5175517551755178 18.3761958778210506
-75.4975497549754948 34.7272051061967346
-75.4775477547754718 25.6472968686696632
-75.4575457545754489 0.1998717669588093
-75.4375437543754401 1.7562175503947337
-75.4175417541754172 23.1624625788890057
-75.3975397539753942 24.4537527380073527
-75.3775377537753712 25.1994082078381112
-75.3575357535753483 -0.6839432315510479
-75.3375337533753395 -7.5608912790054870
-75.3175317531753166 17.2159803919085306
-75.2975297529752936 11.0062970877976092
-75.2775277527752849 14.3244913417336619
-75.2575257525752477 10.0701620950111277
-75.2375237523752389 14.5857254638614613
-75.2175217521752160 31.0673370155626749
-75.1975197519751930 -1.4899101036613072
-75.1775177517751843 27.2071762008601112
-75.1575157515751613 15.6434378344950584
-75.1375137513751383 53.3609284006028020
-75.1175117511751154 13.0198163714464634
-75.0975097509750924 14.2570239148561235
-75.0775077507750837 7.5495179617861954
-75.0575057505750607 14.5192918209420991
-75.0375037503750377 25.0714446360971976
-75.0175017501750148 17.9972264133327684
-74.9974997499749918 5.3420335076393624
-74.9774977497749830 25.0116199659158482
-74.9574957495749601 45.7446608553817242
-74.9374937493749371 25.2725582410943233
-74.9174917491749142 38.9815095463815453
-74.8974897489748912 33.2917853461960078
-74.8774877487748824 -4.6718461069042085
-74.8574857485748595 54.1316540952674146
-74.8374837483748365 29.7940961301886205
-74.8174817481748136 8.3973158385456479
-74.7974797479747906 41.1154469543337484
-74.7774777477747818 29.2713976464194339
-74.7574757475747589 19.9614066866571847
-74.7374737473747359 9.0964597124378290
-74.7174717471747130 43.4457713939060781
-74.6974697469746900 19.0759679195413767
-74.6774677467746812 23.2673732772700248
-74.6574657465746583 16.8550159646037514
-74.6374637463746353 30.7552439466229757
-74.6174617461746124 1.8983649850507849
-74.5974597459745894 25.6225242825939503
-74.5774577457745806 24.5264280228002072
-74.5574557455745577 8.3726958858017646
-74.5374537453745347 17.3532362379796012
-74.5174517451745118 6.7187138972877491
-74.4974497449744888 12.9666615046176599
-74.4774477447744800 -1.4823691821141090
-74.4574457445744571 21.9196083707397875
-74.4374437443744341 8.5186476007449983
-74.4174417441744112 12.7497734342562303
-74.3974397439743882 0.4359130218760470
-74.3774377437743794 -5.1311656170550748
-74.3574357435743565 15.5044247485802789
-74.3374337433743335 -4.0708972828738759
-74.3174317431743248 15.0813022806581820
-74.2974297429742876 -16.8971595842230791
-74.2774277427742788 -14.6622481736901698
-74.2574257425742559 38.7915729928585051
-74.2374237423742329 25.8409269271643609
-74.2174217421742242 7.6835555742899224
-74.1974197419742012 37.4208212369250077
-74.1774177417741782 17.5996297950708254
-74.1574157415741553 23.1275879952867172
-74.1374137413741323 40.1669473598795435
-74.1174117411741236 24.8874493630819487
-74.0974097409741006 7.8700505941445389
-74.0774077407740776 -3.7529921412179910
-74.0574057405740547 31.2542172704419556
-74.0374037403740317 2.1885570771472764
-74.0174017401740230 32.2993994220930176
-73.9973997399740000 26.0668416837706225
-73.9773977397739770 27.7341703202286922
-73.9573957395739541 25.5415958139258663
-73.9373937393739311 29.9624922538348066
-73.9173917391739224 9.9135517743661890
-73.8973897389738994 28.2963897488965159
-73.8773877387738764 46.3606751863492406
-73.8573857385738535 42.3861414900055777
-73.8373837383738305 -8.6057396394687871
-73.8173817381738218 9.1838403382706595
-73.7973797379737988 5.6497811125718513
-73.7773777377737758 4.9861066262547826
-73.7573757375737529 23.1264958258628255
-73.7373737373737299 24.8216848788191520
-73.7173717371737212 1.2349923054804606
-73.6973697369736982 23.6545895874222509
-73.6773677367736752 15.8866154669638320
-73.6573657365736523 -14.7436588415225316
-73.6373637363736293 40.0907084225958954
-73.6173617361736206 19.9349727018645986
-73.5973597359735976 40.7097410181851842
-73.5773577357735746 13.8041028402630772
-73.5573557355735517 53.2435907191676066
-73.5373537353735287 63.0196919525014891
-73.5173517351735200 34.1917318330283422
-73.4973497349734970 3.8104639743019177
-73.4773477347734740 46.7454730070501370
-73.4573457345734511 16.8397138100989565
-73.4373437343734281 10.0300592064927034
-73.4173417341734194 1.7315142310965967
-73.3973397339733964 15.7212923174734982
-73.3773377337733734 43.9407334840186792
-73.3573357335733647 41.6717189253959077
-73.3373337333733275 32.0110984950749682
-73.3173317331733188 24.4703674654116483
-73.2973297329732958 12.8453362962627899
-73.2773277327732728 14.2324808639501619
-73.2573257325732641 29.0642172632797475
-73.2373237323732411 53.7273618771660821
-73.2173217321732182 18.3350669252060108
-73.1973197319731952 7.9317697146134503
-73.1773177317731722 17.5270765021480912
-73.1573157315731635 20.5984079102636599
-73.1373137313731405 20.1227641097068144
-73.1173117311731176 -29.3118734431909758
-73.0973097309730946 52.1331884390003424
-73.0773077307730716 28.7090250979764967
-73.0573057305730629 17.5170319536783694
-73.0373037303730399 29.5505958282425283
-73.0173017301730169 41.3069227003158090
-72.9972997299729940 38.2477673430985732
-72.9772977297729710 4.6919302745230667
-72.9572957295729623 32.3584244460465271
-72.9372937293729393 56.1870316902767399
-72.9172917291729163 -4.2994235713147404
-72.8972897289728934 44.8556672314902869
-72.8772877287728704 -7.6760445159770541
-72.8572857285728617 38.6893506805859886
-72.8372837283728387 16.4533914001058577
-72.8172817281728157 5.1048168347674512
-72.7972797279727928 46.0749660415190547
-72.7772777277727698 56.9778888308965179
-72.7572757275727611 35.8528874562509401
-72.7372737273727381 44.2433663404519635
-72.7172717271727151 -17.8285579889458994
-72.6972697269726922 13.8899981684102531
-72.6772677267726692 16.1146923220588292
-72.6572657265726605 -0.3397019374597150
-72.6372637263726375 0.1886094135987726
-72.6172617261726145 31.5556159115739732
-72.5972597259725916 3.2626201837787114
-72.5772577257725686 29.4648827751299898
-72.5572557255725599 27.6367585005069216
-72.5372537253725369 10.6945346412856104
-72.5172517251725139 50.3088109009930236
-72.4972497249724910 29.1337280146883693
-72.4772477247724680 18.7141315803004105
-72.4572457245724593 20.5806932604238781
-72.4372437243724363 7.2445824787814210
-72.4172417241724133 -1.4372530091112559
-72.3972397239724046 26.7902549221915969
-72.3772377237723674 27.4555767721927886
-72.3572357235723587 28.7653613454475625
-72.3372337233723357 34.2789837970056155
-72.3172317231723127 23.0705276418897114
-72.2972297229723040 23.9494171825007243
-72.2772277227722810 14.0402458144167976
-72.2572257225722581 21.1683402799524174
-72.2372237223722351 13.4386258463986135
-72.2172217221722121 9.8366236877454867
-72.1972197219722034 67.4049889369143926
-72.1772177217721804 33.7959802788316139
-72.1572157215721575 7.8070798840897968
-72.1372137213721345 2.2696413507339130
-72.1172117211721115 7.0009453539558528
-72.0972097209721028 34.9316044607987806
-72.0772077207720798 8.0470293148047265
-72.0572057205720569 58.8083054872574280
-72.0372037203720339 15.4717885120712495
-72.0172017201720109 29.1117768163616866
-71.9971997199720022 45.0564445459669685
-71.9771977197719792 24.0642030212657900
-71.9571957195719563 15.0582767575165892
-71.9371937193719333 16.9769189514847199
-71.9171917191719103 58.6242101020961215
-71.8971897189719016 37.8559308767481966
-71.8771877187718786 16.3799641695089946
-71.8571857185718557 42.8438273652278099
-71.8371837183718327 14.6375981741997911
-71.8171817181718097 -25.1999865798315810
-71.7971797179718010 -37.2674993055066892
-71.7771777177717780 -14.2746603073930096
-71.7571757175717551 11.5712127007810128
-71.7371737173717321 49.2124234616321701
-71.7171717171717091 13.9373542014241689
-71.6971697169717004 19.7685268000850662
-71.6771677167716774 34.4524048039667434
-71.6571657165716545 38.0269893767428826
-71.6371637163716315 23.2151894271361137
-71.6171617161716085 44.2030498016209066
-71.5971597159715998 1.7099684836772759
-71.5771577157715768 13.4425552202989884
-71.5571557155715539 46.6707979774976991
-71.5371537153715309 42.5679975292059112
-71.5171517151715079 25.3832442055887348
-71.4971497149714992 41.6212021586642678
-71.4771477147714762 5.2578828802842139
-71.4571457145714533 30.6898852576183856
-71.4371437143714445 40.2478108990417525
-71.4171417141714073 46.3612880371305280
-71.3971397139713986 56.7919554931168307
-71.3771377137713756 54.1335128268581371
-71.3571357135713527 31.6821792836525375
-71.3371337133713439 23.8015122136561814
-71.3171317131713209 47.5979675286564685
-71.2971297129712980 15.7175305447332310
-71.2771277127712750 12.5204882886084601
-71.2571257125712521 39.0848180896113888
-71.2371237123712433 43.9240086161821495
-71.2171217121712203 22.8070252104710072
-71.1971197119711974 0.4315977289274961
-71.1771177117711744 47.3368099741312989
-71.1571157115711515 51.7589417970862726
-71.1371137113711427 16.1949099290236376
-71.1171117111711197 21.4780595132961842
-71.0971097109710968 2.9422982924327599
-71.0771077107710738 -4.5354064283020499
-71.0571057105710508 47.1373962327399454
-71.0371037103710421 15.4464417132541580
-71.0171017101710191 14.6766542699079583
-70.9970997099709962 1.1534378531798666
-70.9770977097709732 7.6688120708400298
-70.9570957095709502 9.9108303744584223
-70.9370937093709415 16.0733712305848080
-70.9170917091709185 43.8954966015911623
-70.8970897089708956 53.4615545036338062
-70.8770877087708726 20.5360181890107043
-70.8570857085708496 24.3998996870605787
-70.8370837083708409 -2.4173254537047555
-70.8170817081708179 38.7381591071024900
-70.7970797079707950 40.7971096301119260
-70.7770777077707720 24.1819985988364614
-70.7570757075707490 28.0238966564289385
-70.7370737073707403 24.3011263284598158
-70.7170717071707173 25.2070357290921834
-70.6970697069706944 3.7548756751867352
-70.6770677067706714 38.0301708914538210
-70.6570657065706484 22.1389723251679662
-70.6370637063706397 17.7396621533231631
-70.6170617061706167 51.6714217626331731
-70.5970597059705938 25.3697571620069304
-70.5770577057705708 29.5959599324713665
-70.5570557055705478 28.1355929163910581
-70.5370537053705391 28.8179256061679503
-70.5170517051705161 25.8463900633002517
-70.4970497049704932 30.5249743325921870
-70.4770477047704844 42.8899980040040063
-70.4570457045704472 19.2652962489315840
-70.4370437043704385 36.7494591300243414
-70.4170417041704155 54.5468917228765591
-70.3970397039703926 51.0027819971469825
-70.3770377037703838 31.6421463921482626
-70.3570357035703609 18.8649416650397761
-70.3370337033703379 34.7903411694080020
-70.3170317031703149 -9.8757815041488435
-70.2970297029702920 43.1003755274840756
-70.2770277027702832 32.8651788885806795
-70.2570257025702603 15.3960460204489848
-70.2370237023702373 24.7755592080934086
-70.2170217021702143 18.9559868672799325
-70.1970197019701914 38.6878330285988241
-70.1770177017701826 31.6383681276761095
-70.1570157015701596 22.3751417869958118
-70.1370137013701367 0.6863661238315117
-70.1170117011701137 39.3161353897382071
-70.0970097009700908 24.3363236529360591
-70.0770077007700820 -6.9345303792603303
-70.0570057005700590 57.0732407505418422
-70.0370037003700361 10.8493093711953499
-70.0170017001700131 20.0797655934962762
-69.9969996999699902 5.4873668695999385
-69.9769976997699814 30.1975120587284103
-69.9569956995699584 1.3973376105943132
-69.9369936993699355 -41.7055069251830304
-69.9169916991699125 60.5198225902936144
-69.8969896989698896 30.7037651778244864
-69.8769876987698808 3.5345663511477206
-69.8569856985698578 29.0434324201142964
-69.8369836983698349 -11.9261138255180228
-69.8169816981698119 20.7514645922943402
-69.7969796979697890 23.2350108722628939
-69.7769776977697802 25.7308419126174250
-69.7569756975697572 10.2969139638924858
-69.7369736973697343 31.5833508059331578
-69.7169716971697113 -10.4122051014654389
-69.6969696969696884 38.9395826241105567
-69.6769676967696796 38.5268582791026404
-69.6569656965696566 36.1316812757736798
-69.6369636963696337 9.8906188302096734
-69.6169616961696107 45.3490996284457779
-69.5969596959695878 6.5639197498056134
-69.5769576957695790 21.8152908966660171
-69.5569556955695560 44.9381506864227447
-69.5369536953695331 35.2535500657209724
-69.5169516951695243 4.3476316363941585
-69.4969496949694872 31.7902739049723166
-69.4769476947694784 45.3937672090203108
-69.4569456945694554 9.5796531428388683
-69.4369436943694325 16.0778847352853234
-69.4169416941694237 43.4907386538887266
-69.3969396939694008 68.6158303569748966
-69.3769376937693778 15.3684228254509403
-69.3569356935693548 3.4757894932132842
-69.3369336933693319 62.7719695823076904
-69.3169316931693231 21.9288052022891939
-69.2969296929693002 37.9616817205906685
-69.2769276927692772 17.4896730881049294
-69.2569256925692542 52.4930427011979077
-69.2369236923692313 22.6188947914848413
-69.2169216921692225 20.5750614099216484
-69.1969196919691996 31.4949703266288736
-69.1769176917691766 48.0101469423873795
-69.1569156915691536 12.6550290918319064
-69.1369136913691307 49.1864574229737244
-69.1169116911691219 -7.5530792951440979
-69.0969096909690990 34.4990081377106463
-69.0769076907690760 16.5828032476851845
-69.0569056905690530 26.2811345772570171
-69.0369036903690301 47.0663363377996689
-69.0169016901690213 17.1580829409322106
-68.9968996899689984 28.5396677389959734
-68.9768976897689754 16.2054913116103911
-68.9568956895689524 36.5795376818667677
-68.9368936893689295 40.9506090825742888
-68.9168916891689207 53.3891394208577168
-68.8968896889688978 7.1728178992324914
-68.8768876887688748 -12.0991185954993128
-68.8568856885688518 13.3764605310160096
-68.8368836883688289 0.7383541140718002
-68.8168816881688201 35.8766139446766630
-68.7968796879687972 41.5041281840101988
-68.7768776877687742 31.7913260693463187
-68.7568756875687512 42.7106980172927138
-68.7368736873687283 41.3935455232812330
-68.7168716871687195 20.0914858247683981
-68.6968696869686966 40.2423321745481459
-68.6768676867686736 42.1470197016351449
-68.6568656865686506 1.1980792509102400
-68.6368636863686277 19.1138579208089112
-68.6168616861686189 40.8579376833960666
-68.5968596859685960 50.8428475522280507
-68.5768576857685730 28.6851301430973180
-68.5568556855685500 -1.0397895801590487
-68.5368536853685271 8.0952546706162920
-68.5168516851685183 14.6917490472876970
-68.4968496849684954 3.3284670595609143
-68.4768476847684724 9.4279504665971015
-68.4568456845684636 22.8429831667462757
-68.4368436843684265 10.3589023991593390
-68.4168416841684177 50.6383631769447788
-68.3968396839683948 18.2229758613488997
-68.3768376837683718 25.8161633846252521
-68.3568356835683630 28.5457747402291773
-68.3368336833683401 5.2596040503108021
-68.3168316831683171 26.4781739213036644
-68.2968296829682942 2.2060753990838080
-68.2768276827682712 29.5883906540058419
-68.2568256825682624 39.6608188465422060
-68.2368236823682395 34.4833603686365819
-68.2168216821682165 16.1412454395691540
-68.1968196819681935 13.8772417665153611
-68.1768176817681706 -0.3799668011408457
-68.1568156815681618 43.5656837587523569
-68.1368136813681389 29.0666018892475009
-68.1168116811681159 60.5903928775327216
-68.0968096809680929 16.3673259716749087
-68.0768076807680700 25.1797519754267611
-68.0568056805680612 15.0376531328913075
-68.0368036803680383 34.5120992496287187
-68.0168016801680153 50.0030743109697795
-67.9967996799679923 27.0455191681275871
-67.9767976797679694 27.5565326497214542
-67.9567956795679606 36.3985868697113730
-67.9367936793679377 -25.9932407650175179
-67.9167916791679147 11.2196266609559405
-67.8967896789678917 4.5198084769456628
-67.8767876787678688 23.6602875065924856
-67.8567856785678600 15.5781602233426675
-67.8367836783678371 40.6934520859112752
-67.8167816781678141 50.7664516480215013
-67.7967796779678054 -4.7793193189446228
-67.7767776777677682 13.8832537514637373
-67.7567756775677594 33.8177541058739592
-67.7367736773677365 -6.6510644300380619
-67.7167716771677135 27.4921868240502150
-67.6967696769677048 56.8152449635944876
-67.6767676767676676 30.8508936447975941
-67.6567656765676588 25.8347293341348347
-67.6367636763676359 62.8336527598300876
-67.6167616761676129 21.1809111374136876
-67.5967596759676042 27.2717499350644275
-67.5767576757675670 38.1017146511221299
-67.5567556755675582 8.2094316732683836
-67.5367536753675353 -0.7474987461970315
-67.5167516751675123 39.4319848929740289
-67.4967496749675036 36.1594278379050138
-67.4767476747674664 26.8437225179234424
-67.4567456745674576 13.5388339913080280
-67.4367436743674347 7.0709109656306914
-67.4167416741674117 16.0414507150919903
-67.3967396739674030 19.9707391382896375
-67.3767376737673658 3.1651367239283630
-67.3567356735673570 59.9381172510569513
-67.3367336733673341 32.8086636208770273
-67.3167316731673111 20.8267282818719153
-67.2967296729673023 -26.3008025185207401
-67.2767276727672652 2.7675095627492610
-67.2567256725672564 62.8134110048911651
-67.2367236723672335 5.8119178243235261
-67.2167216721672105 19.1684752365134017
-67.1967196719672017 18.6413248569058112
-67.1767176717671646 32.0889478595872006
-67.1567156715671558 15.1876559061971470
-67.1367136713671329 21.2743516359590394
-67.1167116711671099 25.4552954140960352
-67.0967096709671011 16.5597523206306825
-67.0767076707670782 0.2807691689738938
-67.0567056705670552 8.6803711211494115
-67.0367036703670323 25.9284120528964444
-67.0167016701670093 4.0016227317775588
-66.9966996699670005 32.2944562855924744
-66.9766976697669776 51.6046336124158529
-66.9566956695669546 55.9316344533625340
-66.9366936693669317 28.2646043020419384
-66.9166916691669087 36.9908516171708897
-66.8966896689668999 13.1900166743103853
-66.8766876687668770 26.8283591757647564
-66.8566856685668540 16.6124963052816241
-66.8366836683668453 15.6301596110468495
-66.8166816681668081 10.0917684929184013
-66.7966796679667993 52.7043730203226772
-66.7766776677667764 23.2897104598637092
-66.7566756675667534 29.4529312915584001
-66.7366736673667447 28.8250866061418485
-66.7166716671667075 -0.1242369476527863
-66.6966696669666987 9.8071137202310510
-66.6766676667666758 9.0852156779508970
-66.6566656665666528 45.9584063428384297
-66.6366636663666441 49.9026313785642941
-66.6166616661666069 36.1172702779450532
-66.5966596659665981 57.8330923520593529
-66.5766576657665752 18.0340630155203776
-66.5566556655665522 12.1648146837791433
-66.5366536653665435 37.0696522639516886
-66.5166516651665063 23.1204614106902966
-66.4966496649664975 39.5740181759670691
-66.4766476647664746 -0.5015601795096707
-66.4566456645664516 37.1665680029704504
-66.4366436643664429 11.6883608841396303
-66.4166416641664057 55.6252678691643823
-66.3966396639663969 28.9025333425108570
-66.3766376637663740 24.1151350676352827
-66.3566356635663510 20.6568404231111735
-66.3366336633663423 17.3858442895153011
-66.3166316631663051 28.2965514685000912
-66.2966296629662963 51.5053773380585369
-66.2766276627662734 35.7956666774965768
-66.2566256625662504 46.5424192911825116
-66.2366236623662417 17.7509474873704072
-66.2166216621662045 11.3093761285431373
-66.1966196619661957 58.6384016851149497
-66.1766176617661728 8.0633615914871974
-66.1566156615661498 16.3524301598154516
-66.1366136613661411 15.5717146134766331
-66.1166116611661181 3.7816792868488029
-66.0966096609660951 -10.1399689188605286
-66.0766076607660722 5.6830721277237721
-66.0566056605660492 36.2582047219561190
-66.0366036603660405 31.8033626816428132
-66.0166016601660175 1.1538744352622921
-65.9965996599659945 31.5615278369981382
-65.9765976597659716 22.0748514520108081
-65.9565956595659486 50.3874134993286589
-65.9365936593659399 -3.6922331631738921
-65.9165916591659169 19.9832412984693022
-65.8965896589658939 9.2397329605783547
-65.8765876587658852 32.2557684653719221
-65.8565856585658480 -11.0633062283170922
-65.8365836583658393 -4.3792396851941895
-65.8165816581658163 3.8370032967057277
-65.7965796579657933 16.9806184110961134
-65.7765776577657846 4.6473971700020442
-65.7565756575657474 8.3429196474534724
-65.7365736573657387 4.4234515947249378
-65.7165716571657157 -11.6421901362314060
-65.6965696569656927 38.8406472607322968
-65.6765676567656840 19.9603888957098903
-65.6565656565656468 49.1406296124964115
-65.6365636563656381 14.4884061627223009
-65.6165616561656151 33.2012178353362017
-65.5965596559655921 11.4418568123823547
-65.5765576557655834 4.7346478904696561
-65.5565556555655462 42.6883258198585693
-65.5365536553655375 21.4190531181551584
-65.5165516551655145 24.4164647305563101
-65.4965496549654915 32.4400058440817745
-65.4765476547654828 2.8507123784832551
-65.4565456545654456 9.1803171548665716
-65.4365436543654369 20.0169793258239075
-65.4165416541654139 9.9782029136619510
-65.3965396539653909 44.7841481584307388
-65.3765376537653822 23.7054610846309224
-65.3565356535653450 11.5382054143213022
-65.3365336533653362 51.1181969448087727
-65.3165316531653133 41.8367392478256335
-65.2965296529652903 -12.0074558555921733
-65.2765276527652816 43.9566262130443022
-65.2565256525652444 49.7714695422749926
-65.2365236523652356 4.3268685513813132
-65.2165216521652127 0.1871358971640937
-65.1965196519651897 30.3746947851713252
-65.1765176517651810 15.7505782050961951
-65.1565156515651580 22.5884708937397320
-65.1365136513651350 -5.4513797036780964
-65.1165116511651121 14.8746394131162063
-65.0965096509650891 34.8560189171442687
-65.0765076507650804 9.8182092675110439
-65.0565056505650574 41.9134318505844732
-65.0365036503650344 48.4607780794229086
-65.0165016501650115 19.0261880423443195
-64.9964996499649885 42.1642996688489049
-64.9764976497649798 46.9502894561333051
-64.9564956495649568 28.9230714706976038
-64.9364936493649338 -5.3679848133068653
-64.9164916491649251 24.3354974119250933
-64.8964896489648879 38.5999840731884092
-64.8764876487648792 49.7853353890067822
-64.8564856485648562 18.2094493257127183
-64.8364836483648332 38.6004736139763480
-64.8164816481648245 -16.5819744709493335
-64.7964796479647873 37.8791163783091775
-64.7764776477647786 51.7236572418815967
-64.7564756475647556 14.2775520321523697
-64.7364736473647326 46.3541332801702382
-64.7164716471647239 -3.1321738499092326
-64.6964696469646867 36.5820137994271448
-64.6764676467646780 50.1798804926214643
-64.6564656465646550 -8.1722954174183009
-64.6364636463646320 3.8950046361959867
-64.6164616461646233 2.6957864820271062
-64.5964596459645861 20.1232962720822783
-64.5764576457645774 4.7162598899212593
-64.5564556455645544 44.9083085502857458
-64.5364536453645314 -18.2289896703169099
-64.5164516451645227 -15.2622097928821674
-64.4964496449644855 -7.9811654025220129
-64.4764476447644768 16.9548833765882563
-64.4564456445644538 12.5174157231280070
-64.4364436443644308 16.6287667133699557
-64.4164416441644221 7.4627223411801147
-64.3964396439643849 23.4526474108051204
-64.3764376437643762 18.2180996702737268
-64.3564356435643532 25.6148280259960757
-64.3364336433643302 16.2977457827998045
-64.3164316431643215 34.5692768334087503
-64.2964296429642843 5.6630874976447512
-64.2764276427642756 21.2851770660330928
-64.2564256425642526 35.0294902720349910
-64.2364236423642296 8.4628793529419717
-64.2164216421642209 11.2711394773911309
-64.1964196419641979 26.2290641498412498
-64.1764176417641750 7.6567197721208302
-64.1564156415641520 47.1400041156973444
-64.1364136413641290 31.9261977539516657
-64.1164116411641203 12.7996597147130000
-64.0964096409640973 23.5196586811583366
-64.0764076407640744 10.8388848498859964
-64.0564056405640514 44.8033216059895949
-64.0364036403640284 -12.5233347418881387
-64.0164016401640197 20.0794281126884329
-63.9963996399639967 37.5775199722901050
-63.9763976397639738 22.3758883515460667
-63.9563956395639579 34.2282075055412491
-63.9363936393639349 -19.6366880187964838
-63.9163916391639120 -0.0924112150127137
-63.8963896389638961 31.6539975231364643
-63.8763876387638732 11.8110106125981940
-63.8563856385638573 25.4183577703461197
-63.8363836383638343 17.6217104757211587
-63.8163816381638114 27.1690539013120294
-63.7963796379637955 29.4438489448158336
-63.7763776377637726 39.2965896833736110
-63.7563756375637567 8.4241117219345796
-63.7363736373637337 50.4912446275729963
-63.7163716371637179 19.8971256146278535
-63.6963696369636949 -2.3260028821269074
-63.6763676367636720 -4.1627987710349608
-63.6563656365636561 -22.5610344246611909
-63.6363636363636331 18.3550052684561926
-63.6163616361636173 16.0642551160955698
-63.5963596359635943 26.8085697235738074
-63.5763576357635714 37.2251061606641258
-63.5563556355635555 0.4437615468724321
-63.5363536353635325 6.0344750637918132
-63.5163516351635167 32.7369589188079715
-63.4963496349634937 -1.4967521759316220
-63.4763476347634779 -20.7549106517085278
-63.4563456345634549 11.1225106327292611
-63.4363436343634319 13.2771146469017296
-63.4163416341634161 -7.7089584974092666
-63.3963396339633931 17.0629499660992892
-63.3763376337633773 23.3887019141089496
-63.3563356335633543 -17.8546090431235385
-63.3363336333633313 33.1622736284061546
-63.3163316331633155 36.3040714856901729
-63.2963296329632925 3.9534242156245405
-63.2763276327632767 16.1640819554245603
-63.2563256325632537 10.0355239625661170
-63.2363236323632378 24.3603218121826472
-63.2163216321632149 -5.8371385965112346
-63.1963196319631919 30.8567447173264604
-63.1763176317631761 29.7349594266118586
-63.1563156315631531 36.3505924006161294
-63.1363136313631372 5.8145846622447763
-63.1163116311631143 13.4609411484999235
-63.0963096309630913 29.3745496035365363
-63.0763076307630755 -3.2755753159258862
-63.0563056305630525 25.5009997143980094
-63.0363036303630366 49.7554448081482121
-63.0163016301630137 27.6739249373867509
-62.9962996299629978 27.6845246666597404
-62.9762976297629749 10.0820907564579336
-62.9562956295629519 2.8814917341448645
-62.9362936293629360 16.5561124035313583
-62.9162916291629131 8.6946466724650406
-62.8962896289628972 -19.8465190173156998
-62.8762876287628742 -0.2641509072155870
-62.8562856285628513 33.2043576999202372
-62.8362836283628354 -10.3692333305748345
-62.8162816281628125 9.4391087756551695
-62.7962796279627966 14.2719461285062685
-62.7762776277627736 4.8543913109077099
-62.7562756275627578 12.6967364736382216
-62.7362736273627348 23.2604249668389471
-62.7162716271627119 13.0232298420045858
-62.6962696269626960 -5.9514646737589345
-62.6762676267626730 -20.4161240636615773
-62.6562656265626572 -9.6035260795206376
-62.6362636263626342 29.7691718463845874
-62.6162616261626113 -7.8092653257001192
-62.5962596259625954 -0.8260674300510278
-62.5762576257625724 24.1372418020199433
-62.5562556255625566 4.1857655515485703
-62.5362536253625336 1.0899706926154380
-62.5162516251625178 -12.1117466039066528
-62.4962496249624948 -11.8594080254748953
-62.4762476247624718 48.3499967132143098
-62.4562456245624560 15.9366465139322813
-62.4362436243624330 7.0527773438153094
-62.4162416241624172 49.9769865277855558
-62.3962396239623942 10.7154156636562838
-62.3762376237623712 -6.8269644251602983
-62.3562356235623554 52.8560892588799121
-62.3362336233623324 1.7117091617149605
-62.3162316231623166 43.2767195607145254
-62.2962296229622936 40.5413406694532696
-62.2762276227622777 43.7490875485801638
-62.2562256225622548 -26.7718539233768738
-62.2362236223622318 29.4818967438796804
-62.2162216221622160 -7.9360280142247035
-62.1962196219621930 -1.8969244442786639
-62.1762176217621771 17.5816344449902751
-62.1562156215621542 -1.6429260704956921
-62.1362136213621312 16.4315306905276657
-62.1162116211621154 29.2509607021976592
-62.0962096209620924 42.8213121283969400
-62.0762076207620765 38.8510398764610869
-62.0562056205620536 14.4548065950960094
-62.0362036203620377 9.9132176255721998
-62.0162016201620148 22.4208714071417248
-61.9961996199619918 16.8569091988139412
-61.9761976197619759 22.3279727642467769
-61.9561956195619530 14.6280583434743487
-61.9361936193619371 -8.9854365908190097
-61.9161916191619142 43.7858670390616780
-61.8961896189618912 12.6464194690398610
-61.8761876187618753 4.2344460320347705
-61.8561856185618524 -11.0571949337097095
-61.8361836183618365 -3.9858177538021309
-61.8161816181618136 -1.1188432326965412
-61.7961796179617977 18.9357912836961013
-61.7761776177617747 0.9431836879620725
-61.7561756175617518 29.2480101256490244
-61.7361736173617359 21.0771983528308979
-61.7161716171617130 -18.3685067809143838
-61.6961696169616971 -13.6795258441302892
-61.6761676167616741 -12.2793738400744719
-61.6561656165616512 24.6945887642035515
-61.6361636163616353 -0.3535884076477149
-61.6161616161616124 10.5657483720113046
-61.5961596159615965 25.1787708284385161
-61.5761576157615735 -0.2712565600025503
-61.5561556155615577 44.0600311966968619
-61.5361536153615347 -3.6111135366879985
-61.5161516151615118 -1.4503590522006000
-61.4961496149614959 18.0753820832895400
-61.4761476147614729 -15.8259589884841674
-61.4561456145614571 12.1697531962900527
-61.4361436143614341 -20.5406913345817941
-61.4161416141614112 27.1921568600742063
-61.3961396139613953 30.0649669412167420
-61.3761376137613723 20.4489726655710911
-61.3561356135613565 23.1218287755625340
-61.3361336133613335 13.2246535248221324
-61.3161316131613177 28.5305966761371010
-61.2961296129612947 22.6507699559446110
-61.2761276127612717 1.9306003064505468
-61.2561256125612559 -7.9080328919239182
-61.2361236123612329 2.6289945006780044
-61.2161216121612171 14.5086188860076462
-61.1961196119611941 12.7785616592488545
-61.1761176117611711 -16.1373032791133610
-61.1561156115611553 2.6309498268625768
-61.1361136113611323 -3.1897263777314269
-61.1161116111611165 39.2600411934570133
-61.0961096109610935 27.8175788554605248
-61.0761076107610776 -19.5889565359603317
-61.0561056105610547 31.5173726032507275
-61.0361036103610317 19.0358985130797826
-61.0161016101610159 11.4932626504385915
-60.9960996099609929 7.9109035066147237
-60.9760976097609770 19.1274583571403909
-60.9560956095609541 43.1815747386680968
-60.9360936093609311 -7.5183866715071677
-60.9160916091609153 7.2221843345373840
-60.8960896089608923 8.7091540440302957
-60.8760876087608764 18.6004431485496973
-60.8560856085608535 -2.3105716348966121
-60.8360836083608376 36.1932812559965100
-60.8160816081608147 -1.0324234998639792
-60.7960796079607917 4.0542263764337605
-60.7760776077607758 -13.6717163027394442
-60.7560756075607529 -31.0540251013369542
-60.7360736073607370 -11.0430575696246080
-60.7160716071607141 -6.3905708996370354
-60.6960696069606911 -13.8550844165739235
-60.6760676067606752 13.6065587992398669
-60.6560656065606523 -0.1665469587576256
-60.6360636063606364 9.1793909135057365
-60.6160616061606135 16.3297863201693474
-60.5960596059605976 11.8548785185875474
-60.5760576057605746 -7.5462414327788876
-60.5560556055605517 30.6657786552712608
-60.5360536053605358 0.5478158119621970
-60.5160516051605128 14.1574332700521772
-60.4960496049604970 19.3644387206898934
-60.4760476047604740 41.7895111939498634
-60.4560456045604511 -8.5952241122467754
-60.4360436043604352 -3.2849617897953562
-60.4160416041604122 -23.3171382810961418
-60.3960396039603964 34.0583544067823496
-60.3760376037603734 -4.7737636303741846
-60.3560356035603576 -4.2449917195643545
-60.3360336033603346 -8.8166242718205048
-60.3160316031603116 -11.3384774304247919
-60.2960296029602958 -35.6962664395679496
-60.2760276027602728 -0.8943312119554516
-60.2560256025602570 15.8966221425128698
-60.2360236023602340 -3.9821434641609965
-60.2160216021602110 24.3467249841305602
-60.1960196019601952 37.5484349093645164
-60.1760176017601722 33.0683047436581603
-60.1560156015601564 16.5768410051951278
-60.1360136013601334 -2.2744294110346654
-60.1160116011601176 19.6304217744675213
-60.0960096009600946 -18.2647550553174796
-60.0760076007600716 -21.6176969955947165
-60.0560056005600558 38.7374409977352130
-60.0360036003600328 44.4232166131784751
-60.0160016001600169 2.7268574246511599
-59.9959995999599940 -7.6959493863148403
-59.9759975997599710 21.5934415788667948
-59.9559955995599552 -11.2354507305816522
-59.9359935993599322 19.9300138214887426
-59.9159915991599163 -11.3390243168934699
-59.8959895989598934 -16.4546938503070201
-59.8759875987598775 -15.5641725964801090
-59.8559855985598546 -11.4128012723423584
-59.8359835983598316 8.2425181739636670
-59.8159815981598157 3.5949763594094724
-59.7959795979597928 10.3262130993177479
-59.7759775977597769 15.5220469276365449
-59.7559755975597540 14.1414079194675484
-59.7359735973597310 -7.9822183972274834
-59.7159715971597151 -21.4543412502656921
-59.6959695969596922 37.1321582024188217
-59.6759675967596763 11.7147324625589668
-59.6559655965596534 -8.4953784773744889
-59.6359635963596375 18.5812402285818266
-59.6159615961596145 -9.2723814960140984
-59.5959595959595916 -3.4061027284153940
-59.5759575957595757 -37.5887682058115402
-59.5559555955595528 17.6575811113632817
-59.5359535953595369 5.9003755067283929
-59.5159515951595139 11.0583220725769440
-59.4959495949594910 5.1536722442129426
-59.4759475947594751 20.3384338802881501
-59.4559455945594522 21.6086831663501862
-59.4359435943594363 9.7107044405342613
-59.4159415941594133 3.0173448287685312
-59.3959395939593975 27.9735100673497250
-59.3759375937593745 37.1261120098569677
-59.3559355935593516 10.6676776930149462
-59.3359335933593357 7.1988480898564973
-59.3159315931593127 21.4751843563337488
-59.2959295929592969 -38.2139540985649688
-59.2759275927592739 -15.7234168885463195
-59.2559255925592510 9.7669896153197762
-59.2359235923592351 -17.8983262234578717
-59.2159215921592121 -15.8595972507131808
-59.1959195919591963 -15.6968347736502292
-59.1759175917591733 5.1684512363002995
-59.1559155915591575 -13.2602037706709783
-59.1359135913591345 -22.3388455404163437
-59.1159115911591115 -9.9990358245388098
-59.0959095909590957 -4.7067342695268062
-59.0759075907590727 14.8487989587805380
-59.0559055905590569 -44.5429286993067350
-59.0359035903590339 -2.5563828396456243
-59.0159015901590109 15.5292036102691942
-58.9958995899589951 -14.2697285775539733
-58.9758975897589721 -8.8221405515762576
-58.9558955895589563 -2.1064463109313487
-58.9358935893589333 -29.8942814676351318
-58.9158915891589103 3.9634060121064283
-58.8958895889588945 -39.2182018905631153
-58.8758875887588715 -4.4107084375457655
-58.8558855885588557 3.0377420488267335
-58.8358835883588327 -33.3217442675602200
-58.8158815881588168 38.2416935914367073
-58.7958795879587939 -8.1654230270632286
-58.7758775877587709 -7.4585120962075369
-58.7558755875587551 12.6478597812902240
-58.7358735873587321 -1.0524122916471972
-58.7158715871587162 9.8270059017428881
-58.6958695869586933 -22.6525179172932809
-58.6758675867586703 6.6693667105326977
-58.6558655865586545 3.5900009489241334
-58.6358635863586315 14.8628319050718005
-58.6158615861586156 -14.6837131419246845
-58.5958595859585927 -21.2845190440977348
-58.5758575857585768 -11.1978092916683103
-58.5558555855585539 13.2624486553840519
-58.5358535853585309 -4.2628743343230528
-58.5158515851585150 -10.6990458490850227
-58.4958495849584921 -16.8044805428869957
-58.4758475847584762 -9.8850116546399711
-58.4558455845584533 -6.1494353044100212
-58.4358435843584303 9.8472764756509612
-58.4158415841584144 33.2358059886279804
-58.3958395839583915 4.4816136826159561
-58.3758375837583756 -9.7365380464737097
-58.3558355835583527 -25.4729562872136199
-58.3358335833583368 26.1546577302212313
-58.3158315831583138 3.3229745558294588
-58.2958295829582909 -3.6320621719089834
-58.2758275827582750 2.1250971509802414
-58.2558255825582521 3.2221975074242164
-58.2358235823582362 0.4496389913209242
-58.2158215821582132 -10.7632299829044129
-58.1958195819581903 -12.0722640735793352
-58.1758175817581744 -10.6001731124217535
-58.1558155815581515 5.0930716665440690
-58.1358135813581356 -17.9557939972518454
-58.1158115811581126 7.6837226813709023
-58.0958095809580968 -17.3795245052325349
-58.0758075807580738 10.7893854097986317
-58.0558055805580508 -15.4612869800059620
-58.0358035803580350 19.1429427101045420
-58.0158015801580120 -19.1062118606975595
-57.9957995799579962 2.4771244911532664
-57.9757975797579732 17.2057369361029870
-57.9557955795579502 -12.7010193739581929
-57.9357935793579344 -32.0139665162147367
-57.9157915791579114 -8.3059369097452862
-57.8957895789578956 4.2501106082790221
-57.8757875787578726 16.5646330298037405
-57.8557855785578568 -22.2605167216821087
-57.8357835783578338 -12.7120770221111936
-57.8157815781578108 -2.6519510946154501
-57.7957795779577950 -11.0598020872814029
-57.7757775777577720 11.7754595894650365
-57.7557755775577562 -0.2880803872099538
-57.7357735773577332 -28.6338254015225537
-57.7157715771577102 -20.1687514992735046
-57.6957695769576944 17.8647201862343366
-57.6757675767576714 37.4286169551610897
-57.6557655765576555 -9.9174111886932348
-57.6357635763576326 -34.1885699441612445
-57.6157615761576167 12.0326692361154848
-57.5957595759575938 -10.5578020021460013
-57.5757575757575708 -10.5760633232844192
-57.5557555755575549 18.1466932130972438
-57.5357535753575320 -11.6626877195894778
-57.5157515751575161 5.4686299581302853
-57.4957495749574932 -15.6252897777150679
-57.4757475747574702 5.3465520710205201
-57.4557455745574543 18.4953254424571263
-57.4357435743574314 0.3775758981255404
-57.4157415741574155 7.3399342556182479
-57.3957395739573926 -11.1133955651625662
-57.3757375737573767 7.7143400038290357
-57.3557355735573537 15.8239407550379987
-57.3357335733573308 -30.5440523227112664
-57.3157315731573149 -32.1359282270446442
-57.2957295729572920 -23.2751411147555309
-57.2757275727572761 -17.1523895245319160
-57.2557255725572531 -12.7278727519401791
-57.2357235723572302 -47.3988683536422926
-57.2157215721572143 -7.8308284791843210
-57.1957195719571914 22.6382593392542759
-57.1757175717571755 -5.2732221278739058
-57.1557155715571525 -3.2488710643656207
-57.1357135713571367 -41.2103989206664778
-57.1157115711571137 2.4207865939352207
-57.0957095709570908 -2.8576582581320515
-57.0757075707570749 8.4875238202830019
-57.0557055705570519 -2.1795960174089481
-57.0357035703570361 -19.5938777881008619
-57.0157015701570131 14.6772652385411106
-56.9956995699569902 5.2007761507727182
-56.9756975697569743 -8.3310626577564637
-56.9556955695569513 6.8172095216759150
-56.9356935693569355 -25.0754254111831401
-56.9156915691569125 2.0991090347266805
-56.8956895689568967 -0.3544061795743421
-56.8756875687568737 -27.8073690412792764
-56.8556855685568507 1.9754403869977413
-56.8356835683568349 0.8155119145617604
-56.8156815681568119 -16.4678731323672665
-56.7956795679567961 8.6689780124236115
-56.7756775677567731 -28.2347717134060510
-56.7556755675567501 3.8743117028011085
-56.7356735673567343 -38.9043830504517416
-56.7156715671567113 -13.0347978335535668
-56.6956695669566955 21.0117352820476313
-56.6756675667566725 -17.0573609574545451
-56.6556655665566566 10.9801497001582682
-56.6356635663566337 -28.1418043321712972
-56.6156615661566107 -5.7604323868943803
-56.5956595659565949 -12.6403545514369675
-56.5756575657565719 5.8349405484055961
-56.5556555655565560 33.8117884572543232
-56.5356535653565331 -19.4210187172330961
-56.5156515651565101 -49.3657989033916564
-56.4956495649564943 -6.1322068568411625
-56.4756475647564713 21.7696738504897809
-56.4556455645564554 -19.8753653499038272
-56.4356435643564325 -18.6905647853403387
-56.4156415641564166 -16.4287081779339985
-56.3956395639563937 0.0926280671318533
-56.3756375637563707 -31.2525390263912541
-56.3556355635563548 -43.8185890110906158
-56.3356335633563319 -3.3178263698909731
-56.3156315631563160 -40.3902954231375446
-56.2956295629562931 -24.6543603982510646
-56.2756275627562701 29.3999036606089348
-56.2556255625562542 0.1528600598516121
-56.2356235623562313 -54.9492411641000160
-56.2156215621562154 -22.4072590407668635
-56.1956195619561925 -1.0231521139866153
-56.1756175617561766 14.6184521945177224
-56.1556155615561536 -19.7746876627224637
-56.1356135613561307 10.0422790430560482
-56.1156115611561148 -37.1067177376486015
-56.0956095609560919 -28.7104521639374539
-56.0756075607560760 -1.7117150113146256
-56.0556055605560530 -2.7165546556787721
-56.0356035603560301 -8.8810869718981102
-56.0156015601560142 12.0216003570026135
-55.9955995599559913 -13.0073876970749591
-55.9755975597559754 -34.0389399195601001
-55.9555955595559524 -9.1995367525287364
-55.9355935593559366 -10.5415119655230995
-55.9155915591559136 -20.9818638444378252
-55.8955895589558907 -14.4079475585759766
-55.8755875587558748 -3.0198224992962803
-55.8555855585558518 -8.0665904943673326
-55.8355835583558360 -22.4592925226554030
-55.8155815581558130 -29.0867987149508558
-55.7955795579557901 -10.3513192814677524
-55.7755775577557742 -41.2963996970894200
-55.7555755575557512 -35.7058478402130177
-55.7355735573557354 -43.0712053606071308
-55.7155715571557124 -28.4050970503469600
-55.6955695569556966 -28.8015431814833249
-55.6755675567556736 -9.1496577398433594
-55.6555655565556506 -26.3864034128794742
-55.6355635563556348 -8.5241251681965196
-55.6155615561556118 -10.1403769387380933
-55.5955595559555960 -9.5553837887954813
-55.5755575557555730 -29.5155394011184384
-55.5555555555555500 -17.1432702052063846
-55.5355535553555342 6.1260793638096942
-55.5155515551555112 -9.4105343364202074
-55.4955495549554954 -47.6254397848373969
-55.4755475547554724 -12.9391215117102050
-55.4555455545554565 6.2313929794463085
-55.4355435543554336 -12.2754296813612438
-55.4155415541554106 -13.1248731821595701
-55.3955395539553948 -5.3648706322656228
-55.3755375537553718 -35.6373035146047954
-55.3555355535553559 -19.4866949223950385
-55.3355335533553330 -44.1416165116708612
-55.3155315531553100 -1.6998997706548700
-55.2955295529552942 -4.9673077530014300
-55.2755275527552712 0.4282847877994911
-55.2555255525552553 -41.1972574210289437
-55.2355235523552324 -13.9154009294675234
-55.2155215521552165 -6.1817725975609967
-55.1955195519551935 -33.7167666739956360
-55.1755175517551706 -33.6534745265234392
-55.1555155515551547 5.5335309531854655
-55.1355135513551318 -42.3385657881836721
-55.1155115511551159 -55.6106034498126007
-55.0955095509550929 -0.3699179392024163
-55.0755075507550700 -10.9482284755911632
-55.0555055505550541 -55.5371101919323991
-55.0355035503550312 -34.3910935837213998
-55.0155015501550153 -27.1898329186567480
-54.9954995499549923 -14.9452376841016914
-54.9754975497549765 -15.4167560764819189
-54.9554955495549535 -32.1695302203731472
-54.9354935493549306 22.7791422815038764
-54.9154915491549147 -5.8234020754646032
-54.8954895489548917 -0.6542418931815348
-54.8754875487548759 0.1295080384118990
-54.8554855485548529 -0.4807434177029037
-54.8354835483548300 -35.4552430855551464
-54.8154815481548141 -31.2120324791852042
-54.7954795479547911 -35.9723457688501327
-54.7754775477547753 -9.1905600680349124
-54.7554755475547523 -28.4873006537957565
-54.7354735473547365 -15.5375664338963819
-54.7154715471547135 -27.3732080573861012
-54.6954695469546905 -9.6306156638605724
-54.6754675467546747 -4.9694119310289331
-54.6554655465546517 -31.6401400138898197
-54.6354635463546359 -40.0309368722147525
-54.6154615461546129 -38.9562521277728351
-54.5954595459545899 -23.6093004525824384
-54.5754575457545741 -44.6750402247445635
-54.5554555455545511 -22.3745003241096647
-54.5354535453545353 -9.2504962382418494
-54.5154515451545123 -38.4779755925915126
-54.4954495449544964 -9.2586741731754625
-54.4754475447544735 -6.8983592895418600
-54.4554455445544505 10.0055478499982868
-54.4354435443544347 17.8140509059027501
-54.4154415441544117 -16.8575981616720014
-54.3954395439543958 -28.4354193838130058
-54.3754375437543729 -2.1051165215717802
-54.3554355435543499 -29.4432155083271851
-54.3354335433543341 -11.6867223262598419
-54.3154315431543111 -21.3820407357080029
-54.2954295429542952 18.0308022793299685
-54.2754275427542723 21.0899499204365704
-54.2554255425542564 -26.2407364184662057
-54.2354235423542335 -60.6557254938779664
-54.2154215421542105 -21.9859536997680109
-54.1954195419541946 -25.4057462541993111
-54.1754175417541717 -23.2710047780919247
-54.1554155415541558 -25.5952865293475291
-54.1354135413541329 7.8663570122834230
-54.1154115411541099 -0.3652430628788608
-54.0954095409540940 -47.9204839773908446
-54.0754075407540711 -35.2730856846195380
-54.0554055405540552 -56.3577905885364245
-54.0354035403540323 -41.6892477947276348
-54.0154015401540164 -44.0055876147827689
-53.9953995399539934 -27.4020931465933337
-53.9753975397539705 -36.5402106603276877
-53.9553955395539546 -67.3483340395863479
-53.9353935393539317 -44.1203543296472134
-53.9153915391539158 -6.2693854649815925
-53.8953895389538928 -21.1923381265395925
-53.8753875387538699 -42.6367432916483793
-53.8553855385538540 -20.8513280024722860
-53.8353835383538311 -51.0489518541447751
-53.8153815381538152 -43.5812464274829807
-53.7953795379537922 -46.8564364145458327
-53.7753775377537764 -9.9015174453588326
-53.7553755375537534 -31.1198340125116992
-53.7353735373537305 -37.4935524084601610
-53.7153715371537146 -36.0448660538721910
-53.6953695369536916 1.5978079338487632
-53.6753675367536758 -37.3039742443400044
-53.6553655365536528 -21.3144789738909104
-53.6353635363536299 -12.2933806730146369
-53.6153615361536140 -47.6405646035335977
-53.5953595359535910 -17.1120869166409513
-53.5753575357535752 -27.9651523528081860
-53.5553555355535522 -28.8982273948303146
-53.5353535353535364 -13.5971197886102857
-53.5153515351535134 -58.4228058677340485
-53.4953495349534904 -18.6162103352607282
-53.4753475347534746 -11.1315829482152768
-53.4553455345534516 -3.3901844757518873
-53.4353435343534358 -34.0154889426389957
-53.4153415341534128 -26.2304768667403181
-53.3953395339533898 -60.6646772240216805
-53.3753375337533740 -39.9465658866555700
-53.3553355335533510 12.1729283916511655
-53.3353335333533352 9.7879027389040765
-53.3153315331533122 6.7813015846035753
-53.2953295329532963 -61.1479299742198847
-53.2753275327532734 -27.0453869329471459
-53.2553255325532504 -46.3320435230999266
-53.2353235323532346 7.5939239620282493
-53.2153215321532116 -54.2319286769794786
-53.1953195319531957 -19.0054235807860543
-53.1753175317531728 -29.2853212044100353
-53.1553155315531498 -52.9604345068125895
-53.1353135313531340 -29.9969926524814099
-53.1153115311531110 9.0564556064449029
-53.0953095309530951 -24.5292339965978528
-53.0753075307530722 -25.2609080118795930
-53.0553055305530563 -30.2726017561155771
-53.0353035303530334 9.1495630792164491
-53.0153015301530104 -40.2717573597135470
-52.9952995299529945 -47.9439511917839525
-52.9752975297529716 -64.1477036094532878
-52.9552955295529557 -31.1347644689155310
-52.9352935293529328 -4.5731430569243336
-52.9152915291529098 -25.5615539549882058
-52.8952895289528939 -46.3729637478031265
-52.8752875287528710 -34.8585435933013983
-52.8552855285528551 -3.4397949722417138
-52.8352835283528321 6.5493735710058765
-52.8152815281528163 -28.9804868299429756
-52.7952795279527933 2.7408982626723990
-52.7752775277527704 -5.3376021070112607
-52.7552755275527545 -47.6491553646109338
-52.7352735273527315 -38.3341767628116088
-52.7152715271527157 -41.3165388261778901
-52.6952695269526927 -40.4244305184420654
-52.6752675267526698 -45.9181308201401777
-52.6552655265526539 -64.7231133061128503
-52.6352635263526309 -26.5746524039338077
-52.6152615261526151 -3.5036306177770662
-52.5952595259525921 -34.4293247644781957
-52.5752575257525763 -10.4596775459023306
-52.5552555255525533 -10.3434828901201747
-52.5352535253525303 -51.3735612464790492
-52.5152515251525145 -53.3772673241194866
-52.4952495249524915 -16.3209016458330112
-52.4752475247524757 -6.8723649281332513
-52.4552455245524527 -26.7744660174170797
-52.4352435243524297 -3.0118462024396955
-52.4152415241524139 -18.3663421086854797
-52.3952395239523909 -21.4204371622829655
-52.3752375237523751 -24.6383152965928431
-52.3552355235523521 -43.9491417137721498
-52.3352335233523362 -51.5720867876267732
-52.3152315231523133 -31.0271540598674669
-52.2952295229522903 -56.9345360794737161
-52.2752275227522745 -32.3786450185949946
-52.2552255225522515 -19.2586570087167281
-52.2352235223522356 3.8574442831015290
-52.2152215221522127 -53.9409576693642876
-52.1952195219521897 -51.4703684173044564
-52.1752175217521739 1.8372115781489597
-52.1552155215521509 -21.1555689976414847
-52.1352135213521350 -18.4619959698997462
-52.1152115211521121 -44.7972432802206413
-52.0952095209520962 -24.9030111357798347
-52.0752075207520733 -31.7740909917830763
-52.0552055205520503 -28.8928984442113403
-52.0352035203520344 -70.3086210915355849
-52.0152015201520115 -9.5523296421200214
-51.9951995199519956 -22.8979451961936675
-51.9751975197519727 -2.9776300664850233
-51.9551955195519497 -4.8276505745272758
-51.9351935193519338 -13.6761257592359975
-51.9151915191519109 -71.6735618070824501
-51.8951895189518950 -30.6249276890436413
-51.8751875187518721 -4.6495984457400965
-51.8551855185518562 -39.9601071689440488
-51.8351835183518332 -21.6616815448395172
-51.8151815181518103 -53.3347080749840003
-51.7951795179517944 -51.0849554024970445
-51.7751775177517715 -57.8440924332981581
-51.7551755175517556 -34.3488030272898541
-51.7351735173517326 -41.7685863197142169
-51.7151715171517097 -36.1953191801465479
-51.6951695169516938 -36.0537635942362868
-51.6751675167516709 -45.8084639688144151
-51.6551655165516550 -67.3340477609795443
-51.6351635163516320 -44.3202975233085539
-51.6151615161516162 -21.0816699470136513
-51.5951595159515932 -15.5544526610097513
-51.5751575157515703 -38.5302290447381637
-51.5551555155515544 -39.2847678745293791
-51.5351535153515314 -45.6650384488255341
-51.5151515151515156 -2.0024468790799546
-51.4951495149514926 -52.9782551862651871
-51.4751475147514697 -47.6349106014680856
-51.4551455145514538 -74.3957086320925782
-51.4351435143514308 14.3858055405392378
-51.4151415141514150 -35.9626399229966509
-51.3951395139513920 -34.1202804798335322
-51.3751375137513762 -58.3130302954974695
-51.3551355135513532 -53.8796658676981153
-51.3351335133513302 -78.9353091378894760
-51.3151315131513144 -38.9589591949890988
-51.2951295129512914 -5.1992577091221825
-51.2751275127512756 -27.0139888205584100
-51.2551255125512526 -26.5576478017278887
-51.2351235123512296 -60.0499317715279162
-51.2151215121512138 -24.9243656238480504
-51.1951195119511908 -27.2874826228956096
-51.1751175117511750 -34.7745800010420112
-51.1551155115511520 -50.6711775424700051
-51.1351135113511361 -38.7979940784917048
-51.1151115111511132 -43.0719471219093748
-51.0951095109510902 -48.3605267292585239
-51.0751075107510744 -38.8413270394079007
-51.0551055105510514 -39.9822752505710213
-51.0351035103510355 -38.8548741511984090
-51.0151015101510126 -62.1590085435953554
-50.9950995099509896 -44.4597899365782183
-50.9750975097509738 -19.6569189528394261
-50.9550955095509508 -62.0160280701789119
-50.9350935093509349 -12.7397669478464408
-50.9150915091509120 -79.3583839842918906
-50.8950895089508961 -33.7785610587145158
-50.8750875087508732 -77.3531562962311625
-50.8550855085508502 -25.3315399239891654
-50.8350835083508343 -28.7594071410104775
-50.8150815081508114 -31.6440912341328868
-50.7950795079507955 -13.0571269991652024
-50.7750775077507726 -77.4481506123024985
-50.7550755075507496 -15.5024796125682585
-50.7350735073507337 -58.9327007663429683
-50.7150715071507108 -47.5373980994980769
-50.6950695069506949 -12.9645374900782819
-50.6750675067506720 -54.7413412152572931
-50.6550655065506561 -19.6468557650804776
-50.6350635063506331 -21.1023338408547794
-50.6150615061506102 -26.6826989673589665
-50.5950595059505943 -32.8555812341892519
-50.5750575057505714 -28.5595777200549463
-50.5550555055505555 -27.4404375812596797
-50.5350535053505325 -40.8558023361020091
-50.5150515051505096 -36.2043252201322332
-50.4950495049504937 -33.3060990660462082
-50.4750475047504708 -36.3266725215647526
-50.4550455045504549 -69.4299071384169508
-50.4350435043504319 -21.8358319783338963
-50.4150415041504161 -49.0771166011099851
-50.3950395039503931 -28.5378885286702548
-50.3750375037503701 -52.2102067745373262
-50.3550355035503543 -60.0708005454345226
-50.3350335033503313 -20.0892624348170976
-50.3150315031503155 -25.1001425561463520
-50.2950295029502925 -28.5721610964543906
-50.2750275027502695 -46.8166399274964391
-50.2550255025502537 -35.2539252684141431
-50.2350235023502307 -33.3282808753588284
-50.2150215021502149 -56.3099544366489795
-50.1950195019501919 -27.9310119033001669
-50.1750175017501761 10.8030133664030856
-50.1550155015501531 -42.2455467649042475
-50.1350135013501301 -62.1401645103660627
-50.1150115011501143 -50.6930482106397235
-50.0950095009500913 -44.7076340827750229
-50.0750075007500755 -53.6072592480273258
-50.0550055005500525 4.4164401967771667
-50.0350035003500295 -66.2603471182263490
-50.0150015001500137 -65.0346064258003054
-49.9949994999499907 -42.3070912465385049
-49.9749974997499748 -64.8108903309411630
-49.9549954995499519 -13.5842655630532256
-49.9349934993499360 -38.7030597558962626
-49.9149914991499131 -51.6981739708163985
-49.8949894989498901 -33.9576753214625668
-49.8749874987498742 -23.9298134364928679
-49.8549854985498513 -24.2147501457717986
-49.8349834983498354 -18.1446904147658685
-49.8149814981498125 -66.5813708257101098
-49.7949794979497895 -54.6189294442794093
-49.7749774977497736 -58.2101323534741937
-49.7549754975497507 -57.7180470564159549
-49.7349734973497348 -51.4318092994040015
-49.7149714971497119 -40.5601212351800271
-49.6949694969496960 -37.6465697062409674
-49.6749674967496730 -47.7350063449561972
-49.6549654965496501 -31.3612955051041951
-49.6349634963496342 -71.9552080390905218
-49.6149614961496113 -54.0900161950979168
-49.5949594959495954 -36.1922161510537634
-49.5749574957495724 -58.3857400660927297
-49.5549554955495495 -69.5248589328110427
-49.5349534953495336 -31.6816999681070968
-49.5149514951495107 -48.2758009830535784
-49.4949494949494948 -66.0842393103808234
-49.4749474947494718 -36.6259065003762032
-49.4549454945494560 -7.0526491838028633
-49.4349434943494330 -33.9650502138192394
-49.4149414941494101 -47.7289633697705469
-49.3949394939493942 -38.6846474117083901
-49.3749374937493712 -25.9087204740910799
-49.3549354935493554 -25.2349970912684540
-49.3349334933493324 -32.3538930914551628
-49.3149314931493095 -54.9853769850313370
-49.2949294929492936 -70.7939143398191106
-49.2749274927492706 -12.0980344867981948
-49.2549254925492548 -28.4014108394284435
-49.2349234923492318 -59.2970961249205999
-49.2149214921492160 -44.9544392637794559
-49.1949194919491930 -46.9085880830289597
-49.1749174917491700 -27.2055682021491236
-49.1549154915491542 -56.1433078257034452
-49.1349134913491312 -48.3079679335167853
-49.1149114911491154 -44.9852208049251345
-49.0949094909490924 -51.8891522198261583
-49.0749074907490694 -28.6068766762133109
-49.0549054905490536 -31.1884385963171766
-49.0349034903490306 -57.1549185385992118
-49.0149014901490148 -25.5604206565783940
-48.9948994899489918 -55.3821778067167614
-48.9748974897489759 -13.0557706373469635
-48.9548954895489530 -61.2350315293483760
-48.9348934893489300 -23.3273317410549410
-48.9148914891489142 -35.2402429644202826
-48.8948894889488912 -25.7568427651621406
-48.8748874887488753 -31.7831202466316789
-48.8548854885488524 -61.0666123274071282
-48.8348834883488294 -43.7084741275794428
-48.8148814881488136 -46.2053511899339782
-48.7948794879487906 -16.1067601804486884
-48.7748774877487747 -49.2397866024364035
-48.7548754875487518 -48.0100449727321532
-48.7348734873487288 -48.1876253500370453
-48.7148714871487130 -36.7288981114028701
-48.6948694869486900 -6.5265657770384493
-48.6748674867486741 -65.6086384232237663
-48.6548654865486512 -43.7212723680685613
-48.6348634863486353 -79.6301453588065584
-48.6148614861486124 -45.3581518905517669
-48.5948594859485894 -8.5699409981876045
-48.5748574857485735 -26.3372503462389069
-48.5548554855485506 -30.3557285601838203
-48.5348534853485347 -48.0571894238992812
-48.5148514851485118 -82.4387117295587899
-48.4948494849484888 -48.1102359213390898
-48.4748474847484729 -35.5657209243906181
-48.4548454845484500 -25.1923483068114287
-48.4348434843484341 -43.9570238056807838
-48.4148414841484112 -37.6864745632214522
-48.3948394839483953 -51.3889377380421664
-48.3748374837483723 -52.6071342159551989
-48.3548354835483494 -53.7955570781081889
-48.3348334833483335 -64.8569129698007032
-48.3148314831483106 -51.1929241596388707
-48.2948294829482947 -56.5821627742941189
-48.2748274827482717 -49.6772165820202929
-48.2548254825482488 12.2660897601912637
-48.2348234823482329 -50.6598856815942824
-48.2148214821482100 -90.3594861820936046
-48.1948194819481941 -28.6109841226656982
-48.1748174817481711 -38.2843148730748197
-48.1548154815481553 -47.8819581328868367
-48.1348134813481323 -33.8617756509840504
-48.1148114811481094 -45.1554817933243484
-48.0948094809480935 -42.9914321148518326
-48.0748074807480705 -64.8729901980094752
-48.0548054805480547 -36.1116676124249025
-48.0348034803480317 -60.5073672244582568
-48.0148014801480087 -39.0648743393559315
-47.9947994799479929 -57.5536362516301949
-47.9747974797479699 -73.7734005641047332
-47.9547954795479541 -31.2511117918339956
-47.9347934793479311 -71.9080903398690054
-47.9147914791479153 -29.7862744527293373
-47.8947894789478923 -100.6820472582399191
-47.8747874787478693 -62.5459722893731254
-47.8547854785478535 -60.1911473330916138
-47.8347834783478305 -44.2522438691087530
-47.8147814781478147 -24.0031086730402698
-47.7947794779477917 -40.5213959501246421
-47.7747774777477687 -53.3729739525638109
-47.7547754775477529 -63.2317244823997484
-47.7347734773477299 -43.1682545586960842
-47.7147714771477141 -86.1411277351410121
-47.6947694769476911 -66.7197001778913830
-47.6747674767476752 -39.0160439180004062
-47.6547654765476523 -33.8520890316455265
-47.6347634763476293 -64.1731732564167459
-47.6147614761476135 -61.6789018499207344
-47.5947594759475905 -23.2763419862981138
-47.5747574757475746 -36.8759601943914390
-47.5547554755475517 -51.8330291006456960
-47.5347534753475287 -49.8305781792650535
-47.5147514751475128 -70.1455218643578178
-47.4947494749474899 -52.5453681166512041
-47.4747474747474740 -45.0346672670884658
-47.4547454745474511 -52.4994804915073772
-47.4347434743474352 -12.9067584672201150
-47.4147414741474122 -46.8770756323379274
-47.3947394739473893 -65.2404905945766842
-47.3747374737473734 -56.3056362268797841
-47.3547354735473505 -57.9067881343489574
-47.3347334733473346 -63.5567291770980063
-47.3147314731473116 -41.3781721070848434
-47.2947294729472887 -24.5273213900060298
-47.2747274727472728 -77.8601449880060557
-47.2547254725472499 -36.1470152741626123
-47.2347234723472340 -31.7824832647744948
-47.2147214721472110 -4.9862058700735119
-47.1947194719471952 -74.8573680095746283
-47.1747174717471722 -55.5031848536134405
-47.1547154715471493 -58.0776750220010882
-47.1347134713471334 -19.6781263819430130
-47.1147114711471104 -58.0853010484021652
-47.0947094709470946 -23.7974314350019611
-47.0747074707470716 -38.9813199786890721
-47.0547054705470487 -46.2621219113325921
-47.0347034703470328 -53.2645370786606591
-47.0147014701470098 -27.0236818421856455
-46.9946994699469940 -89.2405628365744121
-46.9746974697469710 -50.9598343521271957
-46.9546954695469552 -30.1602033204896323
-46.9346934693469322 -65.9912056744417015
-46.9146914691469092 -45.9945182654788169
-46.8946894689468934 -80.9822806235982426
-46.8746874687468704 -70.7163051892724610
-46.8546854685468546 -25.7321044251974449
-46.8346834683468316 -29.5854003953963094
-46.8146814681468086 -38.1984285886322681
-46.7946794679467928 -27.2605494339599339
-46.7746774677467698 -31.2281799835541740
-46.7546754675467540 -105.3019107384719604
-46.7346734673467310 -60.3541984368617577
-46.7146714671467151 -61.3842610778472491
-46.6946694669466922 -61.9126174905007289
-46.6746674667466692 -58.3214688994425003
-46.6546654665466534 -35.6055077672673406
-46.6346634663466304 -21.5141656097832126
-46.6146614661466145 -53.2716639838740562
-46.5946594659465916 -25.3410921337136479
-46.5746574657465686 -50.4053276711658214
-46.5546554655465528 -85.8488558909714357
-46.5346534653465298 -36.7660063739838776
-46.5146514651465139 -60.4928328434479425
-46.4946494649464910 -38.9328788290377830
-46.4746474647464751 -73.0751326431069259
-46.4546454645464522 -65.3974002618049042
-46.4346434643464292 -52.5496024527747352
-46.4146414641464133 -35.7254113395218695
-46.3946394639463904 -54.6157993666855148
-46.3746374637463745 -25.7251216433324998
-46.3546354635463516 -57.2165749131840968
-46.3346334633463286 -82.3248657753869679
-46.3146314631463127 -37.4704865756453103
-46.2946294629462898 -75.9323449797144008
-46.2746274627462739 -42.0654915811634424
-46.2546254625462510 -52.9172812503949928
-46.2346234623462351 -78.6660866469546107
-46.2146214621462121 -70.5185391590901673
-46.1946194619461892 -34.7284180337004145
-46.1746174617461733 -36.1390650924739987
-46.1546154615461504 -51.1740439710953297
-46.1346134613461345 -58.9206168837038149
-46.1146114611461115 -53.1952470585548127
-46.0946094609460886 -47.6262084122592171
-46.0746074607460727 -62.7981215021071435
-46.0546054605460498 -41.8277686337621191
-46.0346034603460339 -22.9418749486620683
-46.0146014601460109 -57.6258348532236155
-45.9945994599459951 -46.1637886589535498
-45.9745974597459721 -20.0667514573393078
-45.9545954595459492 -49.7710514993881219
-45.9345934593459333 -43.8026980908601047
-45.9145914591459103 -45.4299601389623433
-45.8945894589458945 -77.4501680041075957
-45.8745874587458715 -68.5523404738974165
-45.8545854585458486 -40.6044277617830147
-45.8345834583458327 -57.8678970342817252
-45.8145814581458097 -44.4096258807038566
-45.7945794579457939 -80.5141587268046806
-45.7745774577457709 -60.1372506808248062
-45.7545754575457551 -71.6569140725384415
-45.7345734573457321 -34.3965500380868221
-45.7145714571457091 -57.2428214172549659
-45.6945694569456933 -36.7722435230011371
-45.6745674567456703 -48.2947280125786378
-45.6545654565456545 -65.6409595655044029
-45.6345634563456315 -61.7168027395691325
-45.6145614561456085 -42.5846820779623201
-45.5945594559455927 -77.6672806518922130
-45.5745574557455697 -63.5665970026486846
-45.5545554555455539 -86.1784608546243476
-45.5345534553455309 -62.7790889740748241
-45.5145514551455150 -70.9393538487901907
-45.4945494549454921 -61.4790145119851843
-45.4745474547454691 -48.9565288403289571
-45.4545454545454533 -71.6324170824965449
-45.4345434543454303 -70.2777252552323404
-45.4145414541454144 -17.5650321105709324
-45.3945394539453915 -78.3271431517528924
-45.3745374537453685 -64.7875987984072310
-45.3545354535453527 -52.1339915720423903
-45.3345334533453297 -23.7701580923950573
-45.3145314531453138 -82.1037127051662594
-45.2945294529452909 -48.8842486488883310
-45.2745274527452750 -89.5258344092735001
-45.2545254525452521 -81.2492261305661572
-45.2345234523452291 -41.3742079013142714
-45.2145214521452132 -62.9896747390771026
-45.1945194519451903 -42.9851263744573941
-45.1745174517451744 -84.4339984661637430
-45.1545154515451514 -68.3370108672121290
-45.1345134513451285 -66.4116166056178230
-45.1145114511451126 -65.1875766517194819
-45.0945094509450897 -77.3662727408412820
-45.0745074507450738 -33.0873322427270438
-45.0545054505450508 -73.7639830001478742
-45.0345034503450350 -43.1985992641601797
-45.0145014501450120 -51.1096527988428022
-44.9944994499449891 -61.2583328911396165
-44.9744974497449732 -50.2635814368525615
-44.9544954495449502 -40.3306622488933471
-44.9344934493449344 -69.7374266032669539
-44.9144914491449114 -55.7089265922095223
-44.8944894489448885 -48.2725427925501833
-44.8744874487448726 -63.6220848801361072
-44.8544854485448496 -59.4113736068752729
-44.8344834483448338 -20.9348808077920054
-44.8144814481448108 -67.1169614882438879
-44.7944794479447950 -42.3383969447083572
-44.7744774477447720 -73.3770457522101651
-44.7544754475447490 -77.2121089443028836
-44.7344734473447332 -54.0383887851644928
-44.7144714471447102 -53.2915157083953019
-44.6944694469446944 -48.3453940284611079
-44.6744674467446714 -67.3104423662225599
-44.6544654465446484 -34.3487229537104639
-44.6344634463446326 -55.2854147794744151
-44.6144614461446096 -38.7707914833247429
-44.5944594459445938 -43.0757252826039334
-44.5744574457445708 -65.5079121372323669
-44.5544554455445549 -63.4870466647459111
-44.5344534453445320 -65.9133834135079724
-44.5144514451445090 -77.8824458278804457
-44.4944494449444932 -66.1710734099998064
-44.4744474447444702 -32.1743178253739757
-44.4544454445444543 -73.0707957248104663
-44.4344434443444314 -57.1453512731714426
-44.4144414441444084 -46.2772062572598628
-44.3944394439443926 -61.7169290657923213
-44.3744374437443696 -40.5563923705740308
-44.3544354435443537 -78.0438507783027120
-44.3344334433443308 -48.7114459951854002
-44.3144314431443149 -65.3372141206257879
-44.2944294429442920 -70.4211379885227160
-44.2744274427442690 -39.4969745161485690
-44.2544254425442531 -60.1989661735139805
-44.2344234423442302 -36.8122311362076999
-44.2144214421442143 -77.6691431470276541
-44.1944194419441914 -80.9983803826889499
-44.1744174417441684 -60.8994733572757738
-44.1544154415441525 -39.0271438764656295
-44.1344134413441296 -70.0195860402309904
-44.1144114411441137 -55.9883931671728092
-44.0944094409440908 -80.6183575067987732
-44.0744074407440749 -74.6765934213719476
-44.0544054405440519 -49.5286227838121107
-44.0344034403440290 -51.2257270439678081
-44.0144014401440131 -45.2551326765690547
-43.9943994399439902 -66.5319124980862568
-43.9743974397439743 -82.7395363818128260
-43.9543954395439513 -85.9068053942982033
-43.9343934393439284 -39.2284843427764116
-43.9143914391439125 -48.6137430625609568
-43.8943894389438896 -63.1876987156648795
-43.8743874387438737 -84.9198116686700217
-43.8543854385438507 -65.9047685955865745
-43.8343834383438349 -103.4854906067942864
-43.8143814381438119 -69.7475998807141053
-43.7943794379437890 -121.0593262258090022
-43.7743774377437731 -78.8307139116246418
-43.7543754375437501 -56.6942548609861277
-43.7343734373437343 -47.9017838762073396
-43.7143714371437113 -35.6343600798849849
-43.6943694369436884 -60.4941231173434915
-43.6743674367436725 -69.1149976807956534
-43.6543654365436495 -60.3603707515271282
-43.6343634363436337 -56.4763084473842056
-43.6143614361436107 -45.9337617714791122
-43.5943594359435949 -62.7738079695911111
-43.5743574357435719 -41.1998553001495793
-43.5543554355435489 -78.1348194286586732
-43.5343534353435331 -75.2281821919461748
-43.5143514351435101 -68.2475124763303569
-43.4943494349434943 -54.0864317126552976
-43.4743474347434713 -11.5920748564800462
-43.4543454345434483 -56.4443060095113509
-43.4343434343434325 -28.9645015446787255
-43.4143414341434095 -44.4423406408169228
-43.3943394339433937 -93.6618720873736521
-43.3743374337433707 -55.7328121810786072
-43.3543354335433548 -112.6226232874574009
-43.3343334333433319 -56.2264794281661935
-43.3143314331433089 -43.0898143785017140
-43.2943294329432931 -35.4486369845257201
-43.2743274327432701 -29.8084621878006146
-43.2543254325432542 -82.7064073217586895
-43.2343234323432313 -57.8222108144822045
-43.2143214321432083 -45.3299812204196968
-43.1943194319431925 -58.2969222791491433
-43.1743174317431695 -36.2795278841775968
-43.1543154315431536 -50.6758150416477378
-43.1343134313431307 -36.4611595840404590
-43.1143114311431148 -78.4926854088060679
-43.0943094309430919 -42.9235980064632798
-43.0743074307430689 -29.6911500468059870
-43.0543054305430530 -88.9813499388805553
-43.0343034303430301 -57.8392520287037044
-43.0143014301430142 -89.3645254714895430
-42.9942994299429913 -90.0413517726165651
-42.9742974297429683 -70.0505972477555616
-42.9542954295429524 -95.3032117929199103
-42.9342934293429295 -39.0020516288772185
-42.9142914291429136 -86.9092869154152226
-42.8942894289428907 -76.4192620121793027
-42.8742874287428748 -106.7164940593141864
-42.8542854285428518 -100.4163899364526600
-42.8342834283428289 -67.8952262096614447
-42.8142814281428130 -46.7024178387238891
-42.7942794279427901 -65.4814120436094669
-42.7742774277427742 -61.0330131827766351
-42.7542754275427512 -60.8297253996846479
-42.7342734273427283 -82.2420556316157558
-42.7142714271427124 -63.4403519880784685
-42.6942694269426894 -66.0233716483784292
-42.6742674267426736 -64.9415086272281030
-42.6542654265426506 -79.6106601633285038
-42.6342634263426348 -62.4278101856256171
-42.6142614261426118 -44.6396624956810513
-42.5942594259425888 -73.3530598370575575
-42.5742574257425730 -79.6047335112726842
-42.5542554255425500 -44.1093574343594526
-42.5342534253425342 -61.1341372452311944
-42.5142514251425112 -67.0797494168404143
-42.4942494249424882 -113.0113955747337684
-42.4742474247424724 -46.8736010187137850
-42.4542454245424494 -59.2516140531540074
-42.4342434243424336 -84.2886678454339915
-42.4142414241424106 -66.7184798564901627
-42.3942394239423948 -47.3968674723951437
-42.3742374237423718 -84.8099385542108024
-42.3542354235423488 -70.7365424802912202
-42.3342334233423330 -55.2267984562242162
-42.3142314231423100 -46.1658204974366910
-42.2942294229422941 -68.7086614580763495
-42.2742274227422712 -86.6190642176738663
-42.2542254225422482 -68.1921857648423781
-42.2342234223422324 -56.3210442640713111
-42.2142214221422094 -60.8174450278276595
-42.1942194219421935 -53.8653873642543104
-42.1742174217421706 -42.8506828639514907
-42.1542154215421547 -46.1434964697912733
-42.1342134213421318 -52.8557457327940909
-42.1142114211421088 -54.0536431808962305
-42.0942094209420929 -68.8738930808104897
-42.0742074207420700 -64.6349328784471453
-42.0542054205420541 -87.6367429811798218
-42.0342034203420312 -13.3627162277150902
-42.0142014201420082 -52.8171475665005232
-41.9941994199419923 -41.9335540108778275
-41.9741974197419694 -98.5385062919298917
-41.9541954195419535 -74.4243054298500653
-41.9341934193419306 -44.4696786676061464
-41.9141914191419147 -57.4437856961961799
-41.8941894189418917 -57.6714436295695378
-41.8741874187418688 -54.8400513140758008
-41.8541854185418529 -77.3634146608646347
-41.8341834183418300 -73.7613397492337981
-41.8141814181418141 -58.9097418197265625
-41.7941794179417911 -85.3375378509011426
-41.7741774177417682 -29.4793608767782800
-41.7541754175417523 -72.2533558696090239
-41.7341734173417294 -99.0843270987742102
-41.7141714171417135 -67.7211833088779258
-41.6941694169416905 -57.2440149881431566
-41.6741674167416747 -65.6521811084207911
-41.6541654165416517 -37.3136077422285126
-41.6341634163416288 -86.1433346972248728
-41.6141614161416129 -76.0568238514254631
-41.5941594159415899 -66.1879675355832404
-41.5741574157415741 -62.2262318970470076
-41.5541554155415511 -87.9701663277786849
-41.5341534153415282 -89.6070147164722073
-41.5141514151415123 -72.4280194610062722
-41.4941494149414893 -53.2596885498052899
-41.4741474147414735 -74.5214683304780010
-41.4541454145414505 -71.5721199114086062
-41.4341434143414347 -44.2946506295338409
-41.4141414141414117 -65.2907492417984656
-41.3941394139413887 -72.9068786368598865
-41.3741374137413729 -78.7874349010452448
-41.3541354135413499 -53.0919494628574995
-41.3341334133413341 -57.9168875137072092
-41.3141314131413111 -52.8302491284624125
-41.2941294129412881 -103.8242867765296182
-41.2741274127412723 -64.5083460103716533
-41.2541254125412493 -62.3993570851794317
-41.2341234123412335 -56.5501455774853099
-41.2141214121412105 -70.1392366081461489
-41.1941194119411946 -77.6074740640086418
-41.1741174117411717 -69.7513646515866839
-41.1541154115411487 -72.7981287808297139
-41.1341134113411329 -91.9105382914502655
-41.1141114111411099 -63.5864622936771298
-41.0941094109410940 -48.9693855973755774
-41.0741074107410711 -39.7241024385213422
-41.0541054105410481 -74.9998762185678771
-41.0341034103410323 -66.8566411680104409
-41.0141014101410093 -64.2583056586765196
-40.9940994099409934 -94.5437642798529936
-40.9740974097409705 -73.8311589219298412
-40.9540954095409546 -46.6493588085562223
-40.9340934093409317 -70.4523501642947565
-40.9140914091409087 -77.4350146138109920
-40.8940894089408928 -71.4080925056221503
-40.8740874087408699 -66.6820246032504542
-40.8540854085408540 -104.2483199199029116
-40.8340834083408311 -92.8956190132501263
-40.8140814081408081 -74.4966520200289608
-40.7940794079407922 -43.5936200540787269
-40.7740774077407693 -53.0167760933925081
-40.7540754075407534 -83.3035765779499542
-40.7340734073407305 -75.8884963671394672
-40.7140714071407146 -87.7607627094752587
-40.6940694069406916 -77.9404594695232760
-40.6740674067406687 -76.7884713858280747
-40.6540654065406528 -82.8702627708790374
-40.6340634063406299 -84.4828371505358575
-40.6140614061406140 -76.7589132832549126
-40.5940594059405910 -72.0086693390511243
-40.5740574057405681 -80.0610854355480228
-40.5540554055405522 -56.1538058079332103
-40.5340534053405293 -69.1769930841713716
-40.5140514051405134 -77.8466976246335065
-40.4940494049404904 -84.3966253490632141
-40.4740474047404746 -24.3560986524961436
-40.4540454045404516 -72.0906265658098135
-40.4340434043404287 -80.4443932590104396
-40.4140414041404128 -82.2572477607978811
-40.3940394039403898 -70.4888157706786558
-40.3740374037403740 -95.8568715211259388
-40.3540354035403510 -67.0090654051622607
-40.3340334033403281 -46.5706584848504050
-40.3140314031403122 -57.4003040461144280
-40.2940294029402892 -86.9306706957098783
-40.2740274027402734 -64.5009372574626667
-40.2540254025402504 -77.0587478102284678
-40.2340234023402346 -72.6884225207602270
-40.2140214021402116 -70.6206129792941510
-40.1940194019401886 -44.6139389882377770
-40.1740174017401728 -77.1610829706735757
-40.1540154015401498 -85.1952932969161907
-40.1340134013401340 -94.2888815621647893
-40.1140114011401110 -66.5615589486958612
-40.0940094009400880 -99.5290382071558639
-40.0740074007400722 -68.5669760150202876
-40.0540054005400492 -39.1925176228371015
-40.0340034003400334 -69.1684603309831658
-40.0140014001400104 -95.2530505724815981
-39.9939993999399945 -57.1772240989171507
-39.9739973997399716 -68.6448809441552754
-39.9539953995399486 -55.5318875335960485
-39.9339933993399328 -51.5587208111619191
-39.9139913991399098 -72.7298008397787612
-39.8939893989398939 -61.5132176838642053
-39.8739873987398710 -79.8985498873686311
-39.8539853985398480 -39.7054440191049522
-39.8339833983398321 -90.7448467888486050
-39.8139813981398092 -94.0480660902890691
-39.7939793979397933 -65.0214190713099356
-39.7739773977397704 -43.7217859822265353
-39.7539753975397545 -49.8275655569015115
-39.7339733973397315 -46.5500670255196454
-39.7139713971397086 -67.8063638081023043
-39.6939693969396927 -35.9019767882331138
-39.6739673967396698 -47.4384933627540519
-39.6539653965396539 -76.0716318489963896
-39.6339633963396309 -85.1087938432035003
-39.6139613961396080 -82.4218309674704983
-39.5939593959395921 -90.5258896085020694
-39.5739573957395692 -74.6277341901797229
-39.5539553955395533 -69.0192327533804360
-39.5339533953395303 -61.9588733614578047
-39.5139513951395145 -68.3024221822489750
-39.4939493949394915 -96.4355024807110510
-39.4739473947394686 -74.8038895695611359
-39.4539453945394527 -61.7440042730817282
-39.4339433943394297 -83.1971782765443635
-39.4139413941394139 -72.4496672106953810
-39.3939393939393909 -85.4912575441212539
-39.3739373937393680 -102.2794645930216575
-39.3539353935393521 -67.4185958177246221
-39.3339333933393291 -55.0943542032255991
-39.3139313931393133 -45.2257636924305473
-39.2939293929392903 -58.2267961512897045
-39.2739273927392745 -58.2312051694301758
-39.2539253925392515 -82.6669778248749623
-39.2339233923392285 -62.0610903070914048
-39.2139213921392127 -84.3876360735794293
-39.1939193919391897 -94.5149445323831969
-39.1739173917391739 -82.3057118295614600
-39.1539153915391509 -53.1880757236880939
-39.1339133913391279 -75.1984381877370964
-39.1139113911391121 -21.0090802749985315
-39.0939093909390891 -46.3643173321781319
-39.0739073907390733 -88.0860221345937759
-39.0539053905390503 -70.9506415552049816
-39.0339033903390344 -68.8986515756846245
-39.0139013901390115 -47.8947918452047503
-38.9938993899389885 -75.2082202694425916
-38.9738973897389727 -78.0344212064959208
-38.9538953895389497 -57.3709013388970419
-38.9338933893389338 -76.5746795600329193
-38.9138913891389109 -74.9172518533732301
-38.8938893889388879 -56.3953460083259017
-38.8738873887388721 -95.4850559206413436
-38.8538853885388491 -79.5949268685521218
-38.8338833883388332 -97.7635007948478005
-38.8138813881388103 -52.3868588782516440
-38.7938793879387944 -68.4261810921703670
-38.7738773877387715 -68.7625897670209696
-38.7538753875387485 -50.2842027619775109
-38.7338733873387326 -78.1246604969955882
-38.7138713871387097 -62.6961181534636793
-38.6938693869386938 -94.3223730856443012
-38.6738673867386709 -91.4791367657461052
-38.6538653865386479 -41.2210176349253175
-38.6338633863386320 -75.5562087886898013
-38.6138613861386091 -51.4227713244691103
-38.5938593859385932 -42.1690970460840475
-38.5738573857385703 -100.0793503384985286
-38.5538553855385544 -55.6011748451884813
-38.5338533853385314 -96.3013884736615182
-38.5138513851385085 -78.8073527141240930
-38.4938493849384926 -11.0525083477936050
-38.4738473847384697 -67.7120577549512461
-38.4538453845384538 -61.1694117619946738
-38.4338433843384308 -74.4686291864698973
-38.4138413841384079 -90.8535496334905304
-38.3938393839383920 -57.4897258682172776
-38.3738373837383691 -59.6179041576001367
-38.3538353835383532 -77.4884222827640201
-38.3338333833383302 -106.1306284166570606
-38.3138313831383073 -68.0952208686622669
-38.2938293829382914 -49.8372449025044233
-38.2738273827382685 -58.4916025505621349
-38.2538253825382526 -93.1627132567706866
-38.2338233823382296 -71.1464492932906296
-38.2138213821382138 -68.7837082792762970
-38.1938193819381908 -36.4020774427554343
-38.1738173817381679 -69.3375582379357809
-38.1538153815381520 -73.7458401669443333
-38.1338133813381290 -96.6748508885698072
-38.1138113811381132 -99.3008164992465652
-38.0938093809380902 -43.4262018086654393
-38.0738073807380673 -62.0872204214763599
-38.0538053805380514 -48.7093454994070356
-38.0338033803380284 -52.8554468384826208
-38.0138013801380126 -83.4072498688811805
-37.9937993799379896 -82.8534543656978144
-37.9737973797379738 -34.1087216863438556
-37.9537953795379508 -78.8843603784104488
-37.9337933793379278 -88.0026514498472210
-37.9137913791379120 -51.3561560045067651
-37.8937893789378890 -80.1592014307920238
-37.8737873787378732 -46.5866363723323147
-37.8537853785378502 -70.0558844025961918
-37.8337833783378272 -56.1497176690039623
-37.8137813781378114 -60.9764535356450139
-37.7937793779377884 -81.4392946207745325
-37.7737773777377726 -76.6665087089565134
-37.7537753775377496 -84.6631173159035910
-37.7337733773377337 -70.3540991106617355
-37.7137713771377108 -111.0562162241440518
-37.6937693769376878 -58.8584358052801804
-37.6737673767376720 -101.8802558895524726
-37.6537653765376490 -74.5761646154723934
-37.6337633763376331 -92.0092129133500407
-37.6137613761376102 -91.8903656230950503
-37.5937593759375872 -54.7896885647936358
-37.5737573757375714 -49.0946132526129446
-37.5537553755375484 -58.7175906919590744
-37.5337533753375325 -87.3049168152288075
-37.5137513751375096 -47.7714039254949370
-37.4937493749374937 -72.6896130757903478
-37.4737473747374708 -73.1917784236153324
-37.4537453745374478 -47.6876659420779632
-37.4337433743374319 -63.6775616406144422
-37.4137413741374090 -21.0754976348442682
-37.3937393739373931 -72.0416132926917356
-37.3737373737373701 -82.4480183903526864
-37.3537353735373472 -45.3676058507301150
-37.3337333733373313 -53.2232151855309894
-37.3137313731373084 -57.6038561222948005
-37.2937293729372925 -57.2011948897243414
-37.2737273727372695 -79.8588963151361497
-37.2537253725372537 -104.7807891683663968
-37.2337233723372307 -65.5113793623092988
-37.2137213721372078 -92.3624341017387280
-37.1937193719371919 -66.7642617970870447
-37.1737173717371689 -60.0728536496540144
-37.1537153715371531 -97.2604754338521502
-37.1337133713371301 -59.4641881117266138
-37.1137113711371072 -76.2139474392874234
-37.0937093709370913 -51.0691248435203065
-37.0737073707370683 -55.4172809452512638
-37.0537053705370525 -71.2509437929922314
-37.0337033703370295 -63.5142621617208647
-37.0137013701370137 -49.5193081873887451
-36.9936993699369907 -61.1822361938109509
-36.9736973697369677 -57.3924893430505847
-36.9536953695369519 -71.0178235646896781
-36.9336933693369289 -110.7962532105632647
-36.9136913691369131 -76.2456324336618678
-36.8936893689368901 -84.4534708833053145
-36.8736873687368671 -80.2244232088523859
-36.8536853685368513 -76.6773467667016320
-36.8336833683368283 -60.4070255843101904
-36.8136813681368125 -92.9799062208299745
-36.7936793679367895 -82.4792450764421687
-36.7736773677367736 -42.9791821103722143
-36.7536753675367507 -92.5763302499658920
-36.7336733673367277 -60.9299397938329435
-36.7136713671367119 -67.3482397536897111
-36.6936693669366889 -80.8115919889772130
-36.6736673667366730 -65.1738880348791980
-36.6536653665366501 -71.8459449722280681
-36.6336633663366271 -62.1518543788636890
-36.6136613661366113 -88.1719699899120428
-36.5936593659365883 -92.8261330339743438
-36.5736573657365724 -63.0375107724026336
-36.5536553655365495 -62.4251778749231789
-36.5336533653365336 -66.2464173395517122
-36.5136513651365107 -98.4215924417766104
-36.4936493649364877 -58.0130924767107388
-36.4736473647364718 -71.5116523356980878
-36.4536453645364489 -62.1847847044768685
-36.4336433643364330 -58.4819839159187751
-36.4136413641364101 -75.4732547452989593
-36.3936393639363871 -75.3229407227724437
-36.3736373637363712 -58.4860524221681715
-36.3536353635363483 -59.1793835937222923
-36.3336333633363324 -77.1569492883738661
-36.3136313631363095 -86.8283809313669792
-36.2936293629362936 -72.7977760614096923
-36.2736273627362706 -84.0535047240830977
-36.2536253625362477 -65.2834834735528347
-36.2336233623362318 -78.2260265128052481
-36.2136213621362089 -72.6759124785326378
-36.1936193619361930 -47.6500790303247044
-36.1736173617361700 -70.8499070057982152
-36.1536153615361471 -97.3000179051743004
-36.1336133613361312 -73.3045141605614390
-36.1136113611361083 -70.9953944011205635
-36.0936093609360924 -51.0181442793727058
-36.0736073607360694 -52.9633003286892574
-36.0536053605360536 -81.3629270648081189
-36.0336033603360306 -52.1829485097547234
-36.0136013601360077 -63.5158301368620997
-35.9935993599359847 -104.7097474252946796
-35.9735973597359759 -68.2646327877293828
-35.9535953595359530 -32.3189994258510964
-35.9335933593359300 -87.4302196725147809
-35.9135913591359071 -61.9311137620388052
-35.8935893589358841 -69.9119938681847231
-35.8735873587358753 -73.1399480076607489
-35.8535853585358524 -62.1590711985660747
-35.8335833583358294 -54.6313664835293338
-35.8135813581358065 -58.6351001367704328
-35.7935793579357835 -70.2052302251087923
-35.7735773577357747 -50.9057533198143872
-35.7535753575357518 -68.7392773277283879
-35.7335733573357288 -78.3347038466362449
-35.7135713571357059 -65.2607197531517613
-35.6935693569356971 -83.5580160764433515
-35.6735673567356741 -92.2767858905030778
-35.6535653565356512 -45.5528384875348422
-35.6335633563356282 -71.9359316683216150
-35.6135613561356053 -43.1241639868127749
-35.5935593559355965 -55.8248773168349857
-35.5735573557355735 -73.3683031368439060
-35.5535553555355506 -80.7908305895518168
-35.5335533553355276 -57.1280891645388138
-35.5135513551355047 -54.2537116417077527
-35.4935493549354959 -73.2070012730821702
-35.4735473547354729 -74.5352339711960781
-35.4535453545354500 -54.4527370825848180
-35.4335433543354270 -66.7932802367095064
-35.4135413541354040 -46.7412291142068739
-35.3935393539353953 -65.5199477703182964
-35.3735373537353723 -87.0549759121338980
-35.3535353535353494 -82.8013323833703652
-35.3335333533353264 -43.6914308144907793
-35.3135313531353034 -55.4595975984000589
-35.2935293529352947 -26.3791168143173564
-35.2735273527352717 -73.5655237675697862
-35.2535253525352488 -57.4117297526042947
-35.2335233523352258 -70.5237268656402421
-35.2135213521352171 -64.9995814593699350
-35.1935193519351941 -65.1266011183276277
-35.1735173517351711 -71.3190814811472507
-35.1535153515351482 -56.1664876545397860
-35.1335133513351252 -61.0842478999940397
-35.1135113511351165 -72.9925950326596507
-35.0935093509350935 -84.9711933361048182
-35.0735073507350705 -51.4546510757240867
-35.0535053505350476 -111.3848993918999497
-35.0335033503350246 -107.7189519422194763
-35.0135013501350159 -54.7149808087710170
-34.9934993499349929 -60.4739130956372861
-34.9734973497349699 -61.7720310025616968
-34.9534953495349470 -63.0185056378080759
-34.9334933493349240 -81.0899958042649018
-34.9134913491349153 -75.1981340942968615
-34.8934893489348923 -89.0358161638234833
-34.8734873487348693 -74.3000936755399692
-34.8534853485348464 -87.1319085947329199
-34.8334833483348234 -97.3928464511347869
-34.8134813481348147 -105.4583271324421219
-34.7934793479347917 -81.4386898985254959
-34.7734773477347687 -95.8905947321663206
-34.7534753475347458 -74.0056754688151557
-34.7334733473347370 -77.4091011708758430
-34.7134713471347141 -62.9385373662871501
-34.6934693469346911 -91.7943827610131251
-34.6734673467346681 -59.6787250040792827
-34.6534653465346452 -76.7185294151419441
-34.6334633463346364 -58.6575423387826973
-34.6134613461346134 -77.1653882467148406
-34.5934593459345905 -96.5816241830582243
-34.5734573457345675 -54.2835302642131055
-34.5534553455345446 -78.2704874654132539
-34.5334533453345358 -69.3833079379984525
-34.5134513451345128 -87.0885834375017538
-34.4934493449344899 -80.0453071499624826
-34.4734473447344669 -88.3960899508089852
-34.4534453445344440 -95.6059453174588043
-34.4334433443344352 -62.7689118369329009
-34.4134413441344122 -78.3037166291990729
-34.3934393439343893 -97.1551401004826261
-34.3734373437343663 -67.8924446829331600
-34.3534353435343434 -49.0433622802643612
-34.3334333433343346 -90.6038673477227263
-34.3134313431343116 -102.9262152025086294
-34.2934293429342887 -82.3158765022867556
-34.2734273427342657 -67.7319145124116773
-34.2534253425342570 -76.9962306157174652
-34.2334233423342340 -83.7133304321424134
-34.2134213421342110 -61.8856851419948413
-34.1934193419341881 -98.6418373575041159
-34.1734173417341651 -34.7929824642071424
-34.1534153415341564 -35.1723190598667941
-34.1334133413341334 -91.7227311388004125
-34.1134113411341104 -52.5253953503741258
-34.0934093409340875 -66.0005526301086292
-34.0734073407340645 -81.2953573426274119
-34.0534053405340558 -60.3471763447310394
-34.0334033403340328 -85.5025223749965875
-34.0134013401340098 -61.7161577853454375
-33.9933993399339869 -65.8710520957937149
-33.9733973397339639 -76.2618279081297032
-33.9533953395339552 -101.3454444904445069
-33.9333933393339322 -52.7791082417363810
-33.9133913391339092 -79.0253353727487138
-33.8933893389338863 -81.0324710310165131
-33.8733873387338633 -63.9673721108277036
-33.8533853385338546 -42.6026458723286581
-33.8333833383338316 -104.4104056951951804
-33.8133813381338086 -83.8228703912309356
-33.7933793379337857 -66.6758915054767698
-33.7733773377337769 -59.3317493548674690
-33.7533753375337540 -76.1311541887910153
-33.7333733373337310 -104.4580226410493253
-33.7133713371337080 -66.6216748418609939
-33.6933693369336851 -82.4471421315462720
-33.6733673367336763 -77.4301911546314159
-33.6533653365336534 -77.2665913319627577
-33.6333633363336304 -86.0242863005427267
-33.6133613361336074 -84.5185778290139496
-33.5933593359335845 -93.4257726210460078
-33.5733573357335757 -71.2788751877332203
-33.5533553355335528 -68.5359340099205667
-33.5333533353335298 -92.9595504093380782
-33.5133513351335068 -75.1593632756209757
-33.4933493349334839 -88.3350591180761029
-33.4733473347334751 -88.6315817959959418
-33.4533453345334522 -52.2484037463973863
-33.4333433343334292 -71.7427537058611478
-33.4133413341334062 -80.6267649760482215
-33.3933393339333833 -73.4913524197913404
-33.3733373337333745 -54.4821865410381960
-33.3533353335333516 -106.0676357102631471
-33.3333333333333286 -79.6954916413883439
-33.3133313331333056 -85.9234736094013556
-33.2933293329332969 -75.5803453474237585
-33.2733273327332739 -66.5681479374560610
-33.2533253325332510 -85.7519660843551605
-33.2333233323332280 -68.0804064985043595
-33.2133213321332050 -43.0672286974273391
-33.1933193319331963 -49.6608895575355263
-33.1733173317331733 -52.8077550654916337
-33.1533153315331504 -90.6233651309442223
-33.1333133313331274 -73.8359782954855746
-33.1133113311331044 -58.3277687961622888
-33.0933093309330957 -76.9444186283809870
-33.0733073307330727 -70.2118601790862442
-33.0533053305330498 -125.1959384876304000
-33.0333033303330268 -77.7033702091147092
-33.0133013301330038 -55.3222189288169588
-32.9932993299329951 -94.7035461522738160
-32.9732973297329721 -70.0726930227078242
-32.9532953295329492 -89.4898282526201854
-32.9332933293329262 -83.0745664308750094
-32.9132913291329032 -57.0804358426029808
-32.8932893289328945 -108.4904574091264209
-32.8732873287328715 -81.4836532628086303
-32.8532853285328486 -78.2159051122380902
-32.8332833283328256 -79.4209206654723943
-32.8132813281328168 -67.2677505942149736
-32.7932793279327939 -93.9742678767697583
-32.7732773277327709 -94.5425860270937051
-32.7532753275327480 -57.9812781512914839
-32.7332733273327250 -79.3382719288160132
-32.7132713271327162 -54.7781636069689952
-32.6932693269326933 -94.2295313842184754
-32.6732673267326703 -112.3722391393790048
-32.6532653265326474 -57.1045883592768746
-32.6332633263326244 -97.8462820439462888
-32.6132613261326156 -47.7909250890856043
-32.5932593259325927 -52.1040175201879805
-32.5732573257325697 -62.2874629638879185
-32.5532553255325467 -85.3303253250604996
-32.5332533253325238 -77.2203064519296731
-32.5132513251325150 -88.1616502343139956
-32.4932493249324921 -64.8176485895749437
-32.4732473247324691 -42.6573959005548176
-32.4532453245324461 -64.6721465126065027
-32.4332433243324232 -80.2611235092507229
-32.4132413241324144 -66.8218939652867050
-32.3932393239323915 -78.4447158751556941
-32.3732373237323685 -58.8906946014812860
-32.3532353235323455 -79.0307219512945665
-32.3332333233323368 -56.3604840737811656
-32.3132313231323138 -61.5506247270367552
-32.2932293229322909 -57.4837985104521607
-32.2732273227322679 -68.7334836224001720
-32.2532253225322449 -75.4819504137502548
-32.2332233223322362 -83.7418519154230836
-32.2132213221322132 -76.9118768663408332
-32.1932193219321903 -53.9567380574318918
-32.1732173217321673 -67.0409416932164817
-32.1532153215321443 -52.6632570994118794
-32.1332133213321356 -73.8885044717455912
-32.1132113211321126 -64.3292769012409735
-32.0932093209320897 -98.4276775893156923
-32.0732073207320667 -68.5329416384092411
-32.0532053205320437 -75.5458754734418534
-32.0332033203320350 -75.7494918989567481
-32.0132013201320120 -77.0893963031092966
-31.9931993199319891 -71.9773089792132339
-31.9731973197319661 -38.7414857450089443
-31.9531953195319431 -92.9592333607299679
-31.9331933193319344 -60.8892193680771854
-31.9131913191319114 -67.5839825708914077
-31.8931893189318885 -84.9909348442106420
-31.8731873187318655 -82.7961118596751504
-31.8531853185318568 -71.6500251263060903
-31.8331833183318338 -77.8984031396775691
-31.8131813181318108 -74.2676091610259732
-31.7931793179317879 -51.0902187786170856
-31.7731773177317649 -56.2010708547647582
-31.7531753175317561 -91.1587893100416977
-31.7331733173317332 -78.5027604147988285
-31.7131713171317102 -80.6666274935879244
-31.6931693169316873 -57.7357629099822489
-31.6731673167316643 -72.8573540204265981
-31.6531653165316555 -76.9800841536547438
-31.6331633163316326 -95.2373912747830360
-31.6131613161316096 -71.1420974207386081
-31.5931593159315867 -59.8863551880978946
-31.5731573157315637 -84.5004177250108484
-31.5531553155315549 -76.1402924363181910
-31.5331533153315320 -70.0338520398718032
-31.5131513151315090 -84.1890703315951754
-31.4931493149314861 -78.4781023625465082
-31.4731473147314631 -62.9750974994057486
-31.4531453145314543 -71.8071832773501768
-31.4331433143314314 -86.0607038588979947
-31.4131413141314084 -79.5041539120417724
-31.3931393139313855 -55.0208519039406596
-31.3731373137313767 -33.5481873832941417
-31.3531353135313537 -65.8843344473562809
-31.3331333133313308 -87.4086096389935818
-31.3131313131313078 -83.8734558995303701
-31.2931293129312849 -58.3987797797868353
-31.2731273127312761 -89.5657376411133015
-31.2531253125312531 -31.8805838943381232
-31.2331233123312302 -69.6778775458896718
-31.2131213121312072 -65.0295721232227493
-31.1931193119311843 -68.8603099666363931
-31.1731173117311755 -76.0644409546984974
-31.1531153115311525 -82.8111288692241914
-31.1331133113311296 -46.0229232220050548
-31.1131113111311066 -60.7791159271074619
-31.0931093109310837 -58.3340898161357231
-31.0731073107310749 -59.2800757708824833
-31.0531053105310519 -64.5726190044299670
-31.0331033103310290 -31.3494355003788101
-31.0131013101310060 -108.0814689255165746
-30.9930993099309831 -49.2532663743444061
-30.9730973097309743 -100.4242503534286897
-30.9530953095309513 -60.9555073700369476
-30.9330933093309284 -56.8882358337356706
-30.9130913091309054 -88.6752757524287318
-30.8930893089308967 -81.7358024990827943
-30.8730873087308737 -49.5485438609136679
-30.8530853085308507 -62.7447732133429028
-30.8330833083308278 -45.9550055154634833
-30.8130813081308048 -47.3884504330143841
-30.7930793079307961 -76.0337570182530271
-30.7730773077307731 -62.5270871308727649
-30.7530753075307501 -65.4446231830944782
-30.7330733073307272 -48.7904459323076125
-30.7130713071307042 -61.3822110123295417
-30.6930693069306955 -61.1740819531490345
-30.6730673067306725 -81.4805783443117235
-30.6530653065306495 -71.6608332081386550
-30.6330633063306266 -73.8001449618966632
-30.6130613061306036 -58.5311067249368975
-30.5930593059305949 -70.6077358499932046
-30.5730573057305719 -69.3094092436429179
-30.5530553055305489 -81.5092805933295779
-30.5330533053305260 -73.3208254612601991
-30.5130513051305030 -70.3348072504938386
-30.4930493049304943 -22.7983050658906663
-30.4730473047304713 -65.0944323135378511
-30.4530453045304483 -76.2850831301657593
-30.4330433043304254 -69.8558968490343375
-30.4130413041304166 -51.4733543497997488
-30.3930393039303937 -37.4785549621862515
-30.3730373037303707 -78.0950982021895044
-30.3530353035303477 -70.5487317093212170
-30.3330333033303248 -86.8557309489478229
-30.3130313031303160 -62.7817356606681685
-30.2930293029302931 -74.1819133879977102
-30.2730273027302701 -36.0952451805591110
-30.2530253025302471 -62.6212629357591055
-30.2330233023302242 -67.4416951226271522
-30.2130213021302154 -58.1207300788465346
-30.1930193019301925 -56.7954077092617382
-30.1730173017301695 -95.0446373359418004
-30.1530153015301465 -96.5355581091763781
-30.1330133013301236 -56.3414950012208777
-30.1130113011301148 -57.1237557798351148
-30.0930093009300919 -78.4823808491803163
-30.0730073007300689 -56.2155724865183046
-30.0530053005300459 -76.0360099619722263
-30.0330033003300230 -62.6132832040173568
-30.0130013001300142 -48.4494800158009653
-29.9929992999299913 -45.8887556403443710
-29.9729972997299683 -75.5628003846211982
-29.9529952995299453 -54.2066435168129601
-29.9329932993299366 -76.2344324584338437
-29.9129912991299136 -93.9264847669570742
-29.8929892989298907 -39.8957680502347642
-29.8729872987298677 -88.9522322463410120
-29.8529852985298447 -82.2744063098071763
-29.8329832983298360 -104.1685947377150683
-29.8129812981298130 -74.7963459324743241
-29.7929792979297901 -46.3133176854529864
-29.7729772977297671 -86.7532366789119322
-29.7529752975297441 -29.2060951928658383
-29.7329732973297354 -96.3724509808932481
-29.7129712971297124 -56.5014186705089259
-29.6929692969296894 -62.6324768369032441
-29.6729672967296665 -70.6619723097131782
-29.6529652965296435 -70.4380366739851809
-29.6329632963296348 -85.1514796051486371
-29.6129612961296118 -38.4598619944545490
-29.5929592959295888 -65.2677943316983260
-29.5729572957295659 -44.3418495333554219
-29.5529552955295429 -63.8842825090221709
-29.5329532953295342 -47.0279680984550765
-29.5129512951295112 -61.0740074086133689
-29.4929492949294882 -77.8138205978515600
-29.4729472947294653 -51.5029745109026038
-29.4529452945294565 -102.4689376919364747
-29.4329432943294336 -104.5376224400278744
-29.4129412941294106 -28.6325413301318861
-29.3929392939293876 -73.3449259652145145
-29.3729372937293647 -83.2804118634769566
-29.3529352935293559 -41.6364300384597925
-29.3329332933293330 -104.2378497637191685
-29.3129312931293100 -66.6344468434617738
-29.2929292929292870 -79.2568819725399862
-29.2729272927292641 -64.7556270649559877
-29.2529252925292553 -61.7930546112359949
-29.2329232923292324 -41.6134973753302546
-29.2129212921292094 -41.8818275542297442
-29.1929192919291864 -49.9356238108948034
-29.1729172917291635 -30.4694843326477454
-29.1529152915291547 -68.6949157413902611
-29.1329132913291318 -66.7150494475202862
-29.1129112911291088 -79.7890456193779869
-29.0929092909290858 -40.8792111467614561
-29.0729072907290629 -74.1732718887703015
-29.0529052905290541 -69.2939075189897409
-29.0329032903290312 -83.7603376028375806
-29.0129012901290082 -72.8523645047244202
-28.9928992899289852 -61.7898797842367529
-28.9728972897289765 -69.3871863515739449
-28.9528952895289535 -23.5597576857257422
-28.9328932893289306 -47.8148873965093486
-28.9128912891289076 -75.7007148081716679
-28.8928892889288846 -74.3371112496685953
-28.8728872887288759 -63.5375721194667449
-28.8528852885288529 -43.6940677186864121
-28.8328832883288300 -56.1034700130726165
-28.8128812881288070 -66.3437947221516993
-28.7928792879287840 -38.1663247455854560
-28.7728772877287753 -83.0122776681455434
-28.7528752875287523 -48.6915229072615574
-28.7328732873287294 -71.7449865399487408
-28.7128712871287064 -56.0053354441803890
-28.6928692869286834 -61.8204851942328872
-28.6728672867286747 -49.3696725579962248
-28.6528652865286517 -50.8646393611104628
-28.6328632863286288 -26.9734297010961157
-28.6128612861286058 -94.5934920987807004
-28.5928592859285828 -56.3365202684694637
-28.5728572857285741 -42.1709153815824962
-28.5528552855285511 -64.1651211644598050
-28.5328532853285282 -27.2300450936805873
-28.5128512851285052 -64.1251128506660564
-28.4928492849284964 -65.7256284967601374
-28.4728472847284735 -38.5433984721805345
-28.4528452845284505 -32.2865258945576983
-28.4328432843284276 -68.3520647683916707
-28.4128412841284046 -57.5971652463052948
-28.3928392839283958 -68.4444118727278266
-28.3728372837283729 -37.3663050591741097
-28.3528352835283499 -80.1126045859824956
-28.3328332833283270 -54.2780669520811614
-28.3128312831283040 -50.0878111935635104
-28.2928292829282952 -66.3164133446731654
-28.2728272827282723 -79.4498706347871462
-28.2528252825282493 -66.1801029562362828
-28.2328232823282264 -70.4292348790470868
-28.2128212821282034 -68.9850741753498369
-28.1928192819281946 -69.3109039900027142
-28.1728172817281717 -37.8713966489028877
-28.1528152815281487 -63.0166258757904671
-28.1328132813281258 -71.5416007377003069
-28.1128112811281028 -56.5728064922159177
-28.0928092809280940 -40.2233300172384531
-28.0728072807280711 -77.6046900858224546
-28.0528052805280481 -86.4304708144806284
-28.0328032803280252 -84.9613796687939669
-28.0128012801280022 -61.2712541169482634
-27.9927992799279934 -13.7170052654340822
-27.9727972797279705 -85.4945929092913133
-27.9527952795279475 -58.9289685605810547
-27.9327932793279246 -53.8569782875549237
-27.9127912791279158 -87.0628978094702290
-27.8927892789278928 -51.2265097657399977
-27.8727872787278699 -69.1451702644507407
-27.8527852785278469 -41.8028739304436812
-27.8327832783278240 -43.6776637864322765
-27.8127812781278152 -39.8590159419218253
-27.7927792779277922 -59.7343976089344082
-27.7727772777277693 -76.9565337101648623
-27.7527752775277463 -60.9177551143281661
-27.7327732773277233 -49.4265228728284285
-27.7127712771277146 -54.6730891654191282
-27.6927692769276916 -96.9574319517216168
-27.6727672767276687 -58.8948140725402922
-27.6527652765276457 -61.2390603549337271
-27.6327632763276227 -46.0187358581860408
-27.6127612761276140 -43.8140827293987130
-27.5927592759275910 -86.6416251947888156
-27.5727572757275681 -43.9894053534789862
-27.5527552755275451 -65.8065973485055764
-27.5327532753275221 -86.7779418081076557
-27.5127512751275134 -85.0561126336423712
-27.4927492749274904 -26.7217788422710427
-27.4727472747274675 -36.5360685659625091
-27.4527452745274445 -58.1992388624019057
-27.4327432743274358 -68.2065919250095618
-27.4127412741274128 -72.1396281028479791
-27.3927392739273898 -63.3144416056146184
-27.3727372737273669 -74.6445673956377078
-27.3527352735273439 -72.2788559915497473
-27.3327332733273352 -84.4120121377667942
-27.3127312731273122 -39.9128637136833504
-27.2927292729272892 -41.8200012545592870
-27.2727272727272663 -82.3113438789892058
-27.2527252725272433 -68.8687440269750226
-27.2327232723272346 -49.4012165819787441
-27.2127212721272116 -81.8770064950785610
-27.1927192719271886 -64.5580049226275605
-27.1727172717271657 -72.2448747939838256
-27.1527152715271427 -59.1433384824724868
-27.1327132713271340 -80.6427481484217026
-27.1127112711271110 -58.9972398063567809
-27.0927092709270880 -46.4008214537797485
-27.0727072707270651 -51.1503013550207157
-27.0527052705270421 -54.8054268797307884
-27.0327032703270334 -64.8748090183836155
-27.0127012701270104 -62.4042899470700974
-26.9926992699269874 -41.1454161067647419
-26.9726972697269645 -77.9634320753286687
-26.9526952695269557 -46.4623339380749201
-26.9326932693269328 -85.0275154942933113
-26.9126912691269098 -87.6320214792155809
-26.8926892689268868 -48.3774379038394002
-26.8726872687268639 -74.1039873048802491
-26.8526852685268551 -86.1511375052354111
-26.8326832683268321 -93.1962474182891754
-26.8126812681268092 -59.5324946421401293
-26.7926792679267862 -64.1382212108635770
-26.7726772677267633 -16.6463800957163457
-26.7526752675267545 -27.8935014320421431
-26.7326732673267315 -57.8288470628956048
-26.7126712671267086 -36.8012816088672707
-26.6926692669266856 -62.3955345351245398
-26.6726672667266627 -71.1878811215211726
-26.6526652665266539 -35.3499409239491342
-26.6326632663266309 -83.2422046549403802
-26.6126612661266080 -50.4725493141450912
-26.5926592659265850 -88.3103817503224064
-26.5726572657265621 -69.8762001577139813
-26.5526552655265533 -46.3132017779373157
-26.5326532653265303 -58.0430671020486741
-26.5126512651265074 -64.4570137996205119
-26.4926492649264844 -69.6048614404751049
-26.4726472647264757 -69.0894569780087409
-26.4526452645264527 -66.8922097223741332
-26.4326432643264297 -46.7593101300575427
-26.4126412641264068 -63.0953941217142642
-26.3926392639263838 -80.1445746889443171
-26.3726372637263751 -59.6291434266559079
-26.3526352635263521 -57.4565092605864862
-26.3326332633263291 -75.4481601251042093
-26.3126312631263062 -71.1939853447402271
-26.2926292629262832 -55.6720064535857659
-26.2726272627262745 -36.8234334627966717
-26.2526252625262515 -77.5318246522548549
-26.2326232623262285 -77.2642164115576406
-26.2126212621262056 -25.6875110895942669
-26.1926192619261826 -61.1246422249183539
-26.1726172617261739 -57.6848320923612263
-26.1526152615261509 -84.2484213519795162
-26.1326132613261279 -62.2073441002360354
-26.1126112611261050 -75.1785664572221606
-26.0926092609260820 -55.1778747173204280
-26.0726072607260733 -53.4446649181792992
-26.0526052605260503 -53.5626882541341161
-26.0326032603260273 -44.7485797725647956
-26.0126012601260044 -28.9488779929013482
-25.9925992599259956 -44.3021092785409820
-25.9725972597259727 -83.2529126921682945
-25.9525952595259497 -66.5823029146853429
-25.9325932593259267 -70.9559725062792808
-25.9125912591259038 -63.8684077831981085
-25.8925892589258950 -38.1778144903794967
-25.8725872587258721 -47.4866620101021226
-25.8525852585258491 -79.8391739821541364
-25.8325832583258261 -34.7626848950241154
-25.8125812581258032 -43.0011721229516226
-25.7925792579257944 -52.1931473317349273
-25.7725772577257715 -71.0170952919689853
-25.7525752575257485 -86.6178049777393682
-25.7325732573257255 -76.4060031986168440
-25.7125712571257026 -56.3841655041998067
-25.6925692569256938 -65.9124741529257392
-25.6725672567256709 -53.9483237213605165
-25.6525652565256479 -52.8074734986992524
-25.6325632563256249 -50.8251794557337391
-25.6125612561256020 -68.7718638290544675
-25.5925592559255932 -48.9612755408159757
-25.5725572557255703 -15.3634381298234928
-25.5525552555255473 -62.3504661521748034
-25.5325532553255243 -49.6561925354398568
-25.5125512551255156 -72.3081418288395241
-25.4925492549254926 -77.3958856501906354
-25.4725472547254697 -64.0704560155906364
-25.4525452545254467 -27.8209753366730013
-25.4325432543254237 -81.7002851899195122
-25.4125412541254150 -54.4376782366626770
-25.3925392539253920 -45.5075415423408813
-25.3725372537253691 -56.8802921768108476
-25.3525352535253461 -78.6944531976027264
-25.3325332533253231 -38.9006951472518310
-25.3125312531253144 -31.5743155313041264
-25.2925292529252914 -72.1287346240439433
-25.2725272527252685 -70.1211811282349373
-25.2525252525252455 -47.3692682282007809
-25.2325232523252225 -72.7453686741928607
-25.2125212521252138 -62.6366642100052928
-25.1925192519251908 -53.1633896332053411
-25.1725172517251679 -74.6652240148120256
-25.1525152515251449 -84.2836660826775272
-25.1325132513251219 -85.7770403301049527
-25.1125112511251132 -17.8749031931919262
-25.0925092509250902 -54.4701810622022293
-25.0725072507250673 -79.9820486823595616
-25.0525052505250443 -27.6352784025151585
-25.0325032503250355 -43.6880284522360895
-25.0125012501250126 -18.9196517115907241
-24.9924992499249896 -29.6645200111956271
-24.9724972497249667 -64.2573921947667088
-24.9524952495249437 -77.9248925531751979
-24.9324932493249349 -56.1416337514114900
-24.9124912491249120 -69.9962570771554624
-24.8924892489248890 -59.8369768051096784
-24.8724872487248660 -52.4860695140467755
-24.8524852485248431 -48.6170196312028082
-24.8324832483248343 -87.7164183540367333
-24.8124812481248114 -13.3464839584680988
-24.7924792479247884 -29.6783233928822447
-24.7724772477247654 -40.2101506141726617
-24.7524752475247425 -13.9507401551465620
-24.7324732473247337 -85.7389862944889387
-24.7124712471247108 -36.0365148352757814
-24.6924692469246878 -59.2189490878132503
-24.6724672467246648 -64.7190763299131930
-24.6524652465246419 -71.4777506064088897
-24.6324632463246331 -51.1014030931189112
-24.6124612461246102 -59.9470447355901115
-24.5924592459245872 -67.4249098119436781
-24.5724572457245642 -30.9143417604801627
-24.5524552455245555 -62.3055471693081557
-24.5324532453245325 -54.3799319155102552
-24.5124512451245096 -61.2699689369465403
-24.4924492449244866 -50.7814054439658520
-24.4724472447244636 -40.3634497504329275
-24.4524452445244549 -62.1869660332154268
-24.4324432443244319 -79.5450582111628819
-24.4124412441244090 -44.6872204024490571
-24.3924392439243860 -53.9828395707095083
-24.3724372437243630 -49.2460006975224900
-24.3524352435243543 -49.4218784086398841
-24.3324332433243313 -63.4998667496261291
-24.3124312431243084 -60.8383202349310181
-24.2924292429242854 -51.7245203341141675
-24.2724272427242624 -57.6984985033981204
-24.2524252425242537 -70.9062228463632209
-24.2324232423242307 -72.0122856180177848
-24.2124212421242078 -46.1862130556682686
-24.1924192419241848 -67.5274162121381067
-24.1724172417241618 -50.8902461172520617
-24.1524152415241531 -87.7324007032923703
-24.1324132413241301 -50.7463104973657053
-24.1124112411241072 -41.3882044085418315
-24.0924092409240842 -37.8187563236643456
-24.0724072407240755 -54.1803438890827422
-24.0524052405240525 -24.1969042599244553
-24.0324032403240295 -22.7459141357903540
-24.0124012401240066 -28.3968923526392700
-23.9923992399239836 -53.3780597041925589
-23.9723972397239748 -59.8631623832715363
-23.9523952395239519 -54.0254337217668450
-23.9323932393239289 -25.4419487723245510
-23.9123912391239060 -50.1426108010256115
-23.8923892389238830 -70.0989514077695333
-23.8723872387238742 -77.5131720894981271
-23.8523852385238513 -67.4735040700152808
-23.8323832383238283 -53.5413143758867065
-23.8123812381238054 -88.4847236532924057
-23.7923792379237824 -83.2805116518799764
-23.7723772377237736 -58.0601426680079271
-23.7523752375237507 -42.8988991489223608
-23.7323732373237277 -63.8035325455490749
-23.7123712371237048 -55.6016703936042020
-23.6923692369236818 -47.3612425700555164
-23.6723672367236730 -68.3408284094866900
-23.6523652365236501 -44.3538572092277406
-23.6323632363236271 -42.3019748576541730
-23.6123612361236042 -55.2463507572587957
-23.5923592359235954 -31.4237677996807321
-23.5723572357235724 -55.1450595624136781
-23.5523552355235495 -53.2677888289042158
-23.5323532353235265 -49.3582720259428100
-23.5123512351235036 -48.6437661033362261
-23.4923492349234948 -56.7239534548962752
-23.4723472347234718 -77.4828744342471225
-23.4523452345234489 -57.9593652355153850
-23.4323432343234259 -61.5221824202119052
-23.4123412341234030 -65.8586650820357278
-23.3923392339233942 -51.3255152935735524
-23.3723372337233712 -46.9494859560660203
-23.3523352335233483 -73.9199269376758679
-23.3323332333233253 -47.3576331513255795
-23.3123312331233024 -31.8625409804216311
-23.2923292329232936 -45.4861129184724575
-23.2723272327232706 -51.8257694174205810
-23.2523252325232477 -35.4335534272391683
-23.2323232323232247 -62.8996743136436791
-23.2123212321232018 -42.9745953264795588
-23.1923192319231930 -72.9965321883618827
-23.1723172317231700 -49.2133289286798075
-23.1523152315231471 -48.8706678592261312
-23.1323132313231241 -76.8694330481730503
-23.1123112311231154 -30.0445721294017147
-23.0923092309230924 -40.3409054448652995
-23.0723072307230694 -20.1507571770297886
-23.0523052305230465 -63.1142539879220834
-23.0323032303230235 -63.6992711661517674
-23.0123012301230148 -25.8536711065387124
-22.9922992299229918 -64.5960364657708226
-22.9722972297229688 -54.7008995134448668
-22.9522952295229459 -33.1772653944687193
-22.9322932293229229 -52.6970797230170120
-22.9122912291229142 -56.1327522588677894
-22.8922892289228912 -19.0130829473131193
-22.8722872287228682 -57.4022572911973867
-22.8522852285228453 -66.0840273504092437
-22.8322832283228223 -68.8607213248750440
-22.8122812281228136 -38.2662402464379454
-22.7922792279227906 -63.6254714798978966
-22.7722772277227676 -60.3426417360828680
-22.7522752275227447 -73.1806485161335871
-22.7322732273227217 -30.4995421936704325
-22.7122712271227130 -34.1768265624606400
-22.6922692269226900 -28.5213813561140270
-22.6722672267226670 -43.6755762950520463
-22.6522652265226441 -40.7498322453471360
-22.6322632263226353 -44.2860627838576448
-22.6122612261226124 -29.6415923608964036
-22.5922592259225894 -62.8339999643479103
-22.5722572257225664 -88.1170487934005564
-22.5522552255225435 -46.7535081710079794
-22.5322532253225347 -28.3928048314340273
-22.5122512251225118 -44.3974337382539304
-22.4922492249224888 -50.8645868154619407
-22.4722472247224658 -71.1801046151336436
-22.4522452245224429 -56.6481784172926695
-22.4322432243224341 -35.7102031931912194
-22.4122412241224112 -54.6744757896586009
-22.3922392239223882 -27.1113239883884845
-22.3722372237223652 -61.1510176317367069
-22.3522352235223423 -63.5113729106724207
-22.3322332233223335 -42.2691123993152189
-22.3122312231223106 -51.3983635012675322
-22.2922292229222876 -38.4771108544066323
-22.2722272227222646 -26.8868038064166761
-22.2522252225222417 -62.8198420005613940
-22.2322232223222329 -50.8951324375429834
-22.2122212221222100 -43.3858386873740614
-22.1922192219221870 -40.8691210183392286
-22.1722172217221640 -46.0131904341591351
-22.1522152215221553 -48.5654850783085976
-22.1322132213221323 -66.7054582717933755
-22.1122112211221094 -31.1535439323184349
-22.0922092209220864 -58.9680471046676260
-22.0722072207220634 -29.1029411602579238
-22.0522052205220547 -37.5829087691164929
-22.0322032203220317 -45.6205274729110073
-22.0122012201220087 -40.1219232815893179
-21.9921992199219858 -19.1962373397077428
-21.9721972197219628 -23.8299446205130074
-21.9521952195219541 -54.4937192813041520
-21.9321932193219311 -40.6314688027373236
-21.9121912191219081 -60.6665526657636534
-21.8921892189218852 1.4893109003032237
-21.8721872187218622 -48.6768630321967493
-21.8521852185218535 -53.4319062306696893
-21.8321832183218305 -92.6769657249573839
-21.8121812181218075 -26.9456982958352569
-21.7921792179217846 -37.5462231348963016
-21.7721772177217616 -68.4850145614455244
-21.7521752175217529 -45.7548297402028581
-21.7321732173217299 -58.3296201092104027
-21.7121712171217069 -41.2831718840428721
-21.6921692169216840 -42.9632842715583578
-21.6721672167216752 -35.7821988938357265
-21.6521652165216523 -28.0787072455660578
-21.6321632163216293 -14.3118088585406866
-21.6121612161216063 -66.2996346768356375
-21.5921592159215834 -72.6482144442325932
-21.5721572157215746 -63.3255796120349927
-21.5521552155215517 -97.9846325624298515
-21.5321532153215287 -73.2411408558739652
-21.5121512151215057 -69.6912488813739657
-21.4921492149214828 -69.1899939114543230
-21.4721472147214740 -36.1508573784891496
-21.4521452145214511 -22.4994067481111593
-21.4321432143214281 -20.2833515604157384
-21.4121412141214051 -47.4077594405395715
-21.3921392139213822 -35.0369867277822777
-21.3721372137213734 -65.5247074430427574
-21.3521352135213505 -20.1887176805373230
-21.3321332133213275 -33.9401127414496884
-21.3121312131213045 -54.7345388906466468
-21.2921292129212816 -72.5248697714790040
-21.2721272127212728 -50.6297465832444189
-21.2521252125212499 -32.7521439997294621
-21.2321232123212269 -32.9238260646657750
-21.2121212121212039 -21.9967024517638343
-21.1921192119211952 -37.7450399977772904
-21.1721172117211722 -57.0162941302268678
-21.1521152115211493 -53.3554779056857171
-21.1321132113211263 -26.9906212899228102
-21.1121112111211033 -57.1625443165324469
-21.0921092109210946 -20.7258595671817893
-21.0721072107210716 -39.2362422234239787
-21.0521052105210487 -21.4960947823688642
-21.0321032103210257 -41.8188741438245231
-21.0121012101210027 -40.3532108169269108
-20.9920992099209940 -71.1754048098542142
-20.9720972097209710 -57.6975635350861538
-20.9520952095209481 -49.4228512206258301
-20.9320932093209251 -17.2012876872184641
-20.9120912091209021 -35.8952406733960245
-20.8920892089208934 -48.4189077412983124
-20.8720872087208704 -18.6600901674024939
-20.8520852085208475 -47.4623226328231880
-20.8320832083208245 -54.2264674368280524
-20.8120812081208015 -55.1911099570103829
-20.7920792079207928 -23.6498170246108721
-20.7720772077207698 -64.0745118143674546
-20.7520752075207469 -11.9425564474619073
-20.7320732073207239 -50.1817682126218827
-20.7120712071207151 -18.8231078009160946
-20.6920692069206922 -28.7521284878841072
-20.6720672067206692 -53.3095404406275932
-20.6520652065206463 -57.5386318630428519
-20.6320632063206233 -43.4082227484713670
-20.6120612061206145 -48.8983178340195153
-20.5920592059205916 -41.4330594205277549
-20.5720572057205686 -39.2384753344788351
-20.5520552055205457 -52.6387091781438627
-20.5320532053205227 -35.7826045451270076
-20.5120512051205139 -49.5853767587536041
-20.4920492049204910 -40.5494948464876401
-20.4720472047204680 -14.8806025027442388
-20.4520452045204451 -5.6420712622119140
-20.4320432043204221 -41.6371096755153829
-20.4120412041204133 -55.9904980763311926
-20.3920392039203904 -26.6413783147805248
-20.3720372037203674 -29.5383263704261481
-20.3520352035203445 -62.6473876097483924
-20.3320332033203215 -32.2031727497603626
-20.3120312031203127 -26.2408311637732723
-20.2920292029202898 -32.7450952298165774
-20.2720272027202668 -67.1395472736950296
-20.2520252025202439 -65.7497805407149372
-20.2320232023202351 -39.3361580000254065
-20.2120212021202121 -34.7526625799459481
-20.1920192019201892 -59.3815349729838005
-20.1720172017201662 -30.4537505295363005
-20.1520152015201433 -46.6287221088739514
-20.1320132013201345 -13.5778708026838260
-20.1120112011201115 -48.1547752054700240
-20.0920092009200886 -57.5724707651912126
-20.0720072007200656 -25.5829589813042304
-20.0520052005200426 -36.2012598827408638
-20.0320032003200339 -15.8564746651601673
-20.0120012001200109 4.9471698883127786
-19.9919991999199880 -70.3088177415075393
-19.9719971997199650 2.2882531542864939
-19.9519951995199420 -41.8332755465597828
-19.9319931993199333 -42.3089762106326930
-19.9119911991199103 -50.6436394282309408
-19.8919891989198874 -35.7342993015478783
-19.8719871987198644 -24.9465899482294304
-19.8519851985198414 -79.3795470709275435
-19.8319831983198327 -2.8728659988899850
-19.8119811981198097 -30.4277012541886691
-19.7919791979197868 -62.8001178708872416
-19.7719771977197638 -49.1457580024309024
-19.7519751975197551 -47.3037113242316849
-19.7319731973197321 -36.4488059454953799
-19.7119711971197091 -44.7480183397670075
-19.6919691969196862 -44.0311515593864513
-19.6719671967196632 -44.6334719372017901
-19.6519651965196545 -47.7982836627370489
-19.6319631963196315 -48.0510145398982544
-19.6119611961196085 -39.6022505766548392
-19.5919591959195856 -64.4246614985626138
-19.5719571957195626 -17.8288913822332731
-19.5519551955195539 -34.1564020879970087
-19.5319531953195309 -34.6152325976438817
-19.5119511951195079 -30.5528310549437592
-19.4919491949194850 -23.4164650247451576
-19.4719471947194620 -43.9268294231542811
-19.4519451945194533 -29.4130768377311682
-19.4319431943194303 -22.4804826659398032
-19.4119411941194073 -21.4431912089521965
-19.3919391939193844 -73.7521381672854801
-19.3719371937193614 -54.5907885755812003
-19.3519351935193527 -32.2078225421461539
-19.3319331933193297 -30.6648824012052401
-19.3119311931193067 -36.9796718115121479
-19.2919291929192838 -45.8785216182370945
-19.2719271927192750 -4.0356645650445557
-19.2519251925192521 -25.1557657543514992
-19.2319231923192291 -34.2828694756510615
-19.2119211921192061 -30.9490561365758516
-19.1919191919191832 -37.5741598403237802
-19.1719171917191744 -27.7576714376921174
-19.1519151915191514 -57.2304651241145308
-19.1319131913191285 -48.5168350941438860
-19.1119111911191055 -32.8391207262275557
-19.0919091909190826 -41.4904117587057470
-19.0719071907190738 -20.1175281357914102
-19.0519051905190508 -14.7086544012197500
-19.0319031903190279 -53.4946654601156055
-19.0119011901190049 -77.1817690423773115
-18.9918991899189820 -37.5906297956622808
-18.9718971897189732 -23.3002866294067204
-18.9518951895189502 -55.0443688259159174
-18.9318931893189273 -32.9930351438561047
-18.9118911891189043 -52.5811266447501566
-18.8918891889188814 -27.5410676087799331
-18.8718871887188726 -49.2577920556427316
-18.8518851885188496 -56.5512256003805049
-18.8318831883188267 -30.0622479680709063
-18.8118811881188037 -21.3150759864777299
-18.7918791879187950 11.7592831715764845
-18.7718771877187720 -71.7542426992022655
-18.7518751875187490 -61.7244163039202220
-18.7318731873187261 -25.3355049981389726
-18.7118711871187031 -39.6846821708746873
-18.6918691869186944 -50.6329179749533012
-18.6718671867186714 -15.0927172329221264
-18.6518651865186484 -25.2961833693005147
-18.6318631863186255 -40.7571730630790938
-18.6118611861186025 -58.0640932102230991
-18.5918591859185938 -36.9903947070686527
-18.5718571857185708 -9.0598022513624734
-18.5518551855185478 -22.2283951043581780
-18.5318531853185249 -18.2559536349996456
-18.5118511851185019 27.0523038958237123
-18.4918491849184932 -40.1435196751585721
-18.4718471847184702 -17.8590855042905474
-18.4518451845184472 -40.2116346756643850
-18.4318431843184243 -42.7859076852558502
-18.4118411841184013 -41.3284599895628020
-18.3918391839183926 -12.9454695923562184
-18.3718371837183696 -18.1535281818490901
-18.3518351835183466 -26.6885753623919477
-18.3318331833183237 -31.3978345250512803
-18.3118311831183149 -27.7348354452734931
-18.2918291829182920 -46.7418698337715881
-18.2718271827182690 -22.5127565053128649
-18.2518251825182460 -37.3398229079807678
-18.2318231823182231 -17.8260507746412031
-18.2118211821182143 8.0571535434886741
-18.1918191819181914 -19.0802952512047170
-18.1718171817181684 -33.3939756025006744
-18.1518151815181454 -21.0767259651780492
-18.1318131813181225 1.3109710867433435
-18.1118111811181137 -46.2558222182609953
-18.0918091809180908 -30.6747697637827770
-18.0718071807180678 -34.1182965245463521
-18.0518051805180448 -74.3470354573401266
-18.0318031803180219 -43.2608868473278534
-18.0118011801180131 -48.5434873020568816
-17.9917991799179902 -61.9424699429789598
-17.9717971797179672 -29.0023735930254105
-17.9517951795179442 -34.1803052789891666
-17.9317931793179213 -48.4464348227096551
-17.9117911791179125 -43.8891962440167021
-17.8917891789178896 -15.0927779191466627
-17.8717871787178666 -9.2860473660449863
-17.8517851785178436 -40.3081423925315860
-17.8317831783178207 -66.7062034181513752
-17.8117811781178119 -45.7986943563946909
-17.7917791779177890 -36.4258055916819998
-17.7717771777177660 -47.6067238223278935
-17.7517751775177430 -67.4428441357399464
-17.7317731773177343 -33.0480769376620955
-17.7117711771177113 -39.3129394722767955
-17.6917691769176884 -37.8916927845692797
-17.6717671767176654 -42.9315915582324266
-17.6517651765176424 -45.6594977387713641
-17.6317631763176337 -1.6191611213671671
-17.6117611761176107 -51.9460178692231977
-17.5917591759175878 -26.2044432897666439
-17.5717571757175648 -41.8785353721647411
-17.5517551755175418 -15.2193123716711849
-17.5317531753175331 -41.1220134073853316
-17.5117511751175101 -39.8214031205625147
-17.4917491749174872 -36.0798798452648697
-17.4717471747174642 -51.8512361681047196
-17.4517451745174412 -17.2605259878763420
-17.4317431743174325 -27.7038144160894007
-17.4117411741174095 -2.8546379725733715
-17.3917391739173866 -34.1696609283395105
-17.3717371737173636 -57.4212210681345994
-17.3517351735173406 -18.4031704688257847
-17.3317331733173319 -32.9360768227912502
-17.3117311731173089 -27.0077068975039758
-17.2917291729172860 -65.6273090814916458
-17.2717271727172630 -32.3553270279611809
-17.2517251725172542 -27.7408201859797892
-17.2317231723172313 -32.2370680396930922
-17.2117211721172083 -48.0501196296963258
-17.1917191719171853 -22.8794474714828269
-17.1717171717171624 -5.9383237787656462
-17.1517151715171536 -15.1121935982525564
-17.1317131713171307 -40.6105721826996913
-17.1117111711171077 -27.7503262099934673
-17.0917091709170847 7.9399373227650401
-17.0717071707170618 -5.1155084179759669
-17.0517051705170530 2.2044658970758988
-17.0317031703170301 -30.5468977899142757
-17.0117011701170071 -16.4427118938854200
-16.9916991699169841 -51.4967250783853316
-16.9716971697169612 -31.1605128806139327
-16.9516951695169524 -26.8216616421611747
-16.9316931693169295 -31.9472753993865446
-16.9116911691169065 -32.1966074563016420
-16.8916891689168835 -26.6463677260069929
-16.8716871687168606 -28.4152326937844961
-16.8516851685168518 -41.9359430176757115
-16.8316831683168289 -17.9326232063910389
-16.8116811681168059 -39.9628235291039147
-16.7916791679167829 -41.8092850096842525
-16.7716771677167742 -16.3599556020792107
-16.7516751675167512 17.1953318258312073
-16.7316731673167283 -56.6633959248040853
-16.7116711671167053 -9.1754977281849897
-16.6916691669166823 -26.5579713572466289
-16.6716671667166736 -33.4419356174885962
-16.6516651665166506 1.3572833854340729
-16.6316631663166277 -33.7198046462657857
-16.6116611661166047 -8.1709826978404756
-16.5916591659165817 -29.1700515656995201
-16.5716571657165730 -35.8654019776112492
-16.5516551655165500 -39.7033840729844627
-16.5316531653165271 -38.1935830828115357
-16.5116511651165041 5.9929984684216926
-16.4916491649164811 -23.8888835608952803
-16.4716471647164724 -40.1198352998427197
-16.4516451645164494 -28.8170314752632635
-16.4316431643164265 -26.1167506827765941
-16.4116411641164035 -39.2135580719611028
-16.3916391639163805 -18.8907999733131149
-16.3716371637163718 -52.4972152945158612
-16.3516351635163488 -47.0256289134102730
-16.3316331633163259 -1.6469457916509320
-16.3116311631163029 -60.4105589140459784
-16.2916291629162941 -5.7482264040529394
-16.2716271627162712 -13.3420148665631579
-16.2516251625162482 -46.3015945381071106
-16.2316231623162253 -35.3409369899466128
-16.2116211621162023 -37.4194845956290081
-16.1916191619161935 -9.6137012135470261
-16.1716171617161706 -56.4222296069577709
-16.1516151615161476 -29.5561913164251067
-16.1316131613161247 -7.4466897508823067
-16.1116111611161017 -4.6644467078544096
-16.0916091609160929 -28.7866866201897409
-16.0716071607160700 -6.4777306527559979
-16.0516051605160470 -17.5481025404063260
-16.0316031603160241 -12.9220272888267118
-16.0116011601160011 -14.7763326709031109
-15.9915991599159923 -36.9058505923919355
-15.9715971597159694 -14.1175497506566749
-15.9515951595159464 -21.2502873757823032
-15.9315931593159235 -31.9998623329583580
-15.9115911591159005 -45.4373852962587605
-15.8915891589158917 -38.1198971071356567
-15.8715871587158688 -4.5976114290543784
-15.8515851585158458 -1.5078805658354781
-15.8315831583158229 -12.0800574725456489
-15.8115811581158141 -55.0892714501798508
-15.7915791579157911 -24.3472888562326624
-15.7715771577157682 -57.6797566605059870
-15.7515751575157452 -50.8631530888434185
-15.7315731573157223 -36.3343698940128519
-15.7115711571157135 0.6265144232872188
-15.6915691569156905 -28.4795595891404894
-15.6715671567156676 -2.9280098234688658
-15.6515651565156446 -9.3972295568265896
-15.6315631563156217 -18.8564120255312986
-15.6115611561156129 3.7447386000422220
-15.5915591559155899 -8.8719040661182333
-15.5715571557155670 -6.4563380354834514
-15.5515551555155440 -36.9207564874757708
-15.5315531553155211 -18.0373108735140235
-15.5115511551155123 -3.7306014207999745
-15.4915491549154893 -22.8391786575047782
-15.4715471547154664 -24.6366677196951791
-15.4515451545154434 -9.7874438706451858
-15.4315431543154205 -7.2748974605693864
-15.4115411541154117 -20.3030332849953581
-15.3915391539153887 -20.5931786095701419
-15.3715371537153658 -27.6859653262635561
-15.3515351535153428 -43.7876293522435418
-15.3315331533153341 -0.3191728577021351
-15.3115311531153111 -42.1816864693676905
-15.2915291529152881 -47.6191227896059388
-15.2715271527152652 -13.6466986192305377
-15.2515251525152422 -15.8735773067315389
-15.2315231523152335 -12.1153472459245357
-15.2115211521152105 -16.0720953994950939
-15.1915191519151875 -13.7089729836060847
-15.1715171517151646 -14.4547468431368316
-15.1515151515151416 -17.8514064042177374
-15.1315131513151329 -20.8311555279526601
-15.1115111511151099 -18.9582832018572134
-15.0915091509150869 -3.2324885517577790
-15.0715071507150640 -30.9041805782166463
-15.0515051505150410 -59.0637787091994042
-15.0315031503150323 -37.2445005471352388
-15.0115011501150093 -31.2801081633682472
-14.9914991499149863 -36.6610233716278699
-14.9714971497149634 -23.1100157841940401
-14.9514951495149404 3.8604124518873100
-14.9314931493149317 1.1811054186124714
-14.9114911491149087 -34.8610813728419942
-14.8914891489148857 -31.0243697661040905
-14.8714871487148628 8.0415945809121290
-14.8514851485148540 -40.5116765900870774
-14.8314831483148311 -20.0043996501059560
-14.8114811481148081 -33.3704476939986989
-14.7914791479147851 8.4541515238470524
-14.7714771477147622 -23.5576192499765078
-14.7514751475147534 -42.7329091575010267
-14.7314731473147305 -37.8079209942491872
-14.7114711471147075 -16.3228081023051423
-14.6914691469146845 -28.6010637623675876
-14.6714671467146616 13.3026367968750137
-14.6514651465146528 -15.0872265648489297
-14.6314631463146299 -5.0547838850057314
-14.6114611461146069 -4.7372563161979571
-14.5914591459145839 -39.0589774999812960
-14.5714571457145610 -15.2262428883081142
-14.5514551455145522 -14.8563894301109443
-14.5314531453145293 -24.4936303145854239
-14.5114511451145063 -30.1349175523828698
-14.4914491449144833 -45.7826169969231387
-14.4714471447144604 -38.9189018837643488
-14.4514451445144516 8.7291038706732138
-14.4314431443144287 -9.5162610233988456
-14.4114411441144057 -8.2325221994323741
-14.3914391439143827 -2.9320683951492992
-14.3714371437143740 -49.0068958595662991
-14.3514351435143510 -32.0655104344775026
-14.3314331433143280 -44.7057715164450897
-14.3114311431143051 -27.9528348166426817
-14.2914291429142821 -29.8864550037513723
-14.2714271427142734 -16.4842505833965944
-14.2514251425142504 8.7253642283662955
-14.2314231423142274 -5.5194137546709037
-14.2114211421142045 -32.1044914549462987
-14.1914191419141815 -19.1695496515066957
-14.1714171417141728 -25.2299454786008752
-14.1514151415141498 -1.1974264621970825
-14.1314131413141268 -35.4338887299989551
-14.1114111411141039 -35.7127113427587375
-14.0914091409140809 -40.2467206182263197
-14.0714071407140722 -7.2821881985829684
-14.0514051405140492 -44.9674476326870547
-14.0314031403140262 -20.8154537537849258
-14.0114011401140033 -24.9625060240746528
-13.9913991399139803 9.4725069914376974
-13.9713971397139716 -18.8264356396584240
-13.9513951395139486 -47.9283085214974847
-13.9313931393139256 2.3653516751423957
-13.9113911391139027 -15.3156679399832090
-13.8913891389138939 -6.2649704410767484
-13.8713871387138710 4.8706751211514288
-13.8513851385138480 -39.4547714375211172
-13.8313831383138250 15.4745213743546017
-13.8113811381138021 -11.5547684144138465
-13.7913791379137933 3.2106650932518299
-13.7713771377137704 -15.2223857045514066
-13.7513751375137474 -20.7850202722290263
-13.7313731373137244 -25.5085554493632358
-13.7113711371137015 -36.0334725831735909
-13.6913691369136927 13.6823553078253610
-13.6713671367136698 -19.8908623758040441
-13.6513651365136468 -33.9921988960425949
-13.6313631363136238 -47.4260862034691399
-13.6113611361136009 -11.4003217932297254
-13.5913591359135921 -31.1353428547903164
-13.5713571357135692 -7.9678448444224070
-13.5513551355135462 -22.9751663806325155
-13.5313531353135232 -30.1558426249576286
-13.5113511351135003 -18.9402935349796913
-13.4913491349134915 17.3665913892298036
-13.4713471347134686 0.6168331910064708
-13.4513451345134456 -33.8500140420218329
-13.4313431343134226 13.4716416916627377
-13.4113411341134139 -25.4079081752268436
-13.3913391339133909 -12.9354859509645230
-13.3713371337133680 -7.4883133841269860
-13.3513351335133450 -28.8339744409750125
-13.3313331333133220 0.7731658354142183
-13.3113311331133133 -34.2624704763793915
-13.2913291329132903 -23.4443454992730551
-13.2713271327132674 -12.8446368118141816
-13.2513251325132444 -13.0797585206628142
-13.2313231323132214 -26.2622844978764221
-13.2113211321132127 -36.1213962798006847
-13.1913191319131897 -30.8797125831530721
-13.1713171317131668 -12.0975797447340092
-13.1513151315131438 4.9267595903751396
-13.1313131313131208 -21.5700140958083608
-13.1113111311131121 -26.1525273200602086
-13.0913091309130891 -29.7227736078613631
-13.0713071307130662 -25.4767707812362545
-13.0513051305130432 -30.6090323853710302
-13.0313031303130202 -39.7666864341085429
-13.0113011301130115 -17.0950890504362611
-12.9912991299129885 19.9560316213160434
-12.9712971297129656 -8.1934245468034490
-12.9512951295129426 -22.1692979620292121
-12.9312931293129338 -10.2500074438373456
-12.9112911291129109 9.7994908510731626
-12.8912891289128879 -27.7154738575541018
-12.8712871287128650 -27.6437634117652422
-12.8512851285128420 1.3532935879611259
-12.8312831283128332 -12.7087394919404240
-12.8112811281128103 -2.8703615889068210
-12.7912791279127873 -10.2559860951974677
-12.7712771277127644 -25.1198381087147879
-12.7512751275127414 -17.5225425254636029
-12.7312731273127326 -3.8602621447025136
-12.7112711271127097 -17.3378847244332626
-12.6912691269126867 -8.6702502087944033
-12.6712671267126638 -32.9375921114926058
-12.6512651265126408 -14.1516862318910572
-12.6312631263126320 -16.1119938384370407
-12.6112611261126091 -26.6696464046827657
-12.5912591259125861 -12.9218397286061393
-12.5712571257125632 -19.7165977408773863
-12.5512551255125402 -17.9769482664295452
-12.5312531253125314 -36.4794982288788603
-12.5112511251125085 -36.5064900475076897
-12.4912491249124855 -20.6440454234890325
-12.4712471247124626 -7.7221087138478639
-12.4512451245124538 29.4212615657581154
-12.4312431243124308 -3.1290888363457672
-12.4112411241124079 -26.7958104420044094
-12.3912391239123849 -4.1004317564247446
-12.3712371237123619 -37.9516422682722805
-12.3512351235123532 -35.5491892755974845
-12.3312331233123302 5.7332831153416262
-12.3112311231123073 19.8135331948938997
-12.2912291229122843 -11.5253890303963829
-12.2712271227122613 39.7611694347156543
-12.2512251225122526 -25.5590391329935755
-12.2312231223122296 9.7052697473773843
-12.2112211221122067 -1.4008040544741576
-12.1912191219121837 -13.2683528689073835
-12.1712171217121607 -4.1210227780630655
-12.1512151215121520 12.1034156601503682
-12.1312131213121290 -4.8776423849965287
-12.1112111211121061 -56.2651574155925829
-12.0912091209120831 -12.2523665767437642
-12.0712071207120601 -18.6435062789559822
-12.0512051205120514 -33.0916685943766211
-12.0312031203120284 -23.0703023969673424
-12.0112011201120055 -1.7006414441916764
-11.9911991199119825 21.4362632669852076
-11.9711971197119738 -16.1515415832221478
-11.9511951195119508 -17.2056472414161590
-11.9311931193119278 23.8784522644907504
-11.9111911191119049 -40.4434866374913611
-11.8911891189118819 -5.9433145606197328
-11.8711871187118732 -6.3554987285019440
-11.8511851185118502 -12.8647340844691129
-11.8311831183118272 -41.7786481752034433
-11.8111811181118043 -3.2129618457432860
-11.7911791179117813 5.4635043085190507
-11.7711771177117726 -10.3493675138610364
-11.7511751175117496 28.2064864084610996
-11.7311731173117266 6.0465365076119717
-11.7111711171117037 -15.2562903204689206
-11.6911691169116807 3.5353641921175214
-11.6711671167116720 2.2354971617465420
-11.6511651165116490 -3.2138792840844124
-11.6311631163116260 13.4028435433616515
-11.6111611161116031 4.6903679094932880
-11.5911591159115801 -7.2348371720954932
-11.5711571157115714 2.1133539955440117
-11.5511551155115484 6.5071985294039898
-11.5311531153115254 -23.2795359321007815
-11.5111511151115025 -6.1606876040324758
-11.4911491149114937 23.0654182534786578
-11.4711471147114707 -29.5972175776206363
-11.4511451145114478 -2.8228125884242274
-11.4311431143114248 30.7503246658605107
-11.4111411141114019 -6.0754235660333222
-11.3911391139113931 5.3097504065320891
-11.3711371137113701 -8.1633773464109769
-11.3511351135113472 -33.8141102453979840
-11.3311331133113242 -10.9387098733981478
-11.3111311131113013 -17.4198956885202847
-11.2911291129112925 6.1687999642601827
-11.2711271127112695 -9.8067829450765025
-11.2511251125112466 -19.3592180714484314
-11.2311231123112236 6.2449846687699813
-11.2111211121112007 -11.0519729777389699
-11.1911191119111919 -14.7122840635620094
-11.1711171117111689 25.9260639734157436
-11.1511151115111460 -17.7728549610219133
-11.1311131113111230 4.2412749440152488
-11.1111111111111001 -3.1910693514856900
-11.0911091109110913 8.8199843759423331
-11.0711071107110683 8.6028709268617458
-11.0511051105110454 -20.4993117571710144
-11.0311031103110224 -6.2671938730894130
-11.0111011101110137 5.3291781553258950
-10.9910991099109907 21.1487152278350337
-10.9710971097109677 -23.6674915931387773
-10.9510951095109448 -2.1869328373229342
-10.9310931093109218 -14.7398751528258014
-10.9110911091109131 40.5704758369244729
-10.8910891089108901 -13.7767621706668493
-10.8710871087108671 2.5446846834010577
-10.8510851085108442 13.4188434950215729
-10.8310831083108212 -36.7382123398055285
-10.8110811081108125 -11.7354349977809314
-10.7910791079107895 -44.6537264350853036
-10.7710771077107665 -7.4199928624543574
-10.7510751075107436 -1.7223055600053199
-10.7310731073107206 16.9710580018804080
-10.7110711071107119 24.4934829258280082
-10.6910691069106889 -14.1455027081095892
-10.6710671067106659 1.6335297638652717
-10.6510651065106430 -20.5486979321637904
-10.6310631063106200 -14.2042005851359292
-10.6110611061106113 -5.9686055343640785
-10.5910591059105883 8.6954405382003106
-10.5710571057105653 2.5475511739199854
-10.5510551055105424 -12.2834035639438248
-10.5310531053105336 26.6358573036603232
-10.5110511051105107 -36.7287214825035591
-10.4910491049104877 -34.9178086998331310
-10.4710471047104647 -6.6492454308810647
-10.4510451045104418 3.1416607372457799
-10.4310431043104330 -12.9096594851630186
-10.4110411041104101 -11.7396784629119999
-10.3910391039103871 -7.8936455174616560
-10.3710371037103641 9.2101258227354030
-10.3510351035103412 -27.1021347707069573
-10.3310331033103324 26.8338223876879560
-10.3110311031103095 -18.4025100014271530
-10.2910291029102865 -8.1585413706644410
-10.2710271027102635 -22.5259600597126699
-10.2510251025102406 -3.5439979062164850
-10.2310231023102318 -1.4263161476543131
-10.2110211021102089 -0.8316116540702732
-10.1910191019101859 22.5688737171682483
-10.1710171017101629 -2.3959833564879731
-10.1510151015101400 2.3728215563527328
-10.1310131013101312 -13.9223848669318020
-10.1110111011101083 2.8929848406257781
-10.0910091009100853 -14.4510523529724786
-10.0710071007100623 5.3421711151459395
-10.0510051005100536 -10.0466558967660333
-10.0310031003100306 9.0613292381432622
-10.0110011001100077 17.1486474759682181
-9.9909990999099847 17.9411391905093751
-9.9709970997099617 16.2242522477222266
-9.9509950995099530 7.1461224332756039
-9.9309930993099300 -38.4850990374469433
-9.9109910991099071 21.8048345978630493
-9.8909890989098841 12.9093681800995554
-9.8709870987098611 -33.5016672241666669
-9.8509850985098524 0.8753629449933182
-9.8309830983098294 21.5271097062894015
-9.8109810981098065 -37.6566106844382560
-9.7909790979097835 -1.1529028483918937
-9.7709770977097605 -40.3237466311104029
-9.7509750975097518 -9.0517052245817791
-9.7309730973097288 12.0222881259885135
-9.7109710971097059 -12.8766582681825668
-9.6909690969096829 21.4891414168276427
-9.6709670967096599 25.8557632065098488
-9.6509650965096512 14.8307013648398822
-9.6309630963096282 -6.2816714175328450
-9.6109610961096053 19.9572516112737048
-9.5909590959095823 -8.3049917239761406
-9.5709570957095735 -3.0357201908721771
-9.5509550955095506 0.3411010899574971
-9.5309530953095276 -9.1390279287206599
-9.5109510951095046 -12.1628945665039083
-9.4909490949094817 27.0731138299390395
-9.4709470947094729 -31.4914963321840204
-9.4509450945094500 8.5319422293121487
-9.4309430943094270 -3.4077662638002444
-9.4109410941094040 -13.6533342075069708
-9.3909390939093811 -22.6082396357512039
-9.3709370937093723 -10.3610998874207603
-9.3509350935093494 1.1598633668514124
-9.3309330933093264 47.2062841932408119
-9.3109310931093034 -2.7827526568229914
-9.2909290929092805 -10.9302305431491433
-9.2709270927092717 -13.5285687605886764
-9.2509250925092488 -16.6368596207878383
-9.2309230923092258 12.0705670712779209
-9.2109210921092028 -15.1525752480633820
-9.1909190919091799 15.5916327125503216
-9.1709170917091711 -2.3252754908495428
-9.1509150915091482 -18.6488446173082600
-9.1309130913091252 -14.4566256985154684
-9.1109110911091022 15.3616913718595427
-9.0909090909090935 15.4126287761107541
-9.0709070907090705 7.6417210069731762
-9.0509050905090476 -9.4707498380445223
-9.0309030903090246 -17.3295872810884219
-9.0109010901090016 6.0218953892990088
-8.9908990899089929 6.5252219282674702
-8.9708970897089699 7.7162047393597222
-8.9508950895089470 13.0685578752121234
-8.9308930893089240 7.8297056223401960
-8.9108910891089010 32.8759817003127708
-8.8908890889088923 6.9216740237679302
-8.8708870887088693 11.3524748243720950
-8.8508850885088464 6.1117555534790764
-8.8308830883088234 -26.4564152589839345
-8.8108810881088004 32.6111345344142194
-8.7908790879087917 -14.7215933556551324
-8.7708770877087687 -3.1108368625842022
-8.7508750875087458 -3.5070014056128969
-8.7308730873087228 -18.9513710137806370
-8.7108710871086998 12.6977064853745034
-8.6908690869086911 24.5669293211485211
-8.6708670867086681 8.1707279040766245
-8.6508650865086452 -1.0639577937147546
-8.6308630863086222 -6.0510753432346984
-8.6108610861086134 -28.0193887811579110
-8.5908590859085905 -9.8516273714466092
-8.5708570857085675 -7.4551681578647626
-8.5508550855085446 23.5197332578075233
-8.5308530853085216 5.4672717876280137
-8.5108510851085128 1.1565603361099628
-8.4908490849084899 -21.7724499759719023
-8.4708470847084669 -9.8421392991789247
-8.4508450845084440 18.2867637752421075
-8.4308430843084210 21.7335085270048012
-8.4108410841084122 7.6593155368931676
-8.3908390839083893 8.4854346479010356
-8.3708370837083663 15.8445458807099495
-8.3508350835083434 28.3732738861009146
-8.3308330833083204 51.1506003736215007
-8.3108310831083116 -21.8361797102294410
-8.2908290829082887 -31.9787845145219620
-8.2708270827082657 -20.4374809073744039
-8.2508250825082428 10.6496193303944100
-8.2308230823082198 -16.9474267185748104
-8.2108210821082110 10.0395687288597095
-8.1908190819081881 4.8831058931932194
-8.1708170817081651 3.8002793451529477
-8.1508150815081422 10.1325220191864567
-8.1308130813081334 17.9793125503887481
-8.1108110811081104 4.0542141710828163
-8.0908090809080875 -3.2376643849275957
-8.0708070807080645 16.7065760667993359
-8.0508050805080416 10.4608794033242010
-8.0308030803080328 6.3189373416375449
-8.0108010801080098 23.4734596412434513
-7.9907990799079869 29.0718677744491920
-7.9707970797079639 11.7126104119907737
-7.9507950795079410 -11.6792915019169836
-7.9307930793079322 -27.3304811794428133
-7.9107910791079092 -18.3848630547820129
-7.8907890789078863 19.4630759049114559
-7.8707870787078633 -40.1749632655981443
-7.8507850785078404 31.1880421303698405
-7.8307830783078316 -8.1277290210850310
-7.8107810781078086 -13.1516289974911285
-7.7907790779077857 -10.4895676207357340
-7.7707770777077627 -0.3050766913686251
-7.7507750775077398 5.8439556238836907
-7.7307730773077310 -22.4795371835277535
-7.7107710771077080 22.6402658576614826
-7.6907690769076851 -4.4947677492381519
-7.6707670767076621 6.3762334894300636
-7.6507650765076392 22.2883003312186716
-7.6307630763076304 7.0100228270775879
-7.6107610761076074 4.8707450227093583
-7.5907590759075845 21.2601652775931740
-7.5707570757075615 10.9574986948486348
-7.5507550755075528 -26.7253050960290892
-7.5307530753075298 1.6889894947906214
-7.5107510751075068 -11.6024645392604420
-7.4907490749074839 -14.4381797319679812
-7.4707470747074609 50.4523723658987109
-7.4507450745074522 -24.2104780466066742
-7.4307430743074292 -4.9199497280916971
-7.4107410741074062 -1.4058673349670641
-7.3907390739073833 28.2657541542295334
-7.3707370737073603 -15.9534965267163091
-7.3507350735073516 13.1703032405233937
-7.3307330733073286 6.7148244559955623
-7.3107310731073056 5.8376232147616767
-7.2907290729072827 3.5384000685332806
-7.2707270727072597 7.5689138031565140
-7.2507250725072510 1.9199589456669663
-7.2307230723072280 -21.3261195348749659
-7.2107210721072050 -26.6243090706471008
-7.1907190719071821 9.5362410642882107
-7.1707170717071591 13.6247713226956968
-7.1507150715071504 57.9613157023417784
-7.1307130713071274 -27.3714167603387537
-7.1107110711071044 4.3080988590995233
-7.0907090709070815 18.4092285024153099
-7.0707070707070727 8.2765002686079114
-7.0507050705070498 7.3156856417681944
-7.0307030703070268 0.2284428884290968
-7.0107010701070038 26.8440664680305119
-6.9906990699069809 -1.2765772101337616
-6.9706970697069721 15.3423670507322498
-6.9506950695069492 10.5107990257464543
-6.9306930693069262 9.6016678603069643
-6.9106910691069032 13.2144824487356569
-6.8906890689068803 15.0647726041344576
-6.8706870687068715 25.1121212555706492
-6.8506850685068486 -7.4581345924490012
-6.8306830683068256 4.1592524525864363
-6.8106810681068026 4.9829148013941467
-6.7906790679067797 6.3296582311731804
-6.7706770677067709 -1.7684409286444822
-6.7506750675067480 -12.1664268574895793
-6.7306730673067250 45.2833609675539961
-6.7106710671067020 54.8788489652072826
-6.6906690669066791 -18.5826163973568370
-6.6706670667066703 24.2055313557512335
-6.6506650665066473 11.2536095804460263
-6.6306630663066244 13.2287541114928899
-6.6106610661066014 38.9573014931201271
-6.5906590659065927 11.6387442495812792
-6.5706570657065697 23.2927006096229050
-6.5506550655065467 -34.2539761317619096
-6.5306530653065238 -26.2282880597228782
-6.5106510651065008 18.2264437251966491
-6.4906490649064921 4.2948404912642388
-6.4706470647064691 -7.0971568399894611
-6.4506450645064461 0.0379644678532323
-6.4306430643064232 14.2031170171337777
-6.4106410641064002 -11.0075921144377347
-6.3906390639063915 -10.8793185412283329
-6.3706370637063685 7.0316749916781616
-6.3506350635063455 22.5595243751744299
-6.3306330633063226 18.0613476397574750
-6.3106310631062996 2.9102347733756790
-6.2906290629062909 0.5523388065547685
-6.2706270627062679 4.3607060968934643
-6.2506250625062449 3.9574956127414862
-6.2306230623062220 13.3854484367497886
-6.2106210621061990 9.1478607374582719
-6.1906190619061903 41.2171725425535413
-6.1706170617061673 6.4515497222252725
-6.1506150615061443 -51.2715881581452209
-6.1306130613061214 28.8511084248228578
-6.1106110611061126 27.9574651184254819
-6.0906090609060897 18.9488972995518310
-6.0706070607060667 -13.7828474806640138
-6.0506050605060437 -5.9413791350490488
-6.0306030603060208 14.1890192259988197
-6.0106010601060120 -17.7975351247820015
-5.9905990599059891 -13.9215826713771040
-5.9705970597059661 22.5588758424515881
-5.9505950595059431 18.9716135584104038
-5.9305930593059202 12.0219229981497513
-5.9105910591059114 60.9996550934811381
-5.8905890589058885 19.1312619429848070
-5.8705870587058655 19.5083084705634739
-5.8505850585058425 31.7311183823875780
-5.8305830583058196 -19.5343156986527937
-5.8105810581058108 22.2871802623550543
-5.7905790579057879 31.8467629425811793
-5.7705770577057649 25.0741339650259434
-5.7505750575057419 -22.8193815768752586
-5.7305730573057190 9.0486815487543684
-5.7105710571057102 22.7687635376530153
-5.6905690569056873 19.7687249721408875
-5.6705670567056643 12.7272159961943174
-5.6505650565056413 -3.6455734278740071
-5.6305630563056326 28.6795204026476753
-5.6105610561056096 23.1084954472489343
-5.5905590559055867 -4.3502130938614556
-5.5705570557055637 -7.1348744748063524
-5.5505550555055407 -19.3576912002020194
-5.5305530553055320 35.2277658146021224
-5.5105510551055090 -4.3116785284130135
-5.4905490549054861 2.5410813332791466
-5.4705470547054631 7.1042213825109517
-5.4505450545054401 3.3073499670482995
-5.4305430543054314 38.2235549937587606
-5.4105410541054084 -34.7183724495053951
-5.3905390539053855 15.7799998810087363
-5.3705370537053625 19.3305919315486285
-5.3505350535053395 13.2937684284209343
-5.3305330533053308 -3.5797108689835166
-5.3105310531053078 2.1860878267550889
-5.2905290529052849 40.8911513340379855
-5.2705270527052619 21.9390622045046442
-5.2505250525052389 -17.1298437393489138
-5.2305230523052302 17.3791819095332016
-5.2105210521052072 -13.3909649292097868
-5.1905190519051843 -30.7591833390240303
-5.1705170517051613 -9.1501001118622050
-5.1505150515051525 34.6424564336628080
-5.1305130513051296 28.8768626457048967
-5.1105110511051066 -42.0979242264389839
-5.0905090509050837 -10.5895499185305759
-5.0705070507050607 15.0139576353459177
-5.0505050505050519 7.9331498047010918
-5.0305030503050290 3.0473376099983485
-5.0105010501050060 22.8249065814040009
-4.9904990499049831 10.4779217537770162
-4.9704970497049601 0.2958788360895390
-4.9504950495049513 17.5360640300183732
-4.9304930493049284 47.0162181482710579
-4.9104910491049054 36.1896393574408819
-4.8904890489048825 -33.2443522411924377
-4.8704870487048595 1.5749469705975816
-4.8504850485048507 26.5573886179548353
-4.8304830483048278 10.4842457655193719
-4.8104810481048048 18.9010203579809080
-4.7904790479047819 -0.7132492447811654
-4.7704770477047589 22.5341814963390803
-4.7504750475047501 36.4555326164815767
-4.7304730473047272 0.7030781886076678
-4.7104710471047042 -8.6077349888210009
-4.6904690469046812 2.9112313977292086
-4.6704670467046725 18.7333054077823107
-4.6504650465046495 -2.1047682105341554
-4.6304630463046266 -33.3167141586209254
-4.6104610461046036 12.3190105850443778
-4.5904590459045806 1.0802710801087585
-4.5704570457045719 45.3709651625811006
-4.5504550455045489 34.6258934721327805
-4.5304530453045260 2.7399535858519846
-4.5104510451045030 4.8234169108102316
-4.4904490449044800 6.7638529703421044
-4.4704470447044713 14.4424016180529815
-4.4504450445044483 -29.7302981664655306
-4.4304430443044254 2.9078866679133828
-4.4104410441044024 -21.4347067251128784
-4.3904390439043794 5.6618829984872283
-4.3704370437043707 16.1381998665468629
-4.3504350435043477 12.1814357976262446
-4.3304330433043248 12.4171501163468569
-4.3104310431043018 0.9814706469608954
-4.2904290429042788 43.1370014036532012
-4.2704270427042701 -3.5914966296783817
-4.2504250425042471 16.9307208718381901
-4.2304230423042242 -4.8972982476547031
-4.2104210421042012 -6.8112642470766573
-4.1904190419041925 23.9979633622114932
-4.1704170417041695 47.6470412567451049
-4.1504150415041465 -1.9400246797563092
-4.1304130413041236 10.8643784442466913
-4.1104110411041006 -25.3517616493367797
-4.0904090409040919 19.8357010797680928
-4.0704070407040689 43.2437860213450733
-4.0504050405040459 16.4357360936111014
-4.0304030403040230 -1.4632933566925335
-4.0104010401040000 6.0706725916594806
-3.9903990399039913 31.0838421248910777
-3.9703970397039683 13.1355778195125126
-3.9503950395039453 4.0524935605926897
-3.9303930393039224 34.0552010551311213
-3.9103910391038994 18.5105328897049120
-3.8903890389038907 11.2358642120255094
-3.8703870387038677 1.5602423729807935
-3.8503850385038447 -1.4368375000484157
-3.8303830383038218 -1.1111963917275052
-3.8103810381037988 20.9387263804567780
-3.7903790379037900 36.4711067502182331
-3.7703770377037671 35.8348980790407197
-3.7503750375037441 48.2768495031704106
-3.7303730373037212 -0.5526805165472677
-3.7103710371037124 6.4952401702534868
-3.6903690369036894 -3.3083427677181341
-3.6703670367036665 -9.9008787497927280
-3.6503650365036435 1.4345978410443969
-3.6303630363036206 36.1891161429939814
-3.6103610361036118 9.6488002366685084
-3.5903590359035888 28.2981556174229283
-3.5703570357035659 50.9837983460542219
-3.5503550355035429 5.5095654599176029
-3.5303530353035200 19.3870204882185888
-3.5103510351035112 19.4731820198450336
-3.4903490349034882 10.3820166956135314
-3.4703470347034653 45.8644577150307313
-3.4503450345034423 5.1807130808641970
-3.4303430343034194 11.8433226763482455
-3.4103410341034106 45.8109181553787508
-3.3903390339033876 41.9355949988065220
-3.3703370337033647 2.3651994156093483
-3.3503350335033417 -1.9087993306528777
-3.3303330333033188 11.0674542163715390
-3.3103310331033100 -11.1076917386198541
-3.2903290329032870 -7.3434877150750548
-3.2703270327032641 12.3456673258299343
-3.2503250325032411 3.7999109068436994
-3.2303230323032324 -5.7463069720875133
-3.2103210321032094 -15.0527763860260535
-3.1903190319031864 38.4969556000354203
-3.1703170317031635 27.0730800038886272
-3.1503150315031405 41.1316163507682120
-3.1303130313031318 -5.1953742395402216
-3.1103110311031088 29.6651075600432925
-3.0903090309030858 -1.6201706148435697
-3.0703070307030629 6.3103310924844651
-3.0503050305030399 -15.1525516808872940
-3.0303030303030312 0.4814693482096910
-3.0103010301030082 -7.6098802142995474
-2.9902990299029852 11.3017030314853688
-2.9702970297029623 7.8018996208247300
-2.9502950295029393 5.7017032240749419
-2.9302930293029306 17.8789027653778376
-2.9102910291029076 13.1682650612665810
-2.8902890289028846 -7.9246676062934949
-2.8702870287028617 2.6615882237774553
-2.8502850285028387 -9.2189063010329235
-2.8302830283028300 18.8672890863377702
-2.8102810281028070 -30.7961061622660139
-2.7902790279027840 11.0643688023950286
-2.7702770277027611 -5.2496155150534349
-2.7502750275027523 33.9642722648454694
-2.7302730273027294 6.5990209109780915
-2.7102710271027064 19.0485087264113275
-2.6902690269026834 20.5330095731656499
-2.6702670267026605 2.0985885078318951
-2.6502650265026517 5.0813681706000331
-2.6302630263026288 37.0188057764563183
-2.6102610261026058 10.4542970936188322
-2.5902590259025828 15.7305060381238189
-2.5702570257025599 -7.1554728618512495
-2.5502550255025511 42.1278930190114309
-2.5302530253025282 13.3763552123232703
-2.5102510251025052 37.9954203576233738
-2.4902490249024822 0.8300176400464672
-2.4702470247024593 26.4277518342266688
-2.4502450245024505 38.6874908249194362
-2.4302430243024276 21.0698819922482379
-2.4102410241024046 -15.7457550631685574
-2.3902390239023816 33.4076511942168821
-2.3702370237023587 -0.7155651366365081
-2.3502350235023499 40.4985455818176376
-2.3302330233023270 -18.1255366549457335
-2.3102310231023040 50.4430719706214745
-2.2902290229022810 22.6624498558366625
-2.2702270227022723 7.8463250882345017
-2.2502250225022493 23.8534288711733566
-2.2302230223022264 23.4860544423002580
-2.2102210221022034 -0.4935279211111592
-2.1902190219021804 31.6514137993998190
-2.1702170217021717 7.3704343990022361
-2.1502150215021487 32.5808731059121399
-2.1302130213021258 19.9868383446765812
-2.1102110211021028 15.6216580608351787
-2.0902090209020798 47.4748252349529167
-2.0702070207020711 27.7860694504763259
-2.0502050205020481 21.6612268945412012
-2.0302030203020252 -11.2535275513292188
-2.0102010201020022 27.9581440175472125
-1.9901990199019792 9.4914455088000018
-1.9701970197019705 9.5235325036041463
-1.9501950195019475 24.2191652175807413
-1.9301930193019246 22.8521807448567955
-1.9101910191019016 30.3169491678160234
-1.8901890189018786 56.4981770096969527
-1.8701870187018699 14.6594608526243988
-1.8501850185018469 38.6652544155794260
-1.8301830183018239 15.8684174196652865
-1.8101810181018010 52.4781573933130261
-1.7901790179017922 46.3251449972432496
-1.7701770177017693 29.2966555237699495
-1.7501750175017463 6.0624244299084893
-1.7301730173017233 40.0465397515107497
-1.7101710171017004 5.7008629564452722
-1.6901690169016916 41.6104682698581101
-1.6701670167016687 -14.9010346353849865
-1.6501650165016457 4.7627821035196369
-1.6301630163016227 -14.3250913170305125
-1.6101610161015998 6.6836254505875150
-1.5901590159015910 13.9733130103440040
-1.5701570157015681 20.5756502229919569
-1.5501550155015451 21.3883166840158765
-1.5301530153015221 10.7341922271249910
-1.5101510151014992 -2.9319587666749456
-1.4901490149014904 -3.8018159025369727
-1.4701470147014675 31.6579444168189639
-1.4501450145014445 36.7422250547084701
-1.4301430143014215 6.2596049932402771
-1.4101410141013986 -31.1871696703017562
-1.3901390139013898 1.5881900184790467
-1.3701370137013669 15.1627508508487310
-1.3501350135013439 5.8504279414984985
-1.3301330133013209 36.9107288980691877
-1.3101310131013122 11.3059074224941103
-1.2901290129012892 6.5061611219840341
-1.2701270127012663 23.6080810523987381
-1.2501250125012433 15.9137253467953670
-1.2301230123012203 33.2894148705679669
-1.2101210121012116 13.3674565867156776
-1.1901190119011886 -18.2581391340269192
-1.1701170117011657 30.5800052114483023
-1.1501150115011427 -31.7140988784941378
-1.1301130113011197 29.1185783074216644
-1.1101110111011110 21.9223593536444028
-1.0901090109010880 31.0776576767867603
-1.0701070107010651 -11.6966360428614351
-1.0501050105010421 12.8878472922864997
-1.0301030103010191 -10.7028379688481436
-1.0101010101010104 -21.7903140801742019
-0.9900990099009874 30.1596078387984008
-0.9700970097009645 16.2118775371787684
-0.9500950095009415 21.6711010289291366
-0.9300930093009185 32.2294385457142383
-0.9100910091009098 7.3632288698561101
-0.8900890089008868 3.2792921480791648
-0.8700870087008639 30.0010656782135428
-0.8500850085008409 45.5210054716116446
-0.8300830083008321 -11.7451131426710198
-0.8100810081008092 19.8170428928543743
-0.7900790079007862 1.5546055231035165
-0.7700770077007633 9.5363919445538805
-0.7500750075007403 -4.2585836181063996
-0.7300730073007315 24.8935523422763723
-0.7100710071007086 29.6116103585077823
-0.6900690069006856 25.2444106282160305
-0.6700670067006627 35.3263978745816871
-0.6500650065006397 20.3290283810340462
-0.6300630063006309 37.5901365142109185
-0.6100610061006080 26.4608443704335130
-0.5900590059005850 22.1720559329888687
-0.5700570057005621 41.4331068355050860
-0.5500550055005391 -3.1329436372266493
-0.5300530053005303 24.7741059772442647
-0.5100510051005074 18.3892941143846080
-0.4900490049004844 40.1777171522430905
-0.4700470047004615 39.9524247316700212
-0.4500450045004385 30.2155764773866338
-0.4300430043004297 31.6943292056243422
-0.4100410041004068 29.8102611013205063
-0.3900390039003838 60.8215700979697402
-0.3700370037003609 13.0761370817235534
-0.3500350035003521 30.3995700499354342
-0.3300330033003291 -3.2673689323305659
-0.3100310031003062 8.6048414273954954
-0.2900290029002832 8.7396609925145050
-0.2700270027002603 0.3307809185706780
-0.2500250025002515 9.9635797463798603
-0.2300230023002285 41.7494577586105891
-0.2100210021002056 37.2611359462005680
-0.1900190019001826 10.9431778426697832
-0.1700170017001597 47.8021784572872406
-0.1500150015001509 25.8208861653583384
-0.1300130013001279 14.8261048034722656
-0.1100110011001050 29.0981386637640327
-0.0900090009000820 19.6902371191713890
-0.0700070007000591 21.0394139453348217
-0.0500050005000503 14.6019817526400661
-0.0300030003000273 42.4412730103134450
-0.0100010001000044 15.5242033935477952
0.0100010001000186 -21.6910595773440562
0.0300030003000415 19.5528809929145133
0.0500050005000503 -10.3552940370303403
0.0700070007000733 23.5526534698705312
0.0900090009000962 25.3860190810982083
0.1100110011001192 54.4523440664271305
0.1300130013001279 6.8168136671549853
0.1500150015001509 -0.5339426264067768
0.1700170017001739 4.1854894346724656
0.1900190019001968 1.6864887155048365
0.2100210021002198 -8.1174656790060524
0.2300230023002285 -8.3019329584541381
0.2500250025002515 21.3149172238646365
0.2700270027002745 54.0386368739441636
0.2900290029002974 68.2792587838188467
0.3100310031003204 49.5302580121364144
0.3300330033003291 3.6352850187152193
0.3500350035003521 -5.1331866759007205
0.3700370037003751 16.3506622243777429
0.3900390039003980 0.5201200875413683
0.4100410041004210 39.6930979743004357
0.4300430043004297 -30.0477662607881548
0.4500450045004527 -9.9085042941672974
0.4700470047004757 17.8123683052040995
0.4900490049004986 13.6392906180637539
0.5100510051005216 9.4128795526502440
0.5300530053005303 33.1341579991426300
0.5500550055005533 19.3592239031881768
0.5700570057005763 26.4734246157392619
0.5900590059005992 22.0443196465099547
0.6100610061006080 16.8033326063164772
0.6300630063006309 26.6240097353317893
0.6500650065006539 10.5421813394425037
0.6700670067006769 48.4167511580212420
0.6900690069006998 15.3408601754420673
0.7100710071007086 10.5849684874632768
0.7300730073007315 27.9732231207748825
0.7500750075007545 18.5450330401061656
0.7700770077007775 9.8385883897220801
0.7900790079008004 51.9705651705678378
0.8100810081008092 -3.2320801954031246
0.8300830083008321 -2.6823010295908460
0.8500850085008551 18.7423674634531885
0.8700870087008781 17.4638182851411585
0.8900890089009010 27.4287806440464159
0.9100910091009098 30.1552978987744531
0.9300930093009327 20.9754463576098793
0.9500950095009557 41.8257676657638910
0.9700970097009787 33.0669168472338910
0.9900990099010016 0.6424505830563696
1.0101010101010104 -2.8783431284780576
1.0301030103010334 18.8848456538278633
1.0501050105010563 28.6048210961222296
1.0701070107010793 11.4549792288373116
1.0901090109010880 23.8782660993449198
1.1101110111011110 -3.6435811099490785
1.1301130113011340 32.8798979876574577
1.1501150115011569 28.4332444903253290
1.1701170117011799 4.8170244849593402
1.1901190119011886 17.1886674673971456
1.2101210121012116 12.6994415202703941
1.2301230123012346 12.2507163148146532
1.2501250125012575 22.5132274927681344
1.2701270127012805 -10.0743797849827210
1.2901290129012892 45.2887494096920875
1.3101310131013122 21.8436178873723037
1.3301330133013352 10.0646339630459902
1.3501350135013581 27.8047319668270774
1.3701370137013811 28.6311560676148176
1.3901390139013898 38.8757058441745471
1.4101410141014128 14.6277089448413484
1.4301430143014358 -7.7221824550334297
1.4501450145014587 11.7764147342252166
1.4701470147014817 23.5887915762105216
1.4901490149014904 2.2851225839452241
1.5101510151015134 14.4317539568773299
1.5301530153015364 33.5188792306066929
1.5501550155015593 45.9886257797034119
1.5701570157015681 10.9172269710209360
1.5901590159015910 20.8230707864052391
1.6101610161016140 29.0564073330484618
1.6301630163016370 30.4433550043083088
1.6501650165016599 2.2117090935297306
1.6701670167016687 15.6402336889001532
1.6901690169016916 6.1275080625118736
1.7101710171017146 18.5400292695616606
1.7301730173017376 9.3808477073116840
1.7501750175017605 39.2004288779968562
1.7701770177017693 12.5704510076169100
1.7901790179017922 35.0543148425057751
1.8101810181018152 37.9608844901916598
1.8301830183018382 35.2938539025712004
1.8501850185018611 10.7916785624465241
1.8701870187018699 19.4557315449848076
1.8901890189018928 25.9124462827300803
1.9101910191019158 18.2440554988087413
1.9301930193019388 11.0401118873932198
1.9501950195019617 45.9903230459598404
1.9701970197019705 6.2686998211791209
1.9901990199019934 25.0697029782535736
2.0102010201020164 45.8238381478683721
2.0302030203020394 13.1618788898606098
2.0502050205020481 6.0295861588320214
2.0702070207020711 56.3101500704706339
2.0902090209020940 -9.8610942561375801
2.1102110211021170 49.2089021670400228
2.1302130213021400 19.5465524530841570
2.1502150215021487 44.0983900136843232
2.1702170217021717 10.6833873728625690
2.1902190219021946 45.9139782860230099
2.2102210221022176 57.2901626960085011
2.2302230223022406 11.7352965463967873
2.2502250225022493 28.9875053882935525
2.2702270227022723 47.5459874812041079
2.2902290229022952 -17.6109427435880299
2.3102310231023182 16.9018507129530526
2.3302330233023412 33.8431037125799890
2.3502350235023499 38.0403198954357862
2.3702370237023729 29.2986918165873931
2.3902390239023958 29.4237775792490410
2.4102410241024188 30.7916699887436280
2.4302430243024418 19.9374764159204076
2.4502450245024505 53.6215307365168883
2.4702470247024735 18.8778403566179165
2.4902490249024964 1.4270051212244255
2.5102510251025194 32.8477290480798203
2.5302530253025424 11.1344135001881064
2.5502550255025511 21.9595589025122067
2.5702570257025741 8.3362257671115181
2.5902590259025970 24.3190880409277419
2.6102610261026200 9.3341741893131349
2.6302630263026288 25.1429531407308460
2.6502650265026517 3.1467595434804885
2.6702670267026747 -8.7480687568548525
2.6902690269026976 16.8007509761527523
2.7102710271027206 0.2297147835370303
2.7302730273027294 30.9778433925559717
2.7502750275027523 32.2235311556347952
2.7702770277027753 25.2035085829173227
2.7902790279027982 -4.6188295697462394
2.8102810281028212 22.9809038787010635
2.8302830283028300 26.1463874668380143
2.8502850285028529 14.6391739920213926
2.8702870287028759 23.9098710436779527
2.8902890289028988 -2.6255781708148795
2.9102910291029218 -25.9666173078822702
2.9302930293029306 15.1150087165945752
2.9502950295029535 16.1739490864462425
2.9702970297029765 19.8771346570713696
2.9902990299029995 42.1888679607625363
3.0103010301030224 26.6552960411712405
3.0303030303030312 38.4727491815085756
3.0503050305030541 -2.9428982947183435
3.0703070307030771 31.0193226243634257
3.0903090309031001 16.6568568191168787
3.1103110311031088 11.4309137356016937
3.1303130313031318 12.0479470581577068
3.1503150315031547 -2.7187025422572333
3.1703170317031777 13.5236089680117448
3.1903190319032007 12.4083640693583384
3.2103210321032094 10.5833315800568393
3.2303230323032324 -0.6473229908603493
3.2503250325032553 29.5204520343773851
3.2703270327032783 39.0107897554874228
3.2903290329033013 41.1115830215600511
3.3103310331033100 11.4404214956432462
3.3303330333033330 23.0947032588993011
3.3503350335033559 1.7098124778657855
3.3703370337033789 52.7215859185480795
3.3903390339034019 28.7633585960664355
3.4103410341034106 16.3993562837943365
3.4303430343034336 -1.2629471280602154
3.4503450345034565 7.7446093817057946
3.4703470347034795 35.2037940856268392
3.4903490349035025 -2.2070872899030611
3.5103510351035112 -15.6415271461669398
3.5303530353035342 51.8171045048575110
3.5503550355035571 4.1894740513510431
3.5703570357035801 17.5344934909568764
3.5903590359035888 26.8964248128219694
3.6103610361036118 18.8550700559074862
3.6303630363036348 7.1487986242641561
3.6503650365036577 48.7978121117186703
3.6703670367036807 42.0079347948256867
3.6903690369036894 13.9385671794505370
3.7103710371037124 25.6759232521819953
3.7303730373037354 17.6096841774977975
3.7503750375037583 61.1836444958405963
3.7703770377037813 10.5696341803990901
3.7903790379037900 12.3437617096597130
3.8103810381038130 47.2873392452295249
3.8303830383038360 -21.6973604319349427
3.8503850385038589 7.7469631441244093
3.8703870387038819 -24.8111009275732641
3.8903890389038907 5.7703969146446372
3.9103910391039136 29.9408994930623109
3.9303930393039366 21.7313282668977443
3.9503950395039595 15.6449735823644094
3.9703970397039825 -35.1335761463695491
3.9903990399039913 24.5979703938579277
4.0104010401040142 26.7851056726739287
4.0304030403040372 -0.2046907397463400
4.0504050405040601 27.5791207404999454
4.0704070407040689 39.6482115601856577
4.0904090409040919 13.0672685694527999
4.1104110411041148 30.2854028436981260
4.1304130413041378 26.7145957528372016
4.1504150415041607 6.9985687476330245
4.1704170417041695 -2.7668067688951190
4.1904190419041925 27.2324896245834864
4.2104210421042154 32.5273458047303592
4.2304230423042384 34.0120049540176836
4.2504250425042613 -4.5922763490795440
4.2704270427042701 33.1821780567677749
4.2904290429042931 0.8974033650380910
4.3104310431043160 -12.3091261413943052
4.3304330433043390 24.2282559998712017
4.3504350435043619 19.9901324330992587
4.3704370437043707 -8.6317258899097240
4.3904390439043937 8.4702884236011791
4.4104410441044166 -6.4295273594399838
4.4304430443044396 -5.2133487384016846
4.4504450445044625 33.5324946677680202
4.4704470447044713 36.1890761626025323
4.4904490449044943 24.4466221406319235
4.5104510451045172 19.6319873899250759
4.5304530453045402 28.4253863867103185
4.5504550455045489 -16.1468752603287342
4.5704570457045719 -24.1622623982368410
4.5904590459045949 1.0816779502074851
4.6104610461046178 54.6757559328450782
4.6304630463046408 22.3675326767904394
4.6504650465046495 -4.3624752607507169
4.6704670467046725 21.5424280438823708
4.6904690469046955 9.2365084093434984
4.7104710471047184 23.8236456717980154
4.7304730473047414 -6.8613943942367044
4.7504750475047501 -9.7756989420873310
4.7704770477047731 27.7376809011647083
4.7904790479047961 18.3263614195294764
4.8104810481048190 26.7393574223608468
4.8304830483048420 52.2846138823794604
4.8504850485048507 -10.4944209559885984
4.8704870487048737 -14.1587732975466949
4.8904890489048967 3.1352698089557300
4.9104910491049196 27.8571239487234976
4.9304930493049426 6.3687199908154124
4.9504950495049513 12.4279269435269661
4.9704970497049743 20.5282134898387625
4.9904990499049973 47.8909258899524843
5.0105010501050202 3.1356787141502949
5.0305030503050290 29.4008870966068159
5.0505050505050519 26.3213453850482999
5.0705070507050749 16.1140192699685088
5.0905090509050979 15.2350900651599837
5.1105110511051208 3.4532945777232751
5.1305130513051296 -23.7793779110789565
5.1505150515051525 14.1213055697552257
5.1705170517051755 31.3413313750882736
5.1905190519051985 -29.2479610056151103
5.2105210521052214 25.6310103545059782
5.2305230523052302 29.9837197666269759
5.2505250525052531 12.3705150419356400
5.2705270527052761 35.4257037514676227
5.2905290529052991 1.8295185867782600
5.3105310531053220 16.5464907460179376
5.3305330533053308 11.3608847652944540
5.3505350535053537 26.5423066129466214
5.3705370537053767 37.4677484891182360
5.3905390539053997 -37.5618423346569585
5.4105410541054226 15.7260320741612176
5.4305430543054314 27.4676169753286530
5.4505450545054543 5.2022690871965569
5.4705470547054773 55.0453025010902905
5.4905490549055003 64.8396274943587940
5.5105510551055090 13.7409647602519271
5.5305530553055320 28.3341714294705831
5.5505550555055549 24.0085512062985487
5.5705570557055779 14.1829755802738511
5.5905590559056009 29.3698009510924685
5.6105610561056096 30.0541649627294234
5.6305630563056326 -6.6400056844768542
5.6505650565056555 2.1578767270283095
5.6705670567056785 -2.0003412599589581
5.6905690569057015 27.4538187814469907
5.7105710571057102 -9.5632855247323079
5.7305730573057332 -9.8453702092688609
5.7505750575057561 29.5771714967081181
5.7705770577057791 27.0517770473323473
5.7905790579058021 19.6012592298981687
5.8105810581058108 18.9196909492867924
5.8305830583058338 11.3313609076926340
5.8505850585058568 -12.8422427287320424
5.8705870587058797 16.1218105160459864
5.8905890589059027 -2.7130570805607412
5.9105910591059114 14.2568930417652702
5.9305930593059344 18.1506798575673898
5.9505950595059574 18.4379510226466898
5.9705970597059803 -8.7442962139165914
5.9905990599059891 40.7543826585529985
6.0106010601060120 31.1540507602778582
6.0306030603060350 20.5359519833903903
6.0506050605060580 21.0366169624677362
6.0706070607060809 9.4769679201623607
6.0906090609060897 36.3853079248682576
6.1106110611061126 24.6522843035153727
6.1306130613061356 -30.7131602069529208
6.1506150615061586 38.6128136072387775
6.1706170617061815 22.3819311773659919
6.1906190619061903 31.5894629566369431
6.2106210621062132 -1.2392816884908271
6.2306230623062362 0.2132455787305787
6.2506250625062592 29.8229933640811247
6.2706270627062821 -16.9144296640351044
6.2906290629062909 -1.9825030013720948
6.3106310631063138 1.7348197172442710
6.3306330633063368 23.0136955443588285
6.3506350635063598 29.3053213943510471
6.3706370637063827 24.4878069318042932
6.3906390639063915 4.7124815076223836
6.4106410641064144 22.9169235274470928
6.4306430643064374 49.6644920153256351
6.4506450645064604 31.7131170773227034
6.4706470647064691 38.7614062996339541
6.4906490649064921 18.5669247835326594
6.5106510651065150 27.4859662834267944
6.5306530653065380 23.8677171950777876
6.5506550655065610 6.1006162969118254
6.5706570657065697 4.0769005394261111
6.5906590659065927 24.2389833024009533
6.6106610661066156 7.9124160495078346
6.6306630663066386 31.4639904490521900
6.6506650665066616 2.1254674332753360
6.6706670667066703 45.5859263908843957
6.6906690669066933 40.9280016820504713
6.7106710671067162 -2.4320617554648472
6.7306730673067392 23.2339775196476914
6.7506750675067622 23.4712305090476718
6.7706770677067709 -18.7136358567427195
6.7906790679067939 23.0317242268413338
6.8106810681068168 32.9341543914910346
6.8306830683068398 12.4052973209575406
6.8506850685068628 -1.8554738872548029
6.8706870687068715 9.7562835428369556
6.8906890689068945 30.2524801521729785
6.9106910691069174 33.0929607124231069
6.9306930693069404 9.6315392757288567
6.9506950695069492 -6.0515124075775120
6.9706970697069721 52.1375697264320053
6.9906990699069951 54.7631726762319175
7.0107010701070180 14.8757998795713160
7.0307030703070410 1.2431834291408030
7.0507050705070498 22.3922264091063106
7.0707070707070727 -5.1984727370256572
7.0907090709070957 9.8945029948047747
7.1107110711071186 21.1231806575961407
7.1307130713071416 -18.7507495639728212
7.1507150715071504 -3.2417258966727580
7.1707170717071733 -26.6270192745816558
7.1907190719071963 37.8028618776130543
7.2107210721072192 0.7337498903229864
7.2307230723072422 8.9455087327947940
7.2507250725072510 37.2447194457798929
7.2707270727072739 39.5194936286952441
7.2907290729072969 8.0604042261269804
7.3107310731073198 41.5355243497403137
7.3307330733073428 -4.7517178344480016
7.3507350735073516 5.2487126338421373
7.3707370737073745 2.4446735745094514
7.3907390739073975 29.6963246145410054
7.4107410741074204 22.9262166384535995
7.4307430743074292 10.4426618895727152
7.4507450745074522 5.0188646930914143
7.4707470747074751 -19.1155633090023933
7.4907490749074981 23.4187596570040597
7.5107510751075210 28.8045039495828412
7.5307530753075298 11.9886999046835552
7.5507550755075528 15.2708568678969421
7.5707570757075757 55.6045932501030933
7.5907590759075987 23.1154651438653360
7.6107610761076216 22.4199337125058982
7.6307630763076304 32.1416759696403815
7.6507650765076534 5.2600860667193103
7.6707670767076763 46.1645024152984931
7.6907690769076993 11.0563648678101529
7.7107710771077222 17.2528525977484861
7.7307730773077310 -5.4892372872357136
7.7507750775077540 3.9818485623642150
7.7707770777077769 43.4474260498062108
7.7907790779077999 30.6646965669358238
7.8107810781078229 1.9072190926603039
7.8307830783078316 0.6531095590035001
7.8507850785078546 42.0285942029707797
7.8707870787078775 15.5134880001635374
7.8907890789079005 -1.9907004704029134
7.9107910791079092 -8.3219682199726392
7.9307930793079322 -5.0697372739822377
7.9507950795079552 33.8578364958676303
7.9707970797079781 33.5893676590229333
7.9907990799080011 38.1362872948713800
8.0108010801080098 7.1634528201483807
8.0308030803080328 8.9282097442144153
8.0508050805080558 51.5067553830455438
8.0708070807080787 -3.0394456059137198
8.0908090809081017 30.4840594485554846
8.1108110811081104 15.5146727775225202
8.1308130813081334 9.2542068948701335
8.1508150815081564 23.6847716931102958
8.1708170817081793 9.1937481675211750
8.1908190819082023 33.5862542132558275
8.2108210821082110 21.8844206918361621
8.2308230823082340 54.7479839309301184
8.2508250825082570 16.8052560361376422
8.2708270827082799 32.7048442490623330
8.2908290829083029 -30.3076265241790566
8.3108310831083116 -10.7450219940089369
8.3308330833083346 -14.6235363658294411
8.3508350835083576 4.3339347914879802
8.3708370837083805 45.3719116297368856
8.3908390839083893 21.8402516765948391
8.4108410841084122 2.0024482522625728
8.4308430843084352 8.6059484608727583
8.4508450845084582 42.0892586200425427
8.4708470847084811 14.5440956575357685
8.4908490849084899 -2.4326620132511927
8.5108510851085128 1.5089949911989198
8.5308530853085358 43.9864221003586238
8.5508550855085588 47.6421322231961781
8.5708570857085817 5.2771331375382609
8.5908590859085905 31.8230826922215684
8.6108610861086134 16.0780736272618050
8.6308630863086364 2.9583321295314633
8.6508650865086594 27.9502222124075388
8.6708670867086823 -12.8597216428294079
8.6908690869086911 37.7242996492347373
8.7108710871087141 35.8864742300813901
8.7308730873087370 23.3123051375448398
8.7508750875087600 -17.0570004882136779
8.7708770877087829 31.4055153507791260
8.7908790879087917 8.4014425638522106
8.8108810881088147 16.6335724864018495
8.8308830883088376 31.5852379182728527
8.8508850885088606 10.3257796605893297
8.8708870887088693 2.0772046397990511
8.8908890889088923 7.5051509202459954
8.9108910891089153 48.2193170369416251
8.9308930893089382 13.2395740842609495
8.9508950895089612 50.0603383783281686
8.9708970897089699 2.8181909695169374
8.9908990899089929 9.4152062955907745
9.0109010901090159 22.9913504067256937
9.0309030903090388 0.5714368791021052
9.0509050905090618 -4.9641723398119382
9.0709070907090705 24.9892291271584455
9.0909090909090935 -7.9301321101244806
9.1109110911091165 -21.8587607298463773
9.1309130913091394 34.5230364602866970
9.1509150915091624 -15.3134166999327537
9.1709170917091711 33.4873250156346600
9.1909190919091941 42.5938324820574010
9.2109210921092171 -15.8799285246326782
9.2309230923092400 48.2537138680870328
9.2509250925092630 6.9492433885450833
9.2709270927092717 0.9777622903426924
9.2909290929092947 31.7591249827534234
9.3109310931093177 -24.5411238696105656
9.3309330933093406 50.4223514983956136
9.3509350935093494 29.5796830748452209
9.3709370937093723 26.1303316689683172
9.3909390939093953 9.0797141658512182
9.4109410941094183 27.2783533623994785
9.4309430943094412 -9.2476760830637517
9.4509450945094500 7.5176324130287950
9.4709470947094729 33.8682861819349910
9.4909490949094959 -17.8239143428840308
9.5109510951095189 27.1403073034109497
9.5309530953095418 1.5002015319733779
9.5509550955095506 26.6009318121661380
9.5709570957095735 36.0223887246294936
9.5909590959095965 -0.9904354710863590
9.6109610961096195 18.7157884745992575
9.6309630963096424 28.8112194506817616
9.6509650965096512 16.6170245588299608
9.6709670967096741 -7.9682876705038712
9.6909690969096971 -13.3828222128419707
9.7109710971097201 36.9126573875459982
9.7309730973097430 13.8058360251126917
9.7509750975097518 17.3192103018914239
9.7709770977097747 37.7986804324630228
9.7909790979097977 34.9724219571023980
9.8109810981098207 9.5868297218245218
9.8309830983098294 14.9079075043831857
9.8509850985098524 17.6879944055181753
9.8709870987098753 43.2592306744457744
9.8909890989098983 15.3748369522360644
9.9109910991099213 53.8705999886847025
9.9309930993099300 25.2587041422299521
9.9509950995099530 5.2511933609713584
9.9709970997099759 9.3176143072949600
9.9909990999099989 14.5065206668580817
10.0110011001100219 18.5032163286611073
10.0310031003100306 25.9960889748095241
10.0510051005100536 -4.8832071895461961
10.0710071007100765 48.2338290538994556
10.0910091009100995 32.8197716023752122
10.1110111011101225 35.4690299621718879
10.1310131013101312 38.5009872825963484
10.1510151015101542 11.7303266632202927
10.1710171017101771 28.5765895593301380
10.1910191019102001 27.4446112117543564
10.2110211021102231 -12.2612386449592368
10.2310231023102318 -4.9994375019062609
10.2510251025102548 8.3775057208064609
10.2710271027102777 30.3487940137963861
10.2910291029103007 1.6864620439226012
10.3110311031103095 29.6229892339384620
10.3310331033103324 45.2602458039116655
10.3510351035103554 30.7958198005631552
10.3710371037103783 20.9192277728047600
10.3910391039104013 11.4020224661562146
10.4110411041104101 5.2183326215777477
10.4310431043104330 -9.8024263491891084
10.4510451045104560 18.3238376770931950
10.4710471047104789 8.0129547120981304
10.4910491049105019 26.0422382543344213
10.5110511051105107 26.5662683364776697
10.5310531053105336 23.7731808572472687
10.5510551055105566 -12.8790514166707428
10.5710571057105795 33.5984307094042975
10.5910591059106025 -6.8197671395143988
10.6110611061106113 -13.1311960123856863
10.6310631063106342 18.2385966780345257
10.6510651065106572 23.2320625049605702
10.6710671067106802 -24.0577736242218911
10.6910691069107031 31.5831584337947575
10.7110711071107119 31.3344205481586755
10.7310731073107348 13.1558445660901473
10.7510751075107578 -20.6250973302888596
10.7710771077107808 15.3530118311355803
10.7910791079107895 7.1924139844822168
10.8110811081108125 7.4317142682404853
10.8310831083108354 -5.3965671393337775
10.8510851085108584 0.8767160415340847
10.8710871087108814 13.0756720555447679
10.8910891089108901 6.2652021181824393
10.9110911091109131 36.9370507921889484
10.9310931093109360 1.9264980131350224
10.9510951095109590 -6.7448912493291431
10.9710971097109820 20.6567672835815479
10.9910991099109907 26.0142149799620412
11.0111011101110137 26.3765723498534115
11.0311031103110366 -0.4246872460621898
11.0511051105110596 22.0754273110284487
11.0711071107110826 0.2570629345425299
11.0911091109110913 31.5300739912514771
11.1111111111111143 22.7902460659333528
11.1311131113111372 32.1957474564104800
11.1511151115111602 11.0142571967545564
11.1711171117111832 -0.4501964851466695
11.1911191119111919 -35.9947534791923687
11.2111211121112149 9.5319013037379463
11.2311231123112378 37.2504656975740218
11.2511251125112608 3.9690384664973131
11.2711271127112695 29.2250193887947738
11.2911291129112925 -16.8486596094761047
11.3111311131113155 46.0416460378924342
11.3311331133113384 -12.0788609179096547
11.3511351135113614 31.9162763213382377
11.3711371137113701 0.1530895831290380
11.3911391139113931 36.0347535729056148
11.4111411141114161 4.7019745998125462
11.4311431143114390 14.1599420523462882
11.4511451145114620 -15.4921007426503259
11.4711471147114707 25.7523533267151095
11.4911491149114937 2.8574465449733797
11.5111511151115167 13.2886423717771418
11.5311531153115396 6.4446906026565625
11.5511551155115626 12.0578868108136259
11.5711571157115714 -0.3688737931227859
11.5911591159115943 25.4785974903865515
11.6111611161116173 26.5769862660143730
11.6311631163116402 30.6384807630194906
11.6511651165116632 -23.7499065321795584
11.6711671167116720 29.5201847306075642
11.6911691169116949 24.7725084625295651
11.7111711171117179 -4.9969285342146996
11.7311731173117408 22.3618780925162568
11.7511751175117496 10.6034082692400897
11.7711771177117726 27.6895839640189081
11.7911791179117955 19.4582661069956089
11.8111811181118185 4.9369645833487930
11.8311831183118414 12.7552892855041247
11.8511851185118502 9.3440303270188796
11.8711871187118732 -6.3526464288728324
11.8911891189118961 9.5674691429854484
11.9111911191119191 31.2103974950217591
11.9311931193119420 45.4110423500801161
11.9511951195119508 13.7198944185125953
11.9711971197119738 36.4511095809651522
11.9911991199119967 52.3855031173799759
12.0112011201120197 -5.7463025944217545
12.0312031203120426 -11.9386489493211752
12.0512051205120514 -21.9431624479287279
12.0712071207120744 9.8620566276961963
12.0912091209120973 11.5565911273745385
12.1112111211121203 1.5589891935064522
12.1312131213121432 31.2628225856540709
12.1512151215121520 12.4563403541097077
12.1712171217121750 -2.2493636879739558
12.1912191219121979 6.3033034210834256
12.2112211221122209 3.5308131303871226
12.2312231223122296 18.1293897840404412
12.2512251225122526 38.7667419697002416
12.2712271227122756 15.5660830834421624
12.2912291229122985 20.9157184619495524
12.3112311231123215 -5.7716769311760334
12.3312331233123302 11.4061197254733813
12.3512351235123532 29.6473369092056700
12.3712371237123762 11.6471781522956341
12.3912391239123991 31.5268968508183463
12.4112411241124221 3.4827460757461299
12.4312431243124308 11.3765260745940111
12.4512451245124538 9.4493552226600261
12.4712471247124768 17.4220173712253832
12.4912491249124997 -23.7699989938475582
12.5112511251125227 23.7746210259756552
12.5312531253125314 33.3469763940781121
12.5512551255125544 9.7967352914621770
12.5712571257125774 25.5636188315974309
12.5912591259126003 -6.3810148223713394
12.6112611261126233 11.4513152357769030
12.6312631263126320 48.0482321542785940
12.6512651265126550 51.5148266449726364
12.6712671267126780 -14.7890007717959904
12.6912691269127009 11.1353828994784827
12.7112711271127239 -5.6167593878985169
12.7312731273127326 18.0993048878157268
12.7512751275127556 0.8747149425402609
12.7712771277127786 -1.0307275564115983
12.7912791279128015 9.0941374854057386
12.8112811281128103 45.8168851596970157
12.8312831283128332 32.7090038591770522
12.8512851285128562 6.3218650759586614
12.8712871287128792 25.3562834544407565
12.8912891289129021 -32.3874145770121729
12.9112911291129109 25.2005946715336577
12.9312931293129338 1.9110954150811441
12.9512951295129568 17.9021748617357517
12.9712971297129798 -0.5179894692957312
12.9912991299130027 18.7582429527954559
13.0113011301130115 2.6406972594566787
13.0313031303130344 -17.5213851110812513
13.0513051305130574 58.9136461785007910
13.0713071307130804 8.5466403379655009
13.0913091309131033 7.4998596089838268
13.1113111311131121 26.3703719034747017
13.1313131313131350 3.5154168683373581
13.1513151315131580 14.5829646486009921
13.1713171317131810 -0.6726963768261527
13.1913191319132039 -10.5807020967386798
13.2113211321132127 12.2320140009471192
13.2313231323132356 12.2801565919496056
13.2513251325132586 22.1895035377265621
13.2713271327132816 0.6173184013228328
13.2913291329132903 -18.5784382612334191
13.3113311331133133 20.0574458142521586
13.3313331333133362 23.5555544128457477
13.3513351335133592 -20.1407157787328330
13.3713371337133822 -15.4655695240045397
13.3913391339133909 18.2376045469973889
13.4113411341134139 -0.8536785052337654
13.4313431343134368 -15.3651357582661099
13.4513451345134598 -23.9700711062216811
13.4713471347134828 4.4673143543861862
13.4913491349134915 -9.3623023811603865
13.5113511351135145 10.3324698470106355
13.5313531353135375 -8.4661023444947059
13.5513551355135604 -4.9058226948510315
13.5713571357135834 11.4334587805550569
13.5913591359135921 -5.8325684183939943
13.6113611361136151 35.7707009099723763
13.6313631363136381 37.8055427089613971
13.6513651365136610 6.5247470817812285
13.6713671367136840 36.6549270073728906
13.6913691369136927 -7.0285497859391297
13.7113711371137157 -4.3843982108379462
13.7313731373137387 36.9731457364581573
13.7513751375137616 0.2904905423997359
13.7713771377137704 27.2944893840784779
13.7913791379137933 -6.3387724385738107
13.8113811381138163 -0.8412583088649885
13.8313831383138393 16.5770714647353117
13.8513851385138622 -15.2259522820083433
13.8713871387138710 26.0388914836412546
13.8913891389138939 22.5056249589055639
13.9113911391139169 24.0038677947564381
13.9313931393139399 29.5300178375625002
13.9513951395139628 12.3795006134164325
13.9713971397139716 2.1384971935328676
13.9913991399139945 17.5806233086071195
14.0114011401140175 16.2536732292758082
14.0314031403140405 -2.2940912988220425
14.0514051405140634 7.9014829438325620
14.0714071407140722 -0.0313074370306223
14.0914091409140951 -1.6153559276110299
14.1114111411141181 -4.0565111604653756
14.1314131413141411 -2.8619683029746064
14.1514151415141640 23.1848363834520086
14.1714171417141728 -4.2729013189284251
14.1914191419141957 12.9368353180745572
14.2114211421142187 -13.7931186236570724
14.2314231423142417 31.6126856031355530
14.2514251425142504 4.3185544821397510
14.2714271427142734 7.4407022818966686
14.2914291429142963 -23.9612080685795874
14.3114311431143193 14.4412023023933891
14.3314331433143423 -1.9085554280054686
14.3514351435143510 -37.4063230637025654
14.3714371437143740 21.5085524719831582
14.3914391439143969 18.8845965150165753
14.4114411441144199 1.7185183375334154
14.4314431443144429 -4.7824864524149735
14.4514451445144516 -12.9435222217457895
14.4714471447144746 -13.4966503421099819
14.4914491449144975 -20.0265106136882629
14.5114511451145205 35.1441491995882558
14.5314531453145435 -15.6211996530112636
14.5514551455145522 -10.7660217244425791
14.5714571457145752 3.5372363953706984
14.5914591459145981 7.5525534158658658
14.6114611461146211 21.0440005704050748
14.6314631463146441 2.4958577608631041
14.6514651465146528 27.6818787087433620
14.6714671467146758 -11.5627158559451928
14.6914691469146987 4.8165031805073850
14.7114711471147217 -16.2922463463127194
14.7314731473147305 6.5655121542180952
14.7514751475147534 31.7730144108279973
14.7714771477147764 57.9257128565983663
14.7914791479147993 -7.5231415059349587
14.8114811481148223 -8.3621348100628072
14.8314831483148311 12.0619601308873605
14.8514851485148540 6.3155394955138711
14.8714871487148770 19.2123035921785679
14.8914891489148999 19.1685458882168014
14.9114911491149229 22.4103362834226267
14.9314931493149317 -11.9697319954792452
14.9514951495149546 18.0842413670249300
14.9714971497149776 21.5524984049753954
14.9914991499150005 0.9961545844520616
15.0115011501150235 -2.3448686593701979
15.0315031503150323 21.1796214663042619
15.0515051505150552 27.3539536391480631
15.0715071507150782 7.2121287230027402
15.0915091509151011 -21.3185104178857152
15.1115111511151241 -21.7408519477785447
15.1315131513151329 -18.8839113465716473
15.1515151515151558 -1.6918606093051662
15.1715171517151788 -20.9949353533426297
15.1915191519152017 1.8796003272866768
15.2115211521152105 -9.0830249235461160
15.2315231523152335 -15.5852942657559748
15.2515251525152564 -3.1856030036741352
15.2715271527152794 -4.8076928617720496
15.2915291529153023 10.4580412574418329
15.3115311531153111 4.3407649466776022
15.3315331533153341 26.2562327933935755
15.3515351535153570 -5.5851112704778174
15.3715371537153800 -16.7040189261055758
15.3915391539154029 13.2934990774102069
15.4115411541154117 -11.6672819632433971
15.4315431543154347 -9.6120934839062624
15.4515451545154576 31.4967914573477152
15.4715471547154806 -9.4717730718476130
15.4915491549155036 5.1248247806040315
15.5115511551155123 -11.1322755474151336
15.5315531553155353 2.3053424441406256
15.5515551555155582 8.9231640669049259
15.5715571557155812 -33.4496142131849652
15.5915591559156042 40.5688796855606597
15.6115611561156129 6.5792933612371289
15.6315631563156359 2.6499657499336808
15.6515651565156588 -3.3661340842189711
15.6715671567156818 -3.2254275388301776
15.6915691569156905 25.8054411929420766
15.7115711571157135 -33.9576935282119337
15.7315731573157365 7.0419145563211281
15.7515751575157594 6.6383406094990418
15.7715771577157824 2.4750064177876663
15.7915791579157911 -8.4496726658119741
15.8115811581158141 -1.9233902402670777
15.8315831583158371 -13.6939696437004308
15.8515851585158600 14.0495045901594011
15.8715871587158830 -24.4434121566232960
15.8915891589158917 20.3819828282954809
15.9115911591159147 -5.3296975050886051
15.9315931593159377 -12.3236614233454151
15.9515951595159606 0.5779726077515031
15.9715971597159836 1.4703115221905652
15.9915991599159923 -13.8805768798224705
16.0116011601160153 2.6835051405861270
16.0316031603160383 7.0898895338451213
16.0516051605160612 -12.7371126215325869
16.0716071607160842 -41.6587638051230371
16.0916091609160929 5.2680765038351858
16.1116111611161159 -0.9702719335573522
16.1316131613161389 20.2736372564528899
16.1516151615161618 -19.6984345327450079
16.1716171617161706 -23.5257700184221221
16.1916191619161935 -18.6184433647661294
16.2116211621162165 0.4878862056505775
16.2316231623162395 4.8014306772338307
16.2516251625162624 -21.3726756992220928
16.2716271627162712 8.4106378801564308
16.2916291629162941 14.7530148081157577
16.3116311631163171 -27.4054358807896605
16.3316331633163401 -4.0043354497974182
16.3516351635163630 -15.1424107071296845
16.3716371637163718 12.2099157679285568
16.3916391639163948 -7.3216222651880152
16.4116411641164177 -16.9532057137260068
16.4316431643164407 -38.8098341903413129
16.4516451645164636 3.4846384650557396
16.4716471647164724 -4.8631070703332071
16.4916491649164954 26.1304192247325133
16.5116511651165183 7.9581113099037140
16.5316531653165413 -32.7175487418796465
16.5516551655165642 -26.8320868920656252
16.5716571657165730 14.8092198685368466
16.5916591659165960 -5.3256361631664415
16.6116611661166189 -17.6309343336083231
16.6316631663166419 -1.7002740040243627
16.6516651665166506 -7.0060565635899898
16.6716671667166736 2.2833902788592182
16.6916691669166966 -10.5300458590416426
16.7116711671167195 1.9574234800075905
16.7316731673167425 -15.0673369436313980
16.7516751675167512 4.3340973557716680
16.7716771677167742 10.8640016711285536
16.7916791679167972 -14.7537419326304704
16.8116811681168201 9.8364985113033772
16.8316831683168431 -26.9573154232104457
16.8516851685168518 -16.7644659246104091
16.8716871687168748 -13.4644900695092744
16.8916891689168978 10.4479567724527680
16.9116911691169207 -20.8361137245429831
16.9316931693169437 24.7826420129090401
16.9516951695169524 -20.1309595063895337
16.9716971697169754 6.3482331177180589
16.9916991699169984 -26.3360467565412648
17.0117011701170213 9.6533821303515364
17.0317031703170443 -34.2682857377254919
17.0517051705170530 20.2236150647066388
17.0717071707170760 -1.6228676893941025
17.0917091709170990 7.5711820688690565
17.1117111711171219 -8.7683538599928745
17.1317131713171307 -16.2023787624742468
17.1517151715171536 3.8693961552625140
17.1717171717171766 8.7092113515668004
17.1917191719171996 -27.9177742648631195
17.2117211721172225 0.5450023243387401
17.2317231723172313 2.4401531477900242
17.2517251725172542 -0.8001622263970694
17.2717271727172772 13.9483922677413190
17.2917291729173002 10.5354625787903728
17.3117311731173231 -1.0141343642086422
17.3317331733173319 -1.9442766434744976
17.3517351735173548 -34.3864841360317897
17.3717371737173778 20.8856276775406329
17.3917391739174008 17.6374786349949488
17.4117411741174237 -4.0813289848662730
17.4317431743174325 10.0134083112178551
17.4517451745174554 -4.8559648969786924
17.4717471747174784 -19.7888951466708498
17.4917491749175014 2.5392628430805324
17.5117511751175243 -7.8636503993714699
17.5317531753175331 -1.3205754211555041
17.5517551755175560 -8.4841662044712596
17.5717571757175790 20.9347485704897061
17.5917591759176020 3.2559994746153471
17.6117611761176107 -19.4302521345473131
17.6317631763176337 -1.4697263724491805
17.6517651765176566 -20.4700206777035447
17.6717671767176796 -17.9606976014478548
17.6917691769177026 8.3958169069601745
17.7117711771177113 -10.2718359684771094
17.7317731773177343 -1.7847315927383773
17.7517751775177572 -7.4990944800399788
17.7717771777177802 -29.7033141077623988
17.7917791779178032 -4.2820309885682502
17.8117811781178119 -3.3956046721529289
17.8317831783178349 0.2126547328782760
17.8517851785178578 -9.1517906825818720
17.8717871787178808 2.6491682052765997
17.8917891789179038 -29.1990523223868301
17.9117911791179125 -10.4064756577328676
17.9317931793179355 -40.4340552741932768
17.9517951795179584 11.1574508689056096
17.9717971797179814 -15.4009647282230056
17.9917991799180044 -8.6776584465286284
18.0118011801180131 -1.9926899307510890
18.0318031803180361 -24.6071815395383133
18.0518051805180590 22.6049855182172266
18.0718071807180820 -3.1750203343635244
18.0918091809180908 -20.7459815543703172
18.1118111811181137 33.0598258938675542
18.1318131813181367 5.3864530695377324
18.1518151815181596 -16.7012618387767695
18.1718171817181826 -5.8956776976792415
18.1918191819181914 -1.7934937101791197
18.2118211821182143 -60.1348189605556911
18.2318231823182373 40.0169867122739191
18.2518251825182602 -15.7121494069906245
18.2718271827182832 3.8860522577219925
18.2918291829182920 -0.6891856420214912
18.3118311831183149 -32.4078328589360680
18.3318331833183379 -14.4911724915119038
18.3518351835183609 0.4164280096836599
18.3718371837183838 -19.1931145122205251
18.3918391839183926 12.6201074421887185
18.4118411841184155 -25.9033178269463491
18.4318431843184385 -39.9084146313389496
18.4518451845184615 20.3927421323437841
18.4718471847184844 -16.9184479999339352
18.4918491849184932 -21.8229734244024840
18.5118511851185161 -12.4539528774183292
18.5318531853185391 -5.4582566830828050
18.5518551855185621 -29.4277107916190204
18.5718571857185708 -29.3376052941811594
18.5918591859185938 -41.5107465907948168
18.6118611861186167 -6.6700683031605426
18.6318631863186397 5.4372273379123470
18.6518651865186627 -60.7191011943812740
18.6718671867186714 -37.3103340460075259
18.6918691869186944 -16.5624814989926747
18.7118711871187173 1.7350274667198171
18.7318731873187403 0.5341639325344456
18.7518751875187633 -22.8379736695666793
18.7718771877187720 2.9162983772426347
18.7918791879187950 0.2348537272718012
18.8118811881188179 13.8117031358846791
18.8318831883188409 -31.9659969136112565
18.8518851885188639 -6.8174814290758530
18.8718871887188726 -30.7087729461335748
18.8918891889188956 -15.5524366326635821
18.9118911891189185 -27.2052745321209137
18.9318931893189415 -14.8301447337359988
18.9518951895189645 -4.3092453521285430
18.9718971897189732 -19.6708508602384526
18.9918991899189962 -29.3059703179920064
19.0119011901190191 -20.5262543750939557
19.0319031903190421 -15.5315244034795334
19.0519051905190508 9.3457929984472514
19.0719071907190738 -20.6681178373174106
19.0919091909190968 -6.6438803107974431
19.1119111911191197 40.0442897997046003
19.1319131913191427 -8.2993098604493873
19.1519151915191514 -14.6748234656318388
19.1719171917191744 -5.9893963420645466
19.1919191919191974 9.8329894140992469
19.2119211921192203 -13.8679722920514727
19.2319231923192433 -15.1105994427248049
19.2519251925192521 5.2969328275644081
19.2719271927192750 1.2367940115112059
19.2919291929192980 -26.2196983413235358
19.3119311931193209 13.3521669636149412
19.3319331933193439 -11.2325521656129759
19.3519351935193527 -13.3998380827092731
19.3719371937193756 -19.7974205132565864
19.3919391939193986 -3.7556658245333203
19.4119411941194215 -15.8498625997854958
19.4319431943194445 21.0276524748310081
19.4519451945194533 -12.0915407911350332
19.4719471947194762 0.7566404094213102
19.4919491949194992 -2.0503951750515022
19.5119511951195221 -17.2892218585220760
19.5319531953195309 -21.2749739771584423
19.5519551955195539 25.1314751881079346
19.5719571957195768 -51.9255163284191639
19.5919591959195998 -13.5730574123085113
19.6119611961196227 13.3478645221207071
19.6319631963196315 -1.8589340137838111
19.6519651965196545 -19.1361758108779583
19.6719671967196774 -8.3102362284618430
19.6919691969197004 -6.6820200781753263
19.7119711971197233 -24.1824138808396327
19.7319731973197321 -36.2241404332575669
19.7519751975197551 2.1827436589176088
19.7719771977197780 -42.4890017296469225
19.7919791979198010 6.8037730229886879
19.8119811981198239 -22.6351940175854054
19.8319831983198327 -37.9286758340840819
19.8519851985198557 -15.9343662583919023
19.8719871987198786 -19.7735993048188448
19.8919891989199016 -77.3202697902365941
19.9119911991199245 -14.0229306681879482
19.9319931993199333 -22.4649633079365003
19.9519951995199563 -6.2780012396333653
19.9719971997199792 3.3099936136077464
19.9919991999200022 -1.9132569658766663
20.0120012001200109 -13.9865464956140713
20.0320032003200339 -6.6578155844166718
20.0520052005200569 -16.0175252274822455
20.0720072007200798 10.4588870945128605
20.0920092009201028 -11.0206593921207308
20.1120112011201115 -11.9549348626927134
20.1320132013201345 -28.0054160388268158
20.1520152015201575 3.7612655078078312
20.1720172017201804 -18.9431688971737024
20.1920192019202034 2.1519958653465210
20.2120212021202121 -42.7887054553184072
20.2320232023202351 -23.8238143325444582
20.2520252025202581 19.4764191052814724
20.2720272027202810 -28.8862531139440861
20.2920292029203040 -0.9572158586295423
20.3120312031203127 -14.1271146093500466
20.3320332033203357 -22.5107387440003528
20.3520352035203587 17.9282582919704936
20.3720372037203816 14.3690610842614692
20.3920392039204046 -18.7522367703389428
20.4120412041204133 -13.3813618720370204
20.4320432043204363 -17.9593153980883677
20.4520452045204593 -12.7716314009868732
20.4720472047204822 -10.4750691080228258
20.4920492049204910 -12.0517414760453345
20.5120512051205139 -11.6592374248852462
20.5320532053205369 -33.4277642412566536
20.5520552055205599 -45.4861871591993818
20.5720572057205828 -16.5779881934980118
20.5920592059205916 -26.8430187742638147
20.6120612061206145 -5.3732345345131787
20.6320632063206375 -3.0215081288325649
20.6520652065206605 -20.8037896229317241
20.6720672067206834 -23.2914098494956292
20.6920692069206922 -14.5282287101534067
20.7120712071207151 3.7104373911576509
20.7320732073207381 -1.4728704983317318
20.7520752075207611 -4.6737491691652266
20.7720772077207840 -31.1144442107234411
20.7920792079207928 -24.8302996330432073
20.8120812081208157 -37.7279764300406768
20.8320832083208387 -24.7452774173737460
20.8520852085208617 -5.4506383046327116
20.8720872087208846 -22.9540657431381305
20.8920892089208934 -8.5366646355833939
20.9120912091209163 -5.5908613352876202
20.9320932093209393 -49.4654797799216368
20.9520952095209623 -0.7110601446361606
20.9720972097209710 -5.6551827911154291
20.9920992099209940 -33.5034006978403553
21.0121012101210169 4.5930944952524690
21.0321032103210399 -34.0268481087750985
21.0521052105210629 -10.1262886534141590
21.0721072107210716 -10.5366012900161490
21.0921092109210946 -18.0453641252620791
21.1121112111211175 -22.1289203156008121
21.1321132113211405 -16.0379060266067448
21.1521152115211635 -29.6962764757248507
21.1721172117211722 30.5951862375026309
21.1921192119211952 -1.7011636011318672
21.2121212121212182 -48.2109274305578168
21.2321232123212411 -13.5666126630304760
21.2521252125212641 -17.7128966099963421
21.2721272127212728 -32.6212886285176040
21.2921292129212958 -14.5181725403648869
21.3121312131213188 -33.3268815313431261
21.3321332133213417 -5.8680571514365010
21.3521352135213647 -0.9432380575394141
21.3721372137213734 -47.7313302312904710
21.3921392139213964 -10.6683120154536351
21.4121412141214194 -19.6537079198137086
21.4321432143214423 -29.3271680891711988
21.4521452145214511 -42.8731842915940717
21.4721472147214740 -31.6383760271746119
21.4921492149214970 -35.8690421997083178
21.5121512151215200 20.6907397878379768
21.5321532153215429 -30.1552510060952059
21.5521552155215517 -30.8016693862944777
21.5721572157215746 5.4095781018554803
21.5921592159215976 -24.2098868080815777
21.6121612161216206 -9.1755162964086949
21.6321632163216435 -6.4911805848376556
21.6521652165216523 -23.9538760549838408
21.6721672167216752 -39.2027430428860200
21.6921692169216982 -22.0765014615078670
21.7121712171217212 -14.7222115790486558
21.7321732173217441 -13.9042865849010226
21.7521752175217529 2.5024346388347780
21.7721772177217758 -9.9941796316138074
21.7921792179217988 -28.7523198145960777
21.8121812181218218 -16.9292462090328151
21.8321832183218447 -62.7339497474136607
21.8521852185218535 -11.6780902694694486
21.8721872187218764 -10.7965925981976998
21.8921892189218994 -42.0302398737520377
21.9121912191219224 -52.5492882022624528
21.9321932193219311 -15.3351990904478015
21.9521952195219541 -2.4809846762756216
21.9721972197219770 -29.9954545934562518
21.9921992199220000 -17.8722619065406718
22.0122012201220230 -28.5691637947287518
22.0322032203220317 -18.9806126496936471
22.0522052205220547 -34.9099294600781107
22.0722072207220776 -61.7281058829765641
22.0922092209221006 -34.7653643718533942
22.1122112211221236 -23.4594516836509257
22.1322132213221323 -60.6324211584487216
22.1522152215221553 -20.7468066656076537
22.1722172217221782 -7.3386752654736309
22.1922192219222012 -26.0377211613423825
22.2122212221222242 -36.3937298262253961
22.2322232223222329 -31.2797552279378515
22.2522252225222559 -9.6064030875604267
22.2722272227222788 -30.6245373238830538
22.2922292229223018 -45.4099981169588247
22.3122312231223248 -25.1372850585608880
22.3322332233223335 -23.9795658602262165
22.3522352235223565 -13.1575712889017105
22.3722372237223794 -20.2762081552430189
22.3922392239224024 -51.7481076518172642
22.4122412241224112 -30.8814052823817988
22.4322432243224341 -4.2615873539083680
22.4522452245224571 -34.3270338102515638
22.4722472247224800 -29.0621084136758654
22.4922492249225030 -34.5501559036943462
22.5122512251225118 -42.4894676868981236
22.5322532253225347 -9.2023663386831043
22.5522552255225577 -24.6520878206842013
22.5722572257225806 4.9970165036225076
22.5922592259226036 -7.6795996649592659
22.6122612261226124 -32.2222136246080879
22.6322632263226353 -13.1605505546825832
22.6522652265226583 -13.6552394977200660
22.6722672267226812 -10.7063698222278383
22.6922692269227042 -14.5971118996132461
22.7122712271227130 -0.0930093136475172
22.7322732273227359 -29.2643920029072149
22.7522752275227589 -25.1752324433922077
22.7722772277227818 -34.1633809659242118
22.7922792279228048 -36.0941330962113227
22.8122812281228136 -28.8329242558633290
22.8322832283228365 -25.0217107803994878
22.8522852285228595 -7.6991158807692734
22.8722872287228824 -31.8086743023429328
22.8922892289228912 1.2900792574278483
22.9122912291229142 -20.3470514895291927
22.9322932293229371 -24.0477755995747344
22.9522952295229601 -37.4456536752804467
22.9722972297229830 -27.2946512739532636
22.9922992299229918 -33.6802174652405881
23.0123012301230148 -41.5062074344951739
23.0323032303230377 -12.5893056606374056
23.0523052305230607 -29.8857354032360121
23.0723072307230836 3.4122030796616727
23.0923092309230924 6.3935504919859838
23.1123112311231154 -2.3999474554264602
23.1323132313231383 -27.5214385296254562
23.1523152315231613 -31.2155832549930281
23.1723172317231842 0.1637236089320133
23.1923192319231930 -49.0465736496139399
23.2123212321232160 -32.3966420912721063
23.2323232323232389 -19.4153092643145726
23.2523252325232619 -22.2188153770969841
23.2723272327232849 -20.9812611295758025
23.2923292329232936 -4.3774515059752446
23.3123312331233166 -59.2464708796772754
23.3323332333233395 -43.7062232948202052
23.3523352335233625 1.9657568609241700
23.3723372337233855 -16.4302026831096590
23.3923392339233942 13.6280639032912347
23.4123412341234172 11.6822691833756274
23.4323432343234401 5.9919629352518093
23.4523452345234631 -28.0091130790296816
23.4723472347234718 -33.1487484880309609
23.4923492349234948 -14.3317555020963514
23.5123512351235178 -18.3103989170825017
23.5323532353235407 -25.4952242654414434
23.5523552355235637 -22.2310537142842506
23.5723572357235724 -6.2256377545555104
23.5923592359235954 -9.5560211243749507
23.6123612361236184 -2.3052207423335673
23.6323632363236413 -20.0464121521137493
23.6523652365236643 -13.4092945990101136
23.6723672367236730 -31.9776927563505922
23.6923692369236960 9.3357892720342655
23.7123712371237190 1.9316819199582760
23.7323732373237419 -0.3108664693343677
23.7523752375237649 -17.0892220460024618
23.7723772377237736 -20.4580312759799128
23.7923792379237966 -31.3387594954334716
23.8123812381238196 -39.5530278454427560
23.8323832383238425 -4.7882438560288954
23.8523852385238655 -29.2805157772397315
23.8723872387238742 -65.0102057201892620
23.8923892389238972 -39.8862545713679779
23.9123912391239202 -7.5900280795771238
23.9323932393239431 -47.4894311354925804
23.9523952395239519 -4.4766979401915172
23.9723972397239748 -17.2812236736989320
23.9923992399239978 -47.6216469371454707
24.0124012401240208 -9.9467059147825587
24.0324032403240437 -37.2779933877575473
24.0524052405240525 -29.4098459300774664
24.0724072407240755 -22.7945886494197083
24.0924092409240984 3.1736917808023790
24.1124112411241214 -39.8432834302879115
24.1324132413241443 -41.2682123090770787
24.1524152415241531 -42.5009221802187653
24.1724172417241761 -2.0806094566693361
24.1924192419241990 -29.8349657081637396
24.2124212421242220 -34.8188309585516862
24.2324232423242449 -2.0497372553763746
24.2524252425242537 -12.0062358684853230
24.2724272427242767 -18.1802614136354208
24.2924292429242996 -39.4419169854237168
24.3124312431243226 -11.2580848281297143
24.3324332433243455 -81.9450629782855628
24.3524352435243543 -6.4323839815766277
24.3724372437243773 -22.5305519220656549
24.3924392439244002 -7.6374970830403583
24.4124412441244232 -34.8680358080519568
24.4324432443244319 -48.6015350100920145
24.4524452445244549 -30.0130234582859039
24.4724472447244779 -34.5007835629267277
24.4924492449245008 -64.3915620713673889
24.5124512451245238 -11.0717241286683254
24.5324532453245325 -41.8499915194633800
24.5524552455245555 -42.6033327087257732
24.5724572457245785 -28.2551565265652229
24.5924592459246014 -27.1747272594677654
24.6124612461246244 -61.9491310822162546
24.6324632463246331 -18.8446285821412225
24.6524652465246561 -25.9306509222283736
24.6724672467246791 -28.7250474463083094
24.6924692469247020 -19.8955596393416769
24.7124712471247250 2.4027590781682662
24.7324732473247337 -26.1960657648307063
24.7524752475247567 -44.8205094071441721
24.7724772477247797 -43.7783971387927480
24.7924792479248026 -47.0749130982609856
24.8124812481248256 -22.6938174999908853
24.8324832483248343 -50.7479307113381992
24.8524852485248573 4.6761957856134160
24.8724872487248803 -28.8434887817625771
24.8924892489249032 -52.2149544060951101
24.9124912491249120 -41.0749427251695280
24.9324932493249349 -9.1722560041392995
24.9524952495249579 -50.3863432442804253
24.9724972497249809 -44.8852897203197898
24.9924992499250038 -8.4524219480520166
25.0125012501250126 0.8859366463331355
25.0325032503250355 -50.3016122457456092
25.0525052505250585 -65.3973401256252060
25.0725072507250815 -74.1052284880315568
25.0925092509251044 -15.7781314776403718
25.1125112511251132 -29.6035799838280731
25.1325132513251361 -29.8485643266036789
25.1525152515251591 -43.6034463791339562
25.1725172517251821 -22.8545250862925258
25.1925192519252050 -16.8487077713324105
25.2125212521252138 -17.6143657834027536
25.2325232523252367 -15.4642499896468308
25.2525252525252597 -8.6828726199669966
25.2725272527252827 -49.5857018166551242
25.2925292529253056 -52.4345685125265675
25.3125312531253144 -17.5234129907367446
25.3325332533253373 -16.2743994165574719
25.3525352535253603 -15.0925938290922268
25.3725372537253833 -20.8009590489853586
25.3925392539253920 -36.9100479148929708
25.4125412541254150 -21.4328681153746494
25.4325432543254379 -19.4878694013898226
25.4525452545254609 -33.9744228914316793
25.4725472547254839 -31.4835024427053831
25.4925492549254926 -26.5439643101114875
25.5125512551255156 -17.5925937999880162
25.5325532553255385 -13.8501368895502743
25.5525552555255615 -60.3821132333860078
25.5725572557255845 -47.4441487433072950
25.5925592559255932 -61.7788583303488252
25.6125612561256162 -56.2827956734726200
25.6325632563256391 -41.2337348119484091
25.6525652565256621 -32.1025283718471712
25.6725672567256851 -52.3063390341891221
25.6925692569256938 -15.8119205095700011
25.7125712571257168 -57.0761425265640838
25.7325732573257397 -62.8526053466355989
25.7525752575257627 -66.2299661111660214
25.7725772577257857 -23.4299238923123667
25.7925792579257944 -52.9133623970315199
25.8125812581258174 -83.8753818346217201
25.8325832583258403 -2.6672567516013288
25.8525852585258633 -25.7086994420738044
25.8725872587258721 -71.0784237561659324
25.8925892589258950 -39.5843763854987429
25.9125912591259180 -31.8501775920473378
25.9325932593259409 -33.5492607309093955
25.9525952595259639 -39.3935737715339584
25.9725972597259727 -43.4760718031853841
25.9925992599259956 -41.9979546811317519
26.0126012601260186 -76.9660225579571176
26.0326032603260415 -63.2760728520560320
26.0526052605260645 3.6348488533620511
26.0726072607260733 -30.7377409825389094
26.0926092609260962 -37.4822464322303261
26.1126112611261192 -54.1183572472415904
26.1326132613261422 -25.5190099431801656
26.1526152615261651 -48.4300171168830786
26.1726172617261739 -22.4713942279282435
26.1926192619261968 -46.6462210057197950
26.2126212621262198 -14.1547543573886259
26.2326232623262428 -20.2772331205662617
26.2526252625262657 -62.0326660080957737
26.2726272627262745 -58.2212889661608131
26.2926292629262974 -44.9733751118889344
26.3126312631263204 -34.9233861742019300
26.3326332633263434 -83.4733310017378329
26.3526352635263521 -44.8419611483327714
26.3726372637263751 -19.2433664169202778
26.3926392639263980 -20.6966080456840125
26.4126412641264210 -3.8094742461543092
26.4326432643264440 -46.4934651652905160
26.4526452645264527 -53.8010867715434600
26.4726472647264757 -46.8708027988221403
26.4926492649264986 -27.2372627545469257
26.5126512651265216 -34.8650178430011479
26.5326532653265446 -54.5635192880468978
26.5526552655265533 -67.4467249632407402
26.5726572657265763 -42.8776585387600306
26.5926592659265992 -7.9826725403633176
26.6126612661266222 -51.8841494965636798
26.6326632663266452 -28.7556338207597513
26.6526652665266539 -34.7531127195157339
26.6726672667266769 -68.6215659726052110
26.6926692669266998 -37.7947842309185091
26.7126712671267228 -54.1886374232094070
26.7326732673267458 -59.4249461301377337
26.7526752675267545 -63.2454755836880054
26.7726772677267775 -20.7854735387574330
26.7926792679268004 -77.6388609350626666
26.8126812681268234 -24.7312903894487803
26.8326832683268321 -47.7222411277838887
26.8526852685268551 -37.0574768074783236
26.8726872687268781 -50.3696538102742437
26.8926892689269010 -35.2526334806868107
26.9126912691269240 -24.4076961998209292
26.9326932693269328 -56.1222697871612581
26.9526952695269557 -45.3002077169497710
26.9726972697269787 -48.5689023325760729
26.9926992699270016 -30.8448542760739244
27.0127012701270246 -34.3978676298808708
27.0327032703270334 -42.8114700212306118
27.0527052705270563 -45.8968883797647464
27.0727072707270793 -37.4780132411003564
27.0927092709271022 -24.4307458782968219
27.1127112711271252 -18.5943703998240331
27.1327132713271340 -23.5772317279869803
27.1527152715271569 -51.5575444502899458
27.1727172717271799 -24.2943007359161953
27.1927192719272028 -41.7983400194269734
27.2127212721272258 -67.8025150723991601
27.2327232723272346 -33.8791936145725288
27.2527252725272575 -64.7343316688733665
27.2727272727272805 -74.2408843916483931
27.2927292729273034 -49.6578840592366504
27.3127312731273122 -78.4700844352920512
27.3327332733273352 -52.5678639072156102
27.3527352735273581 -54.3695211501791889
27.3727372737273811 -43.8698876172237320
27.3927392739274040 -62.9069039641116703
27.4127412741274128 -46.6248769434391264
27.4327432743274358 -40.8193473164403429
27.4527452745274587 -37.8714387613700083
27.4727472747274817 -55.5051221677303630
27.4927492749275046 -16.6462195005844258
27.5127512751275134 -32.6050413276910049
27.5327532753275364 -29.3463647490611841
27.5527552755275593 -18.8665832644559828
27.5727572757275823 -11.7520004326007061
27.5927592759276052 -51.0654756074296046
27.6127612761276140 -56.3823265634517341
27.6327632763276370 -35.0374098631462516
27.6527652765276599 -41.8745362917266775
27.6727672767276829 -53.0713843487082073
27.6927692769277058 -66.9866646545461606
27.7127712771277146 -38.1709128527020738
27.7327732773277376 -28.2296015512076259
27.7527752775277605 -30.6861179979179077
27.7727772777277835 -46.8577233795845203
27.7927792779277922 -26.8308455845954015
27.8127812781278152 -37.1329238321861652
27.8327832783278382 -28.9388841189897370
27.8527852785278611 -26.9028998914609687
27.8727872787278841 -18.2484365575885157
27.8927892789278928 -37.6132087291149517
27.9127912791279158 -37.8361465854513312
27.9327932793279388 -48.5836599304847070
27.9527952795279617 -51.4849845716331913
27.9727972797279847 -80.0029594576142102
27.9927992799279934 -52.2427043406661085
28.0128012801280306 5.6795216205493233
28.0328032803280394 -40.1351878126507202
28.0528052805280481 -43.3812569448999312
28.0728072807280853 -73.1391170536874569
28.0928092809280940 -40.1279307755780863
28.1128112811281312 -48.7704490145531224
28.1328132813281400 -47.0311021342473126
28.1528152815281487 -43.5572105124170648
28.1728172817281859 -27.1324381108471080
28.1928192819281946 -37.4936852133269980
28.2128212821282318 -53.3926434515634867
28.2328232823282406 -58.4790341877910151
28.2528252825282493 -53.1335709053412373
28.2728272827282865 -22.9863738846402299
28.2928292829282952 -58.8685033052288418
28.3128312831283324 -58.1252294016092037
28.3328332833283412 -38.2640626967641637
28.3528352835283499 -47.3369915713509783
28.3728372837283871 -47.9565622677922789
28.3928392839283958 -42.6842000576526530
28.4128412841284330 -92.3750603684251246
28.4328432843284418 -29.6857081514115571
28.4528452845284505 -13.4890126657004004
28.4728472847284877 -40.6281373857937425
28.4928492849284964 -47.6336173299736885
28.5128512851285052 -44.9994474698211562
28.5328532853285424 -45.1013952348971898
28.5528552855285511 -13.3854782689825598
28.5728572857285883 -52.3405504582550307
28.5928592859285970 -55.0836065432314612
28.6128612861286058 -75.3017460945461181
28.6328632863286430 -69.0624700233134234
28.6528652865286517 -70.0271160422233976
28.6728672867286889 -44.2024140338447893
28.6928692869286976 -61.0417335258800406
28.7128712871287064 -58.9032926822104130
28.7328732873287436 -41.3232421785190667
28.7528752875287523 -57.6840546757760109
28.7728772877287895 -61.8095725286032618
28.7928792879287982 -39.8481578236810208
28.8128812881288070 -33.6729318273870390
28.8328832883288442 -60.7872097652615082
28.8528852885288529 -55.5604625709458944
28.8728872887288901 -0.4569540898322444
28.8928892889288988 -48.1607122318443928
28.9128912891289076 -40.7020024376106164
28.9328932893289448 -41.7688776373783810
28.9528952895289535 -60.2661138042949247
28.9728972897289907 -50.2310888161006304
28.9928992899289995 -81.4280332119612638
29.0129012901290082 -79.1472641605287066
29.0329032903290454 -44.5066170417600731
29.0529052905290541 -53.7818610163970305
29.0729072907290913 -64.2129484089544889
29.0929092909291001 -90.7359127752656036
29.1129112911291088 -37.7286492835573668
29.1329132913291460 -66.2278145074306224
29.1529152915291547 -39.2739534869196589
29.1729172917291919 -70.9819294330396389
29.1929192919292007 -48.5741678228213090
29.2129212921292094 -47.7617372749141964
29.2329232923292466 -38.4499103791757619
29.2529252925292553 -47.1511511350044330
29.2729272927292925 -33.3971426470251771
29.2929292929293013 -76.2667971834098921
29.3129312931293100 -42.7984097169948114
29.3329332933293472 -38.8417435981686836
29.3529352935293559 -42.2208441982783427
29.3729372937293931 -43.4999371765992819
29.3929392939294019 -32.2381648906414426
29.4129412941294106 -70.5352219211096951
29.4329432943294478 -55.1767281932422478
29.4529452945294565 -64.8966952365015572
29.4729472947294653 -49.5138551433502911
29.4929492949295025 -58.2545369772561230
29.5129512951295112 -38.3860700136058597
29.5329532953295484 -58.2492846639994823
29.5529552955295571 -52.8986750448696981
29.5729572957295659 -42.3928225713673754
29.5929592959296031 -62.0743181923970440
29.6129612961296118 -74.0727577269055502
29.6329632963296490 -42.0815616275551108
29.6529652965296577 -19.0760223781907357
29.6729672967296665 -71.0572662187451272
29.6929692969297037 -42.4373765092413464
29.7129712971297124 -32.8476597500038423
29.7329732973297496 -35.0079540371430511
29.7529752975297583 -62.0723870271739600
29.7729772977297671 -56.2198237482230923
29.7929792979298043 -41.4066849296700781
29.8129812981298130 -64.7704112134601075
29.8329832983298502 -37.4500713659685971
29.8529852985298589 -37.0959451096078539
29.8729872987298677 -57.2467512987797917
29.8929892989299049 -66.8645450567472892
29.9129912991299136 -38.8445929729064474
29.9329932993299508 -72.6180881010482153
29.9529952995299595 -67.7164525826470935
29.9729972997299683 -26.0945829207238020
29.9929992999300055 -61.4766859061142128
30.0130013001300142 -44.0952730924555496
30.0330033003300514 -95.5590420804471989
30.0530053005300601 -59.8211245389920592
30.0730073007300689 -44.4366005664240760
30.0930093009301061 -52.3846522588321477
30.1130113011301148 -80.6999515197919948
30.1330133013301520 -70.6837050515351280
30.1530153015301607 -54.1188801450642529
30.1730173017301695 -41.7686074382572414
30.1930193019302067 -30.7540242903328398
30.2130213021302154 -46.2244696683229606
30.2330233023302526 -39.4065320770888832
30.2530253025302613 -92.2681462517836337
30.2730273027302701 -53.3345745260860795
30.2930293029303073 -46.4136358228472687
30.3130313031303160 -44.9315987372640251
30.3330333033303532 -40.3774918446148519
30.3530353035303619 -38.5989310897937870
30.3730373037303707 -75.7781255972336965
30.3930393039304079 -75.8152646362938043
30.4130413041304166 -35.8943715537026691
30.4330433043304254 -67.5995479027615715
30.4530453045304625 -42.5315920279770552
30.4730473047304713 -54.8786820672075564
30.4930493049305085 -62.9144366777553188
30.5130513051305172 -56.2930909125337280
30.5330533053305260 -42.8301767650333716
30.5530553055305631 -41.6981533180826460
30.5730573057305719 -58.8778933835833627
30.5930593059306091 -75.1537206612057531
30.6130613061306178 -32.7907825086119331
30.6330633063306266 -59.1788993025407351
30.6530653065306637 -82.3084659279416968
30.6730673067306725 -83.2159743531967138
30.6930693069307097 -42.4015693816301820
30.7130713071307184 -69.0168517475648571
30.7330733073307272 -65.6455175120204188
30.7530753075307643 -52.9603186942802253
30.7730773077307731 3.5435403749298615
30.7930793079308103 -84.6485438990500825
30.8130813081308190 -55.0593402016083289
30.8330833083308278 -33.6995551228516632
30.8530853085308649 -37.9882926735428867
30.8730873087308737 -89.7443255343105761
30.8930893089309109 -48.5703593754901704
30.9130913091309196 -97.0846810367858382
30.9330933093309284 -78.2944505388466183
30.9530953095309656 -76.0310288356882751
30.9730973097309743 -50.4973270008534598
30.9930993099310115 -55.3525889150077219
31.0131013101310202 -74.9343274371216665
31.0331033103310290 -65.8494958519098361
31.0531053105310662 -64.7978930442267824
31.0731073107310749 -48.7493989914568289
31.0931093109311121 -47.2375613032609536
31.1131113111311208 -48.0978035440691087
31.1331133113311296 -50.3005411923123731
31.1531153115311668 -63.0212968553316202
31.1731173117311755 -24.5275097379101013
31.1931193119312127 -59.5168324828533670
31.2131213121312214 -40.9500552191535974
31.2331233123312302 -72.5945957748726158
31.2531253125312674 -71.4526383424381635
31.2731273127312761 -68.4254246219761200
31.2931293129313133 -74.9979347138087462
31.3131313131313220 -67.5537598485811088
31.3331333133313308 -61.4127911518682552
31.3531353135313680 -76.4573909583789657
31.3731373137313767 -58.1702335056081097
31.3931393139313855 -30.7031147673084703
31.4131413141314226 -37.0243323079474749
31.4331433143314314 -38.1019324306617477
31.4531453145314686 -41.1980370769620947
31.4731473147314773 -67.1821182332668627
31.4931493149314861 -61.0622594656471165
31.5131513151315232 -41.2401220727232882
31.5331533153315320 -39.5028210170324456
31.5531553155315692 -40.3106143224114888
31.5731573157315779 -47.9802923569926847
31.5931593159315867 -52.0074950433218177
31.6131613161316238 -43.6302991993324483
31.6331633163316326 -50.7796474213140812
31.6531653165316698 -71.6534134634304110
31.6731673167316785 -30.0138177408029172
31.6931693169316873 -91.5524689158419847
31.7131713171317244 -61.2169035285655951
31.7331733173317332 -40.5238077228080300
31.7531753175317704 -84.9881988690758305
31.7731773177317791 -79.1921607195801585
31.7931793179317879 -87.3390099347034266
31.8131813181318250 -64.8459941034629850
31.8331833183318338 -78.6746778583436992
31.8531853185318710 -63.9968216355168167
31.8731873187318797 -64.9687187917900530
31.8931893189318885 -80.0960018974033687
31.9131913191319256 -85.3115134517924645
31.9331933193319344 -52.4374440341177603
31.9531953195319716 -38.9742645874961084
31.9731973197319803 -68.4395297214147149
31.9931993199319891 -53.5372043313231245
32.0132013201320262 -66.8543721110574154
32.0332033203320350 -68.4360745087277706
32.0532053205320722 -55.1341652078805211
32.0732073207320809 -44.1136502875888610
32.0932093209320897 -50.6186389240610524
32.1132113211321268 -56.3108897884980735
32.1332133213321356 -76.0614203712847257
32.1532153215321728 -41.0488323295257658
32.1732173217321815 -56.1809799957751679
32.1932193219321903 -90.2973473728514762
32.2132213221322274 -73.4078377613139423
32.2332233223322362 -77.1027482422271788
32.2532253225322734 -69.7302411928024952
32.2732273227322821 -92.5887998393120313
32.2932293229322909 -62.5928811827391200
32.3132313231323280 -61.3430545443348763
32.3332333233323368 -57.9856709545873983
32.3532353235323455 -57.8098548516161941
32.3732373237323827 -64.3666885377601972
32.3932393239323915 -64.5277320072734710
32.4132413241324286 -115.9747879940504731
32.4332433243324374 -29.4848475930047123
32.4532453245324461 -59.3900063738623416
32.4732473247324833 -64.2554181198136973
32.4932493249324921 -40.7057169582249188
32.5132513251325292 -85.0514361865110970
32.5332533253325380 -60.6284921497356208
32.5532553255325467 -53.7220062417832409
32.5732573257325839 -37.5103454553462967
32.5932593259325927 -60.9731055576122216
32.6132613261326298 -52.5358203408441256
32.6332633263326386 -64.7341179924100487
32.6532653265326474 -44.7321373126161035
32.6732673267326845 -92.0278200564317217
32.6932693269326933 -70.0068517263120640
32.7132713271327304 -55.9823087557854251
32.7332733273327392 -61.7502456883392554
32.7532753275327480 -53.9213000575830605
32.7732773277327851 -64.2216565851577457
32.7932793279327939 -66.9145356003829335
32.8132813281328310 -79.0194344593566882
32.8332833283328398 -52.1747697802479138
32.8532853285328486 -81.0139883667730061
32.8732873287328857 -71.5010236043408867
32.8932893289328945 -65.0604873543337305
32.9132913291329317 -66.0898909423919605
32.9332933293329404 -43.5724447392749852
32.9532953295329492 -78.1803069687236132
32.9732973297329863 -46.1890647074703509
32.9932993299329951 -49.0654403034134674
33.0133013301330323 -85.4327339177482514
33.0333033303330410 -77.3222175812915395
33.0533053305330498 -84.7927000905571902
33.0733073307330869 -59.1086433060665968
33.0933093309330957 -56.8080475114268495
33.1133113311331329 -65.5397896266252218
33.1333133313331416 -46.5394257187709712
33.1533153315331504 -96.7042558827498056
33.1733173317331875 -84.5653852099038374
33.1933193319331963 -60.3910565164383115
33.2133213321332335 -57.5934929474627353
33.2333233323332422 -64.8954718113826488
33.2533253325332510 -46.3654838016170032
33.2733273327332881 -74.1583972285728095
33.2933293329332969 -56.8204758469001803
33.3133313331333341 -77.3437773815437168
33.3333333333333428 -72.8137362260172409
33.3533353335333516 -68.1706908730762109
33.3733373337333887 -62.4191303550082068
33.3933393339333975 -65.6035951875245047
33.4133413341334062 -49.4428135354649854
33.4333433343334434 -53.5779332550084462
33.4533453345334522 -55.8660271712179366
33.4733473347334893 -66.5800285646376295
33.4933493349334981 -44.7549879134821111
33.5133513351335068 -59.3798046246523512
33.5333533353335440 -87.3913510103216851
33.5533553355335528 -96.7447749548647522
33.5733573357335899 -39.1781471070706147
33.5933593359335987 -83.7647524623558581
33.6133613361336074 -43.5611219224411954
33.6333633363336446 -67.1977533848419029
33.6533653365336534 -77.0415455740870101
33.6733673367336905 -78.1920340889363814
33.6933693369336993 -74.5773163578000151
33.7133713371337080 -53.4754524282358474
33.7333733373337452 -85.7553712028506538
33.7533753375337540 -52.5954429438271163
33.7733773377337911 -71.4681136062795730
33.7933793379337999 -91.6389537065020221
33.8133813381338086 -94.1466424057770865
33.8333833383338458 -86.2465741628205080
33.8533853385338546 -88.4906041133185681
33.8733873387338917 -56.6037947044259084
33.8933893389339005 -51.2102484455915032
33.9133913391339092 -49.7429113807964569
33.9333933393339464 -74.8976651232453747
33.9533953395339552 -86.5500929785786468
33.9733973397339923 -50.6869551071474334
33.9933993399340011 -52.6766569159015674
34.0134013401340098 -55.8720470611040554
34.0334033403340470 -69.6544414150767608
34.0534053405340558 -92.4934351735074500
34.0734073407340929 -64.2394316928364901
34.0934093409341017 -44.9994274994204702
34.1134113411341104 -55.3340443065387575
34.1334133413341476 -96.2668669135235291
34.1534153415341564 -91.4059051684032084
34.1734173417341935 -63.4544639288337962
34.1934193419342023 -102.0663428342981973
34.2134213421342110 -85.1975627260870709
34.2334233423342482 -80.1040549324800679
34.2534253425342570 -59.5028866757953168
34.2734273427342941 -44.6423995842685599
34.2934293429343029 -112.9402281428002652
34.3134313431343116 -97.3967415061426323
34.3334333433343488 -66.6485859365539426
34.3534353435343576 -66.7585364283456784
34.3734373437343663 -49.6069079066428600
34.3934393439344035 -82.5467215404716086
34.4134413441344122 -80.8010626795613263
34.4334433443344494 -50.4001273052037959
34.4534453445344582 -57.0699011600411410
34.4734473447344669 -55.6010600815395790
34.4934493449345041 -87.6074201438532896
34.5134513451345128 -89.8328243510213014
34.5334533453345500 -46.5926405285460845
34.5534553455345588 -66.2370073089926308
34.5734573457345675 -76.2133710447789241
34.5934593459346047 -54.1028137504171767
34.6134613461346134 -84.7560616434000167
34.6334633463346506 -89.3667852908177736
34.6534653465346594 -82.3689504339217535
34.6734673467346681 -58.1944519432726466
34.6934693469347053 -79.1724015577608071
34.7134713471347141 -39.3807097844402776
34.7334733473347512 -64.6043072865403047
34.7534753475347600 -91.5393354487319186
34.7734773477347687 -72.5374770861333502
34.7934793479348059 -93.8323481135032154
34.8134813481348147 -99.6032345789719642
34.8334833483348518 -71.6608977347045908
34.8534853485348606 -88.8857806053229638
34.8734873487348693 -71.9860774258747398
34.8934893489349065 -76.2257996515939169
34.9134913491349153 -56.4482609605651078
34.9334933493349524 -72.0673139581906668
34.9534953495349612 -57.1625679088583567
34.9734973497349699 -113.0903624791396709
34.9934993499350071 -76.0724053912747564
35.0135013501350159 -49.5706202637745577
35.0335033503350530 -72.4860274101284006
35.0535053505350618 -93.2491709690233961
35.0735073507350705 -43.5865008177000206
35.0935093509351077 -73.5025330653929245
35.1135113511351165 -44.3365826741426190
35.1335133513351536 -89.4746112635547064
35.1535153515351624 -52.9657789464182400
35.1735173517351711 -61.2362432237657544
35.1935193519352083 -93.8798517349183328
35.2135213521352171 -94.6521122721775612
35.2335233523352542 -55.8224025929936687
35.2535253525352630 -84.8884493317740549
35.2735273527352717 -63.6086877894216727
35.2935293529353089 -48.8983926326903315
35.3135313531353177 -76.5875403918082895
35.3335333533353264 -49.2996879390346123
35.3535353535353636 -42.2445163936438206
35.3735373537353723 -91.8988261799494524
35.3935393539354095 -77.7909379721344152
35.4135413541354183 -106.9141073440999605
35.4335433543354270 -77.9394629474661684
35.4535453545354642 -79.1617823303648862
35.4735473547354729 -47.3275747477078141
35.4935493549355101 -54.4294205508930702
35.5135513551355189 -54.7335694186070256
35.5335533553355276 -48.0351836335906270
35.5535553555355648 -55.6891443138262829
35.5735573557355735 -55.3927477436085951
35.5935593559356107 -70.9302972011151240
35.6135613561356195 -96.4130173801053161
35.6335633563356282 -85.7582289240125419
35.6535653565356654 -86.8830374358598050
35.6735673567356741 -63.2459575357950072
35.6935693569357113 -69.7081477951541189
35.7135713571357201 -87.8484290856830370
35.7335733573357288 -88.3275144334739224
35.7535753575357660 -53.4478102588909962
35.7735773577357747 -54.9754743270961654
35.7935793579358119 -72.9141385546367076
35.8135813581358207 -85.9214315386887506
35.8335833583358294 -84.9883609720522912
35.8535853585358666 -44.9899781223901698
35.8735873587358753 -107.8579667858061271
35.8935893589359125 -71.9727887429680209
35.9135913591359213 -75.8155054276327718
35.9335933593359300 -68.2300464072520185
35.9535953595359672 -47.8936087667128163
35.9735973597359759 -16.0880263015896716
35.9935993599360131 -85.2721429173274430
36.0136013601360219 -63.6635923709867200
36.0336033603360306 -110.5978197660052160
36.0536053605360678 -84.1709740073818438
36.0736073607360765 -72.8567615691659682
36.0936093609361137 -59.1091737044235828
36.1136113611361225 -78.3577115206635995
36.1336133613361312 -52.1556607168764685
36.1536153615361684 -59.0223833922894698
36.1736173617361771 -76.0280078056381114
36.1936193619362143 -76.1628737224493051
36.2136213621362231 -91.7925926982658211
36.2336233623362318 -77.9377602009305548
36.2536253625362690 -66.5342872093897881
36.2736273627362777 -41.9759703618263131
36.2936293629362865 -57.1803998829263733
36.3136313631363237 -73.0398187654652560
36.3336333633363324 -68.5691932813905964
36.3536353635363696 -69.6223600151364508
36.3736373637363783 -44.4236208231932324
36.3936393639363871 -87.3263360445503167
36.4136413641364243 -105.5678371970505225
36.4336433643364330 -55.3173370324654030
36.4536453645364702 -93.5920607870076253
36.4736473647364789 -80.7609860636466692
36.4936493649364877 -72.2401528212400450
36.5136513651365249 -111.2875944710929730
36.5336533653365336 -72.4483195799024600
36.5536553655365708 -66.5672327689088945
36.5736573657365795 -85.1259622131744180
36.5936593659365883 -80.5754246543483390
36.6136613661366255 -47.0419694009909364
36.6336633663366342 -87.2936583333595308
36.6536653665366714 -88.9812300639350440
36.6736673667366802 -46.1486154582205046
36.6936693669366889 -62.2328191580130010
36.7136713671367261 -24.1868390513671301
36.7336733673367348 -67.9142880503776922
36.7536753675367720 -45.5221773361985385
36.7736773677367808 -71.3565370846159510
36.7936793679367895 -52.3089225358419654
36.8136813681368267 -47.6918084352288503
36.8336833683368354 -60.6057197693479992
36.8536853685368726 -69.4210613848586178
36.8736873687368814 -79.7891239699074788
36.8936893689368901 -66.2916729791375445
36.9136913691369273 -71.0934522363278347
36.9336933693369360 -85.3405646319361608
36.9536953695369732 -52.5976816238446929
36.9736973697369820 -86.9761887074944298
36.9936993699369907 -71.3239277242492733
37.0137013701370279 -98.0102316656206511
37.0337033703370366 -61.9106151159028144
37.0537053705370738 -71.7004593186798616
37.0737073707370826 -66.9880323230565153
37.0937093709370913 -78.7816945058422817
37.1137113711371285 -55.4434081252481405
37.1337133713371372 -59.4146353406870702
37.1537153715371744 -68.4853418541144805
37.1737173717371832 -60.4967705326952085
37.1937193719371919 -42.4160069182067971
37.2137213721372291 -48.3733633370621021
37.2337233723372378 -81.5852936605738677
37.2537253725372466 -73.4701674723175557
37.2737273727372838 -107.1166873023197041
37.2937293729372925 -71.0891571225408114
37.3137313731373297 -69.3641060725282017
37.3337333733373384 -54.8562989673134922
37.3537353735373472 -62.5357868588871355
37.3737373737373844 -70.9139428144020343
37.3937393739373931 -72.6738166747980472
37.4137413741374303 -55.2432376183119160
37.4337433743374390 -95.5759231456035252
37.4537453745374478 -88.0273530606396690
37.4737473747374850 -85.7000335006885052
37.4937493749374937 -56.5122213510908438
37.5137513751375309 -72.9783655336190122
37.5337533753375396 -62.0275147291045315
37.5537553755375484 -92.5173110365587519
37.5737573757375856 -92.5548779513876241
37.5937593759375943 -106.5572331865606799
37.6137613761376315 -51.5237956044808243
37.6337633763376402 -51.8675523535384002
37.6537653765376490 -66.0694873224233845
37.6737673767376862 -81.3348414991747006
37.6937693769376949 -35.5846012929593201
37.7137713771377321 -58.2166282931121941
37.7337733773377408 -60.1831931687598995
37.7537753775377496 -80.7520061309474499
37.7737773777377868 -67.1631587011166147
37.7937793779377955 -112.8699549085038143
37.8137813781378327 -38.0055391894339678
37.8337833783378414 -73.4710154218149114
37.8537853785378502 -76.3832077184843996
37.8737873787378874 -71.1114230730715491
37.8937893789378961 -100.6892656254095186
37.9137913791379333 -89.1846918424515565
37.9337933793379420 -99.4169588263037269
37.9537953795379508 -85.0422351982321771
37.9737973797379880 -76.0904354909142029
37.9937993799379967 -95.9171722448077020
38.0138013801380339 -90.4171469946723505
38.0338033803380426 -53.8159753475245992
38.0538053805380514 -53.7450566634472509
38.0738073807380886 -79.6897096495321478
38.0938093809380973 -102.9990609402943704
38.1138113811381345 -86.6075654252743732
38.1338133813381432 -46.4482936937870932
38.1538153815381520 -61.8247062174012569
38.1738173817381892 -66.1895884316958814
38.1938193819381979 -83.4504633660761215
38.2138213821382067 -73.8416911269736431
38.2338233823382438 -95.5322385374796852
38.2538253825382526 -84.9069271386865836
38.2738273827382898 -58.6049118456438478
38.2938293829382985 -68.9920825704027862
38.3138313831383073 -52.8132479032887545
38.3338333833383444 -60.8712033059972768
38.3538353835383532 -75.6784197342935414
38.3738373837383904 -84.4937680166854648
38.3938393839383991 -89.8637543660878038
38.4138413841384079 -87.9995465068104750
38.4338433843384450 -70.1461595219825824
38.4538453845384538 -88.3136542519750662
38.4738473847384910 -101.6572455936787520
38.4938493849384997 -79.1354202933398767
38.5138513851385085 -68.7384443847238344
38.5338533853385456 -50.8806760606133253
38.5538553855385544 -80.2880779613813189
38.5738573857385916 -92.9899290409477146
38.5938593859386003 -97.8537138364472128
38.6138613861386091 -104.0489683620919976
38.6338633863386463 -76.4044551456302088
38.6538653865386550 -89.8896583160448444
38.6738673867386922 -79.0344818414731805
38.6938693869387009 -103.0275766572477352
38.7138713871387097 -56.0150508511546548
38.7338733873387469 -111.8985282965893902
38.7538753875387556 -77.7690498686468743
38.7738773877387928 -91.5237105223783658
38.7938793879388015 -103.4291463946439933
38.8138813881388103 -81.7334810706489776
38.8338833883388475 -89.8193922673243321
38.8538853885388562 -70.4343397862138545
38.8738873887388934 -102.0709002009684241
38.8938893889389021 -82.7871486310908153
38.9138913891389109 -58.0932331138086653
38.9338933893389481 -78.5614140505161913
38.9538953895389568 -88.3693749123427210
38.9738973897389940 -73.8009362486796761
38.9938993899390027 -57.0034379405186229
39.0139013901390115 -76.7523699627279399
39.0339033903390487 -95.1352565642891932
39.0539053905390574 -76.3191641521790984
39.0739073907390946 -82.5382194189572402
39.0939093909391033 -99.0936936688446366
39.1139113911391121 -106.0385551832711144
39.1339133913391493 -103.7352023321397638
39.1539153915391580 -75.1928366312820060
39.1739173917391668 -75.2164928002724338
39.1939193919392039 -96.8616633009344952
39.2139213921392127 -91.0587070092270352
39.2339233923392499 -69.5892547414740221
39.2539253925392586 -41.5080532164291327
39.2739273927392674 -92.6928396664431915
39.2939293929393045 -64.2994190597170387
39.3139313931393133 -86.0903255492701049
39.3339333933393505 -63.1146874910757845
39.3539353935393592 -89.0434854984414983
39.3739373937393680 -74.9423968675794754
39.3939393939394051 -76.5781041495585555
39.4139413941394139 -109.5689463487584732
39.4339433943394511 -65.0110063512865395
39.4539453945394598 -65.0533155043933959
39.4739473947394686 -82.1348217074353641
39.4939493949395057 -98.3557541082561357
39.5139513951395145 -63.7500134485319450
39.5339533953395517 -67.0859257635369772
39.5539553955395604 -71.3919349935161875
39.5739573957395692 -90.3924713765822077
39.5939593959396063 -75.1922495267346704
39.6139613961396151 -87.3049430675747260
39.6339633963396523 -92.3951436498426801
39.6539653965396610 -103.8560016184126482
39.6739673967396698 -59.3422019778963659
39.6939693969397069 -100.7991728161832583
39.7139713971397157 -85.9441209883643040
39.7339733973397529 -75.4477515262063321
39.7539753975397616 -75.1075546460330088
39.7739773977397704 -83.5607338940584015
39.7939793979398075 -102.5522060606502635
39.8139813981398163 -96.7389054113258453
39.8339833983398535 -84.9754354092758604
39.8539853985398622 -91.1619016027372027
39.8739873987398710 -76.5408360461571959
39.8939893989399081 -65.6001696334363942
39.9139913991399169 -54.7376470319010764
39.9339933993399541 -84.7835841364276632
39.9539953995399628 -85.9404520044890887
39.9739973997399716 -60.3045588630529750
39.9939993999400087 -86.1033562635316230
40.0140014001400175 -84.2268018451955669
40.0340034003400547 -65.8519176622935873
40.0540054005400634 -79.8041800775439327
40.0740074007400722 -92.7603065081517286
40.0940094009401093 -79.8727110905780506
40.1140114011401181 -95.9711197844800239
40.1340134013401268 -92.0692892922119341
40.1540154015401640 -70.5966987907826109
40.1740174017401728 -66.2424765738526133
40.1940194019402099 -98.0337442940837178
40.2140214021402187 -49.7585502873026613
40.2340234023402274 -75.5544618051355599
40.2540254025402646 -82.4594123939586723
40.2740274027402734 -64.2319964524747178
40.2940294029403105 -92.9584240944732016
40.3140314031403193 -70.5985351899277020
40.3340334033403281 -100.2445230848939701
40.3540354035403652 -113.4798543738417322
40.3740374037403740 -76.4881590004788734
40.3940394039404111 -74.3306791999876566
40.4140414041404199 -88.8914539577279470
40.4340434043404287 -70.9773816537942253
40.4540454045404658 -33.5768970248541621
40.4740474047404746 -46.2924744839451563
40.4940494049405117 -80.6221675484609506
40.5140514051405205 -100.8763794968234606
40.5340534053405293 -70.0604552155038789
40.5540554055405664 -67.0976066392945825
40.5740574057405752 -49.8140172451148118
40.5940594059406124 -86.7792781517269276
40.6140614061406211 -67.5311481544826222
40.6340634063406299 -82.7391895360969443
40.6540654065406670 -79.7938699180811710
40.6740674067406758 -77.4436290272179946
40.6940694069407130 -61.1001997705699438
40.7140714071407217 -61.3562058390395464
40.7340734073407305 -97.2727869997253265
40.7540754075407676 -81.6738403493438909
40.7740774077407764 -122.2206647038485414
40.7940794079408136 -98.4875407831063399
40.8140814081408223 -108.8920184753772844
40.8340834083408311 -61.0711480588050790
40.8540854085408682 -34.8853099059398488
40.8740874087408770 -76.6081051759445728
40.8940894089409142 -103.4789242752249692
40.9140914091409229 -93.3155527496167565
40.9340934093409317 -104.5852807396404813
40.9540954095409688 -72.5769331607461936
40.9740974097409776 -70.9206809497618877
40.9940994099410148 -109.8788466874827634
41.0141014101410235 -90.0318481316634518
41.0341034103410323 -55.7043315220936961
41.0541054105410694 -91.1377760431703479
41.0741074107410782 -71.6193859428944108
41.0941094109410869 -103.6998953168991591
41.1141114111411241 -119.4045315912699436
41.1341134113411329 -79.3723839870671668
41.1541154115411700 -54.3758345730328543
41.1741174117411788 -61.1001239717263829
41.1941194119411875 -39.2272900617426785
41.2141214121412247 -64.2343965443348566
41.2341234123412335 -73.6080993329312037
41.2541254125412706 -126.9253593242845568
41.2741274127412794 -94.2774889529775066
41.2941294129412881 -94.1764769640117692
41.3141314131413253 -45.3123124898670468
41.3341334133413341 -113.0239346736426000
41.3541354135413712 -61.8133277349292953
41.3741374137413800 -123.3800828689170856
41.3941394139413887 -84.7053836597856389
41.4141414141414259 -64.5248100553274355
41.4341434143414347 -90.0165313200695891
41.4541454145414718 -75.7245745851685399
41.4741474147414806 -92.5066589783899929
41.4941494149414893 -79.9715935363166182
41.5141514151415265 -85.9305093309853021
41.5341534153415353 -75.6843773564867917
41.5541554155415724 -86.5917498846069122
41.5741574157415812 -91.3189739149603525
41.5941594159415899 -103.1403942253157737
41.6141614161416271 -68.9927092712918295
41.6341634163416359 -80.4746463439259117
41.6541654165416730 -66.7842183516408880
41.6741674167416818 -67.1885180430176661
41.6941694169416905 -93.1079744809461687
41.7141714171417277 -57.7775447908686886
41.7341734173417365 -90.7260554073679799
41.7541754175417736 -93.8332132121447984
41.7741774177417824 -98.7857133666308869
41.7941794179417911 -73.3925349747335218
41.8141814181418283 -84.5985298025941148
41.8341834183418371 -86.7372311388034518
41.8541854185418742 -97.1115984411718500
41.8741874187418830 -79.8876201685823588
41.8941894189418917 -94.1426614618101212
41.9141914191419289 -87.1407706991851825
41.9341934193419377 -73.3248146463351276
41.9541954195419748 -96.9448450898562299
41.9741974197419836 -85.2156014832708451
41.9941994199419923 -105.2469393053708870
42.0142014201420295 -61.9036089964530447
42.0342034203420383 -96.5423302706262092
42.0542054205420470 -75.9685691361296591
42.0742074207420842 -72.8755226026145806
42.0942094209420929 -92.5390512979064965
42.1142114211421301 -98.3919415386422429
42.1342134213421389 -80.7238810318675348
42.1542154215421476 -81.5215087796484141
42.1742174217421848 -64.9867513452089725
42.1942194219421935 -65.2164432423293761
42.2142214221422307 -60.9282225309736631
42.2342234223422395 -114.9780566821632135
42.2542254225422482 -114.6810406170343128
42.2742274227422854 -52.3257882143836923
42.2942294229422941 -59.2558906771908482
42.3142314231423313 -65.6029954189786650
42.3342334233423401 -88.2982187803685008
42.3542354235423488 -77.7490587264124855
42.3742374237423860 -67.1083463888190295
42.3942394239423948 -96.9916699422277730
42.4142414241424319 -60.9502251177154974
42.4342434243424407 -79.6845043808970388
42.4542454245424494 -69.8228500944805575
42.4742474247424866 -64.4347413611217945
42.4942494249424954 -87.9504458807046774
42.5142514251425325 -78.8670987565113535
42.5342534253425413 -98.3335199925792836
42.5542554255425500 -55.2664400585625444
42.5742574257425872 -67.1476870014368217
42.5942594259425960 -59.4404885964119671
42.6142614261426331 -94.0366678565238203
42.6342634263426419 -114.0302547839010145
42.6542654265426506 -62.1670280716066870
42.6742674267426878 -99.8093543345861747
42.6942694269426966 -80.3173476384107232
42.7142714271427337 -96.2397342939144949
42.7342734273427425 -98.7618429880272402
42.7542754275427512 -83.9857315753074829
42.7742774277427884 -53.3397413000905658
42.7942794279427972 -79.1414356544603947
42.8142814281428343 -81.7028143411358059
42.8342834283428431 -77.2389404667985673
42.8542854285428518 -97.6029225385416055
42.8742874287428890 -104.4788450714217305
42.8942894289428978 -83.7412594194905893
42.9142914291429349 -77.9648337629170953
42.9342934293429437 -102.7286622167420660
42.9542954295429524 -66.8524933166053472
42.9742974297429896 -69.3027147750559891
42.9942994299429984 -62.3715459617380290
43.0143014301430071 -97.4240239787824720
43.0343034303430443 -83.1589624343089469
43.0543054305430530 -83.1919412671129237
43.0743074307430902 -100.1801601520931797
43.0943094309430990 -77.5067184598870256
43.1143114311431077 -87.1588193789413737
43.1343134313431449 -98.4742291234000930
43.1543154315431536 -107.7618908347959206
43.1743174317431908 -28.6159284677282884
43.1943194319431996 -77.5745031927774988
43.2143214321432083 -73.0075673375470728
43.2343234323432455 -81.0061214608733025
43.2543254325432542 -106.0782977297310765
43.2743274327432914 -91.5874261714141795
43.2943294329433002 -65.9046904412034422
43.3143314331433089 -70.9646819645976450
43.3343334333433461 -59.7539452754200937
43.3543354335433548 -89.6530050390901181
43.3743374337433920 -97.1579846126338396
43.3943394339434008 -110.2170188638707344
43.4143414341434095 -46.9442466644512990
43.4343434343434467 -93.3912548295274973
43.4543454345434554 -93.9031466193728193
43.4743474347434926 -67.8443405213493378
43.4943494349435014 -67.8434815964683651
43.5143514351435101 -111.4586893904757972
43.5343534353435473 -84.4090315440365231
43.5543554355435560 -81.4664781206108302
43.5743574357435932 -71.1334790205996086
43.5943594359436020 -93.1570525436995922
43.6143614361436107 -108.3455378736447869
43.6343634363436479 -93.7276006850109553
43.6543654365436566 -100.0195240789961701
43.6743674367436938 -88.4183613755745341
43.6943694369437026 -71.3491505341070678
43.7143714371437113 -56.8390675574250892
43.7343734373437485 -83.2012156174884296
43.7543754375437572 -81.8976643738024848
43.7743774377437944 -131.7947524768889878
43.7943794379438032 -71.7439531908138832
43.8143814381438119 -67.3745794324083818
43.8343834383438491 -108.9269599277916001
43.8543854385438578 -94.1001896766794772
43.8743874387438950 -64.4037899896907220
43.8943894389439038 -45.5289269152395448
43.9143914391439125 -59.3859286003583478
43.9343934393439497 -91.0009403721039121
43.9543954395439584 -85.1447285053187670
43.9743974397439956 -106.3532285650401548
43.9943994399440044 -91.3503286013054208
44.0144014401440131 -78.0376750247781530
44.0344034403440503 -112.7126184242331135
44.0544054405440590 -46.0109303377714411
44.0744074407440678 -82.8355955227283118
44.0944094409441050 -70.0013954442061532
44.1144114411441137 -100.5536225498049419
44.1344134413441509 -94.3385645709176117
44.1544154415441596 -73.2264701121092827
44.1744174417441684 -77.4782041232194416
44.1944194419442056 -120.9086515221479203
44.2144214421442143 -88.6032946848777243
44.2344234423442515 -100.0604146448347080
44.2544254425442602 -87.9882818278449150
44.2744274427442690 -100.4244141288733942
44.2944294429443062 -91.6474630645742820
44.3144314431443149 -50.6038181843568680
44.3344334433443521 -72.9380436708281792
44.3544354435443609 -96.7878232017785081
44.3744374437443696 -90.9118707567308917
44.3944394439444068 -94.4651837142513671
44.4144414441444155 -95.2093997647642993
44.4344434443444527 -52.9345103810396935
44.4544454445444615 -83.1555225676029153
44.4744474447444702 -99.5157142301409863
44.4944494449445074 -70.8517467393622269
44.5144514451445161 -85.8882387013939308
44.5344534453445533 -78.9943390489634112
44.5544554455445621 -106.7149320030779052
44.5744574457445708 -97.8298845121196194
44.5944594459446080 -89.8443217058974284
44.6144614461446167 -68.6602231212345231
44.6344634463446539 -84.9264647026504491
44.6544654465446627 -68.2419441606145085
44.6744674467446714 -90.3696175622046383
44.6944694469447086 -67.7939159941733465
44.7144714471447173 -71.9712603711508336
44.7344734473447545 -78.1281265737071635
44.7544754475447633 -76.9834637197145497
44.7744774477447720 -89.7728415477700139
44.7944794479448092 -118.6761789432987371
44.8144814481448179 -78.2923874296697448
44.8344834483448551 -56.5412336602643890
44.8544854485448639 -85.1523069802132966
44.8744874487448726 -99.7093476713596800
44.8944894489449098 -102.4324235745137770
44.9144914491449185 -91.2010814460310542
44.9344934493449557 -79.5828107781037062
44.9544954495449645 -61.5305997914055780
44.9744974497449732 -119.8519613518683400
44.9944994499450104 -93.0390155413689683
45.0145014501450191 -60.1684179978448697
45.0345034503450279 -83.5054681824115335
45.0545054505450651 -76.1105010124036312
45.0745074507450738 -66.7471402129746707
45.0945094509451110 -122.4317786325032955
45.1145114511451197 -63.6723380065839066
45.1345134513451285 -84.3354256265385942
45.1545154515451657 -91.6918235481847148
45.1745174517451744 -77.5829159693290791
45.1945194519452116 -72.1734950606343375
45.2145214521452203 -86.4097132377533654
45.2345234523452291 -68.1365849298317272
45.2545254525452663 -123.9319178938551289
45.2745274527452750 -96.7378816959042922
45.2945294529453122 -93.7542348930297607
45.3145314531453209 -71.0456050631924256
45.3345334533453297 -91.5963034109409620
45.3545354535453669 -72.8272186601682279
45.3745374537453756 -68.0864372041395853
45.3945394539454128 -97.8343120011149523
45.4145414541454215 -62.2051260005604121
45.4345434543454303 -85.4131565068539373
45.4545454545454675 -58.6383042339894232
45.4745474547454762 -60.3715445164272637
45.4945494549455134 -69.6237076218887694
45.5145514551455221 -78.8428734199145822
45.5345534553455309 -78.0925034521053050
45.5545554555455681 -52.7138681484069593
45.5745574557455768 -73.4311342424984872
45.5945594559456140 -79.1933822163847481
45.6145614561456227 -61.9541249285754105
45.6345634563456315 -79.7496643826843865
45.6545654565456687 -110.9991899852408324
45.6745674567456774 -101.8217044360312968
45.6945694569457146 -68.5631074087479675
45.7145714571457233 -95.4994977240715457
45.7345734573457321 -54.7820950688291788
45.7545754575457693 -107.0399366520775715
45.7745774577457780 -96.5328912256604497
45.7945794579458152 -81.5177183596366746
45.8145814581458239 -99.0606626130883399
45.8345834583458327 -68.1117017750252671
45.8545854585458699 -97.2122325435150287
45.8745874587458786 -103.3899829689034675
45.8945894589459158 -110.5565225541729575
45.9145914591459245 -102.4613485488553124
45.9345934593459333 -109.8432062430324976
45.9545954595459705 -96.4812315638846485
45.9745974597459792 -85.3491829547457144
45.9945994599459880 -85.4302600655112911
46.0146014601460251 -66.7028873993530738
46.0346034603460339 -70.9934111693453644
46.0546054605460711 -110.1583483100587273
46.0746074607460798 -65.0532856470893677
46.0946094609460886 -90.5253285349296704
46.1146114611461257 -71.9461571623351688
46.1346134613461345 -90.4442406614573287
46.1546154615461717 -83.2332013383466034
46.1746174617461804 -59.3971499157980389
46.1946194619461892 -79.1788623557700078
46.2146214621462263 -109.0616689885615358
46.2346234623462351 -86.6861020809239307
46.2546254625462723 -75.5778955063551052
46.2746274627462810 -82.5950527072892697
46.2946294629462898 -89.2969929175542063
46.3146314631463270 -67.1698102630573004
46.3346334633463357 -86.3667718315359707
46.3546354635463729 -75.9924608382350328
46.3746374637463816 -98.3619419650464266
46.3946394639463904 -48.9275687396881267
46.4146414641464276 -102.2898113919675609
46.4346434643464363 -117.6987169953667234
46.4546454645464735 -64.7484424055834182
46.4746474647464822 -90.2683833451285409
46.4946494649464910 -74.4497689085433620
46.5146514651465282 -101.4863131217787071
46.5346534653465369 -79.9878337987090902
46.5546554655465741 -81.6749903687635168
46.5746574657465828 -111.2150268718120145
46.5946594659465916 -71.6139420961064559
46.6146614661466288 -61.4580853476398588
46.6346634663466375 -70.9557308928435333
46.6546654665466747 -73.0969761920256360
46.6746674667466834 -103.2136471043919954
46.6946694669466922 -70.2582120148121305
46.7146714671467294 -69.9223444776345957
46.7346734673467381 -116.7659965626917824
46.7546754675467753 -71.9674820560394579
46.7746774677467840 -104.4512132693701290
46.7946794679467928 -90.5145189364153708
46.8146814681468300 -69.4122978454104924
46.8346834683468387 -70.2832480847872176
46.8546854685468759 -82.9975093974310454
46.8746874687468846 -50.2437880296308066
46.8946894689468934 -76.5137323878180382
46.9146914691469306 -75.0998542976632848
46.9346934693469393 -90.9722643849628980
46.9546954695469481 -99.4467474434184311
46.9746974697469852 -85.7484713165827088
46.9946994699469940 -73.1797308632196319
47.0147014701470312 -66.0594760559043550
47.0347034703470399 -91.5853961233696339
47.0547054705470487 -98.5487531638319183
47.0747074707470858 -88.5288353591881929
47.0947094709470946 -33.4743879189471514
47.1147114711471318 -54.9586861330262622
47.1347134713471405 -111.6152420295000383
47.1547154715471493 -93.8069360031861663
47.1747174717471864 -108.4538405941750199
47.1947194719471952 -98.7704563537421905
47.2147214721472324 -66.8341418267677909
47.2347234723472411 -85.2081580027090411
47.2547254725472499 -70.9695051603015798
47.2747274727472870 -104.8890226559088887
47.2947294729472958 -45.5422211293642434
47.3147314731473330 -87.8747088766501747
47.3347334733473417 -78.3831252230781388
47.3547354735473505 -142.5566792850507341
47.3747374737473876 -78.4657541655459312
47.3947394739473964 -94.3134057651524955
47.4147414741474336 -78.0368027920643783
47.4347434743474423 -64.8738955491477896
47.4547454745474511 -61.9991791853861898
47.4747474747474882 -100.9045634820302695
47.4947494749474970 -67.3360872526724989
47.5147514751475342 -106.2984970461319421
47.5347534753475429 -89.7945717448953360
47.5547554755475517 -62.1177290011487173
47.5747574757475888 -81.9586022314715308
47.5947594759475976 -94.0227815305918568
47.6147614761476348 -101.3386244030586596
47.6347634763476435 -83.9937770964327370
47.6547654765476523 -69.1998586635431678
47.6747674767476894 -68.6174624673301423
47.6947694769476982 -88.5781413476308472
47.7147714771477354 -65.7439472527966018
47.7347734773477441 -109.7859649066254804
47.7547754775477529 -108.2574691880181206
47.7747774777477900 -85.6216155775942838
47.7947794779477988 -88.0209513378387669
47.8147814781478360 -75.3904836830449625
47.8347834783478447 -70.6331542274593289
47.8547854785478535 -95.6876444984749526
47.8747874787478906 -58.9102254563702274
47.8947894789478994 -79.5828690670649053
47.9147914791479081 -57.2638767490538427
47.9347934793479453 -59.6899123854993690
47.9547954795479541 -93.0367173189515029
47.9747974797479912 -88.1665833630669198
47.9947994799480000 -79.4340480981724539
48.0148014801480087 -103.3730587148758104
48.0348034803480459 -74.5258199851517276
48.0548054805480547 -91.6069408855240397
48.0748074807480918 -66.3906683177722243
48.0948094809481006 -75.4390941614291393
48.1148114811481094 -92.9290726082164582
48.1348134813481465 -69.7998105601375016
48.1548154815481553 -101.0515754069221259
48.1748174817481924 -81.7776668556611952
48.1948194819482012 -75.7440586951768751
48.2148214821482100 -54.9064582274464499
48.2348234823482471 -71.8439527697652380
48.2548254825482559 -77.7393211432478637
48.2748274827482931 -83.2571288609256897
48.2948294829483018 -71.3775478275147890
48.3148314831483106 -77.9808811783216527
48.3348334833483477 -48.0922333217677433
48.3548354835483565 -79.7451825897717299
48.3748374837483937 -86.6716567002477376
48.3948394839484024 -124.7082128146544591
48.4148414841484112 -72.5256034015521465
48.4348434843484483 -47.0804290090387880
48.4548454845484571 -66.6561867927385521
48.4748474847484943 -93.3640709027110063
48.4948494849485030 -65.8062870708479863
48.5148514851485118 -66.7922963815732942
48.5348534853485489 -110.6524529984960168
48.5548554855485577 -94.3880891223960816
48.5748574857485949 -96.5819346960956722
48.5948594859486036 -79.8133455811316708
48.6148614861486124 -93.9714691358519758
48.6348634863486495 -61.0476799768740079
48.6548654865486583 -45.0199248218865975
48.6748674867486955 -54.1684439745833473
48.6948694869487042 -67.4536523671830821
48.7148714871487130 -85.5326827050097620
48.7348734873487501 -90.2264560434114031
48.7548754875487589 -83.5950322544867106
48.7748774877487961 -71.5707260016633029
48.7948794879488048 -82.5861637661813717
48.8148814881488136 -114.6632268843559359
48.8348834883488507 -73.0635967296483244
48.8548854885488595 -79.5110464176818112
48.8748874887488682 -86.8745678213623336
48.8948894889489054 -114.0740835935927606
48.9148914891489142 -75.7260853478685050
48.9348934893489513 -65.2502747691910088
48.9548954895489601 -110.7116041289425539
48.9748974897489688 -67.3262646259667292
48.9948994899490060 -75.2650752616797831
49.0149014901490148 -87.0360548468990203
49.0349034903490519 -85.0701865264209403
49.0549054905490607 -96.1880951451607018
49.0749074907490694 -99.6891472032234987
49.0949094909491066 -46.3454022070161074
49.1149114911491154 -70.9853614871773146
49.1349134913491525 -71.7406281483642090
49.1549154915491613 -49.1692137294827987
49.1749174917491700 -55.2583971629412218
49.1949194919492072 -68.3210499826147668
49.2149214921492160 -113.4876163142721168
49.2349234923492531 -112.4097366562156992
49.2549254925492619 -89.0581011245987497
49.2749274927492706 -101.1211264098834306
49.2949294929493078 -92.9001600071134703
49.3149314931493166 -76.9097946387332030
49.3349334933493537 -72.4112823606130149
49.3549354935493625 -86.7388332899982402
49.3749374937493712 -84.2160951271387148
49.3949394939494084 -116.1820701917066856
49.4149414941494172 -103.5810221957908368
49.4349434943494543 -89.0503953878002363
49.4549454945494631 -92.3717793882260452
49.4749474947494718 -85.0423247281683388
49.4949494949495090 -52.6655962840260514
49.5149514951495178 -108.5594449571978259
49.5349534953495549 -96.0298150260675527
49.5549554955495637 -116.8080974255795041
49.5749574957495724 -60.5130140048757994
49.5949594959496096 -95.4696097941367725
49.6149614961496184 -92.4971583428840916
49.6349634963496555 -81.6749203597247373
49.6549654965496643 -83.8548568044885485
49.6749674967496730 -62.6951697931743297
49.6949694969497102 -108.6798773816587698
49.7149714971497190 -84.0078442431438788
49.7349734973497561 -75.8868465883321619
49.7549754975497649 -87.1732921896047799
49.7749774977497736 -66.0579285179961033
49.7949794979498108 -110.0145844950450993
49.8149814981498196 -55.5467268335296893
49.8349834983498283 -85.7992181187340179
49.8549854985498655 -108.0883213328602892
49.8749874987498742 -65.6610615947171823
49.8949894989499114 -94.6761928823714527
49.9149914991499202 -84.6412683075381835
49.9349934993499289 -106.9812277738076602
49.9549954995499661 -79.5717585557698044
49.9749974997499748 -57.3953561092828295
49.9949994999500120 -96.5339926558414447
50.0150015001500208 -84.5759588517241383
50.0350035003500295 -115.0892921875845616
50.0550055005500667 -98.0902044329143763
50.0750075007500755 -125.1317889097981606
50.0950095009501126 -110.3199693804956212
50.1150115011501214 -83.5772010299824046
50.1350135013501301 -102.1956945176743972
50.1550155015501673 -70.0988366359224671
50.1750175017501761 -65.2666532901004786
50.1950195019502132 -84.2342164133688271
50.2150215021502220 -92.3783755006979135
50.2350235023502307 -76.8388205667790345
50.2550255025502679 -86.2865594785290284
50.2750275027502767 -89.4785641623850552
50.2950295029503138 -63.2895773406914230
50.3150315031503226 -76.8588393660409679
50.3350335033503313 -67.8531102355780718
50.3550355035503685 -79.9592708184518699
50.3750375037503773 -68.9200285287580954
50.3950395039504144 -82.1368183383410155
50.4150415041504232 -58.3051921456218167
50.4350435043504319 -76.4638985075391275
50.4550455045504691 -86.2357459543061253
50.4750475047504779 -89.5179478611474906
50.4950495049505150 -97.4772557128486454
50.5150515051505238 -96.8809073317311089
50.5350535053505325 -83.7357527781093296
50.5550555055505697 -70.7100805184290095
50.5750575057505785 -75.4444156864748550
50.5950595059506156 -65.5688215467658466
50.6150615061506244 -79.1758198945399130
50.6350635063506331 -80.0420818989670551
50.6550655065506703 -80.7723082836461401
50.6750675067506791 -105.2919973601834585
50.6950695069507162 -61.6975682130286458
50.7150715071507250 -75.4979294739777345
50.7350735073507337 -124.9770901447861462
50.7550755075507709 -101.3723410932478828
50.7750775077507797 -73.5941412658059733
50.7950795079507884 -97.0339017022641457
50.8150815081508256 -84.5158010204384311
50.8350835083508343 -76.3954362798409932
50.8550855085508715 -73.9720327982331867
50.8750875087508803 -86.7070914629747591
50.8950895089508890 -102.5989131969456594
50.9150915091509262 -78.3587334917470315
50.9350935093509349 -82.8284972014494798
50.9550955095509721 -76.0354030209253722
50.9750975097509809 -97.5507552258139725
50.9950995099509896 -81.9714684416371142
51.0151015101510268 -101.9437332838699461
51.0351035103510355 -76.4208586848735081
51.0551055105510727 -74.0495917016064169
51.0751075107510815 -109.2083981688902270
51.0951095109510902 -86.6486031201009439
51.1151115111511274 -101.1538777066145940
51.1351135113511361 -104.1163622487480609
51.1551155115511733 -101.4043593299633415
51.1751175117511821 -76.0689604789232021
51.1951195119511908 -68.2819754642327865
51.2151215121512280 -57.1158972468381734
51.2351235123512367 -77.1945611749335114
51.2551255125512739 -55.4490278516943960
51.2751275127512827 -106.1748716123149450
51.2951295129512914 -74.6573578993830580
51.3151315131513286 -88.0255678862936577
51.3351335133513373 -51.1043646609970565
51.3551355135513745 -66.3324655700291430
51.3751375137513833 -89.5056154790158303
51.3951395139513920 -55.8213271442400867
51.4151415141514292 -60.5052030948959896
51.4351435143514379 -58.0616391559372858
51.4551455145514751 -87.8541172753183304
51.4751475147514839 -55.5125517110516000
51.4951495149514926 -74.7895630815746131
51.5151515151515298 -84.7191308753062202
51.5351535153515385 -78.0616109949471451
51.5551555155515757 -72.7645188702188932
51.5751575157515845 -57.4903988451796479
51.5951595159515932 -82.4996240771028511
51.6151615161516304 -94.6128591047951488
51.6351635163516391 -80.5771376117502172
51.6551655165516763 -124.9903141450808448
51.6751675167516851 -68.8668534670536303
51.6951695169516938 -64.5785254636798811
51.7151715171517310 -51.2549442609213912
51.7351735173517397 -88.5317244285145080
51.7551755175517485 -80.6449730323804204
51.7751775177517857 -74.0020172826067721
51.7951795179517944 -101.3790325239699541
51.8151815181518316 -80.4944711042313088
51.8351835183518403 -79.5731538315513234
51.8551855185518491 -76.4676730161146878
51.8751875187518863 -111.1410755173978231
51.8951895189518950 -57.3676711978703224
51.9151915191519322 -92.0544392226353381
51.9351935193519409 -63.5611269850420584
51.9551955195519497 -64.3034344773474373
51.9751975197519869 -111.6176514225161043
51.9951995199519956 -46.9614536084542991
52.0152015201520328 -74.8709245159094650
52.0352035203520416 -60.3844678408849802
52.0552055205520503 -94.4294877055684481
52.0752075207520875 -47.3224956652216022
52.0952095209520962 -107.9393522758574591
52.1152115211521334 -110.0506365273104734
52.1352135213521422 -69.7770222418798198
52.1552155215521509 -66.3383864515862030
52.1752175217521881 -90.2738820313245469
52.1952195219521968 -84.5809054085209198
52.2152215221522340 -77.4163345429383583
52.2352235223522428 -86.4255599812647830
52.2552255225522515 -79.6999531015985099
52.2752275227522887 -57.9904578752274489
52.2952295229522974 -97.7250542784197478
52.3152315231523346 -68.6627101081020896
52.3352335233523434 -64.0652880937254992
52.3552355235523521 -121.5135878640154203
52.3752375237523893 -56.0659968791388650
52.3952395239523980 -69.5055842117010059
52.4152415241524352 -42.6866145757791742
52.4352435243524440 -42.8731974119953207
52.4552455245524527 -107.9059542799634386
52.4752475247524899 -53.2394326171099976
52.4952495249524986 -89.5976655889341203
52.5152515251525358 -74.5829244727916887
52.5352535253525446 -69.5294613276230677
52.5552555255525533 -78.3769293433154957
52.5752575257525905 -57.3245103924768102
52.5952595259525992 -96.9390974154916165
52.6152615261526364 -70.3487959010866604
52.6352635263526452 -72.8888993433472479
52.6552655265526539 -67.7342519183528964
52.6752675267526911 -68.3095529055437254
52.6952695269526998 -66.8093899234570188
52.7152715271527086 -67.7246608789414068
52.7352735273527458 -64.6962526443646055
52.7552755275527545 -87.8419994202757550
52.7752775277527917 -67.7961786317613644
52.7952795279528004 -70.5005254660633085
52.8152815281528092 -75.5676387731875820
52.8352835283528464 -93.5948028159784826
52.8552855285528551 -40.0288839259248235
52.8752875287528923 -41.8536963878112118
52.8952895289529010 -53.7586365255199752
52.9152915291529098 -42.3897564599700303
52.9352935293529470 -54.7720036047592345
52.9552955295529557 -48.5855482900430786
52.9752975297529929 -75.1118981525908112
52.9952995299530016 -63.5859506074292611
53.0153015301530104 -69.5433424977436800
53.0353035303530476 -57.8501962803685075
53.0553055305530563 -75.0625953966537622
53.0753075307530935 -109.0063457721884959
53.0953095309531022 -86.0262848119497647
53.1153115311531110 -87.2350344692442263
53.1353135313531482 -83.8391974900945627
53.1553155315531569 -57.0601129933300015
53.1753175317531941 -90.2689619954502689
53.1953195319532028 -64.8811232329911718
53.2153215321532116 -78.2455162178428338
53.2353235323532488 -118.6304732416344763
53.2553255325532575 -87.2578624170024568
53.2753275327532947 -74.1083413890953580
53.2953295329533034 -111.4316166714162364
53.3153315331533122 -71.8868502963433400
53.3353335333533494 -89.0984026469909622
53.3553355335533581 -75.1059145761695106
53.3753375337533953 -83.8538708175022975
53.3953395339534040 -36.4614115319233605
53.4153415341534128 -88.3676459190727570
53.4353435343534500 -69.3200896034507963
53.4553455345534587 -64.6343894410089632
53.4753475347534959 -74.3925709964005648
53.4953495349535046 -71.9394500343353087
53.5153515351535134 -42.6872295316219947
53.5353535353535506 -56.1544197075091063
53.5553555355535593 -86.7756516166516434
53.5753575357535965 -81.3561589700308048
53.5953595359536052 -84.6554101767880951
53.6153615361536140 -73.7934803980386391
53.6353635363536512 -56.9905481725149485
53.6553655365536599 -74.0865388257692103
53.6753675367536971 -52.4762337692124490
53.6953695369537058 -62.3084377082653731
53.7153715371537146 -56.4024287258805259
53.7353735373537518 -60.2085897202225127
53.7553755375537605 -59.3562206905270102
53.7753775377537693 -76.1106975364759109
53.7953795379538064 -59.2555893148427657
53.8153815381538152 -89.9808001906802701
53.8353835383538524 -71.1788727219580863
53.8553855385538611 -56.0803787076853411
53.8753875387538699 -74.6724802048285028
53.8953895389539070 -69.8503871399132237
53.9153915391539158 -74.6167384049425948
53.9353935393539530 -84.7968193449473091
53.9553955395539617 -58.9694756364046953
53.9753975397539705 -41.5939893933929028
53.9953995399540077 -71.4165851228783026
54.0154015401540164 -60.4204389266225377
54.0354035403540536 -104.7926921491028622
54.0554055405540623 -112.0714283042986494
54.0754075407540711 -64.9988118509261597
54.0954095409541083 -90.6590657664883537
54.1154115411541170 -89.7720021669254322
54.1354135413541542 -86.0627208896643765
54.1554155415541629 -64.4547395676734993
54.1754175417541717 -69.7827509859087058
54.1954195419542089 -69.4076088680133410
54.2154215421542176 -87.0199074222625768
54.2354235423542548 -71.5987529333736745
54.2554255425542635 -65.9702191346960944
54.2754275427542723 -74.0513766611826867
54.2954295429543095 -69.3310413153470080
54.3154315431543182 -79.7557173703929578
54.3354335433543554 -72.6720094619062564
54.3554355435543641 -66.7599370383132538
54.3754375437543729 -76.2934468329416262
54.3954395439544101 -80.7416069562278835
54.4154415441544188 -64.8169993459867868
54.4354435443544560 -93.7905592240629034
54.4554455445544647 -85.3704522909630725
54.4754475447544735 -40.8164314731619982
54.4954495449545107 -55.8177984739784847
54.5154515451545194 -54.1416891738282686
54.5354535453545566 -59.2688812366225406
54.5554555455545653 -74.0429708077572855
54.5754575457545741 -77.2867483742276562
54.5954595459546113 -54.8765889735614465
54.6154615461546200 -73.6195870414915987
54.6354635463546572 -68.9526518611322246
54.6554655465546659 -58.1517388877507670
54.6754675467546747 -61.5559536434713834
54.6954695469547119 -51.1071551067789400
54.7154715471547206 -92.8685064536260541
54.7354735473547294 -70.4084809194042123
54.7554755475547665 -62.6701588468710113
54.7754775477547753 -67.0524388472447015
54.7954795479548125 -59.9192292416081571
54.8154815481548212 -52.0914251597997691
54.8354835483548300 -74.4031280645732380
54.8554855485548671 -72.5762724846276939
54.8754875487548759 -56.3844510997013515
54.8954895489549131 -51.3832261700116391
54.9154915491549218 -32.7381092183672635
54.9354935493549306 -80.0966454306494740
54.9554955495549677 -46.9888163507694401
54.9754975497549765 -96.2437185860266453
54.9954995499550137 -42.1158996385854678
55.0155015501550224 -85.4231929245795953
55.0355035503550312 -49.5174446559124419
55.0555055505550683 -57.9843686577418680
55.0755075507550771 -69.4430789205647727
55.0955095509551143 -72.8116863611495120
55.1155115511551230 -70.9273156052682481
55.1355135513551318 -81.2498183304617640
55.1555155515551689 -73.2952661439475150
55.1755175517551777 -93.0847168219517869
55.1955195519552149 -75.9053446674485883
55.2155215521552236 -66.6176586890608036
55.2355235523552324 -71.8263252721154544
55.2555255525552695 -76.0230021268488372
55.2755275527552783 -82.3298822507266124
55.2955295529553155 -66.0270924335803215
55.3155315531553242 -49.3833307249379985
55.3355335533553330 -103.1606627391560522
55.3555355535553701 -63.7133508265940662
55.3755375537553789 -62.9065201148759172
55.3955395539554161 -78.8931204384735025
55.4155415541554248 -84.9560015720183799
55.4355435543554336 -54.6489766762429809
55.4555455545554707 -52.7341545611876441
55.4755475547554795 -110.0304737879999664
55.4955495549555167 -55.1025958619495100
55.5155515551555254 -81.5985804504049099
55.5355535553555342 -71.9742776248334764
55.5555555555555713 -75.4397296991055697
55.5755575557555801 -51.6928325040011316
55.5955595559556173 -74.9463807440906891
55.6155615561556260 -67.1261279199403589
55.6355635563556348 -68.7656711276216015
55.6555655565556719 -70.1449201954036567
55.6755675567556807 -90.0166274844816883
55.6955695569556894 -51.1484111278678029
55.7155715571557266 -60.4044064155049085
55.7355735573557354 -61.6449129680923562
55.7555755575557725 -60.4556454625558146
55.7755775577557813 -56.7741756155263246
55.7955795579557901 -48.4449877085548550
55.8155815581558272 -73.9453247504560096
55.8355835583558360 -85.0029940748397621
55.8555855585558731 -43.0475606875508134
55.8755875587558819 -90.1648909549763289
55.8955895589558907 -100.5390120402123273
55.9155915591559278 -77.8778112054658322
55.9355935593559366 -40.6784219540089111
55.9555955595559738 -51.0834112039840065
55.9755975597559825 -45.1046476908163854
55.9955995599559913 -73.7883606669420544
56.0156015601560284 -57.5823638973626402
56.0356035603560372 -32.1109465418094260
56.0556055605560744 -72.5326432929065703
56.0756075607560831 -81.0235704522423248
56.0956095609560919 -10.1728474328522225
56.1156115611561290 -92.8774869036096788
56.1356135613561378 -57.6707491110461063
56.1556155615561750 -91.1150385581734241
56.1756175617561837 -62.5188078157073406
56.1956195619561925 -80.8564368770774706
56.2156215621562296 -65.5324744708489106
56.2356235623562384 -67.0160098632856318
56.2556255625562756 -56.9713847370037172
56.2756275627562843 -31.6743600710987891
56.2956295629562931 -59.9594824125400763
56.3156315631563302 -105.0447334877359395
56.3356335633563390 -87.2906683761911495
56.3556355635563762 -59.7123730808016973
56.3756375637563849 -32.8424608342555260
56.3956395639563937 -56.0647330417276208
56.4156415641564308 -78.7287394480147498
56.4356435643564396 -63.6535027687256871
56.4556455645564768 -60.0227954857774790
56.4756475647564855 -43.7557608218128422
56.4956495649564943 -66.6956574055330265
56.5156515651565314 -79.1839754136295255
56.5356535653565402 -48.7562265499242287
56.5556555655565774 -82.1774376354775029
56.5756575657565861 -46.3933050608986548
56.5956595659565949 -63.5782903843850207
56.6156615661566320 -76.3362126286092462
56.6356635663566408 -26.7399372121763292
56.6556655665566495 -69.4988509198025781
56.6756675667566867 -68.7646805974545430
56.6956695669566955 -86.6281553622883393
56.7156715671567326 -56.4518303480426340
56.7356735673567414 -77.1436150152980389
56.7556755675567501 -41.5640345329219727
56.7756775677567873 -42.0929248524804507
56.7956795679567961 -46.6624502813489599
56.8156815681568332 -71.1867594737280740
56.8356835683568420 -63.3739505721500151
56.8556855685568507 -26.3223143321364432
56.8756875687568879 -33.1107689100041256
56.8956895689568967 -46.0264068153268440
56.9156915691569338 -56.7022765664457040
56.9356935693569426 -71.9782315930363268
56.9556955695569513 -66.8814198293195403
56.9756975697569885 -60.9717382224293516
56.9956995699569973 -84.3849977269087219
57.0157015701570344 -62.7293375780623350
57.0357035703570432 -46.0228676274294912
57.0557055705570519 -36.2094984921107610
57.0757075707570891 -79.3608510831517577
57.0957095709570979 -79.9463893713175935
57.1157115711571350 -72.5739295784661778
57.1357135713571438 -68.7592817284476183
57.1557155715571525 -57.4230782578765329
57.1757175717571897 -78.6788306050758024
57.1957195719571985 -72.9728751175475878
57.2157215721572356 -82.6795563128137587
57.2357235723572444 -51.6227767896457053
57.2557255725572531 -63.6087097991989978
57.2757275727572903 -80.6441526112399600
57.2957295729572991 -55.9124186079128975
57.3157315731573362 -47.9260950815881870
57.3357335733573450 -51.4576625776858592
57.3557355735573537 -44.8624995439701593
57.3757375737573909 -60.5702591796166772
57.3957395739573997 -101.0618591766894525
57.4157415741574368 -59.9361691197052266
57.4357435743574456 -62.3182474789488197
57.4557455745574543 -35.8434891660207882
57.4757475747574915 -91.6951360256692283
57.4957495749575003 -43.4387388399898313
57.5157515751575374 -79.7022286241881091
57.5357535753575462 -26.4812251841314250
57.5557555755575549 -79.2751056702298058
57.5757575757575921 -74.3405378557608714
57.5957595759576009 -66.4688962027050110
57.6157615761576096 -55.3742047386866929
57.6357635763576468 -39.8998529738888266
57.6557655765576555 -61.1495525468493142
57.6757675767576927 -71.0381358725495318
57.6957695769577015 -22.3820910282937646
57.7157715771577102 -122.6392972788343627
57.7357735773577474 -60.8837556525861814
57.7557755775577562 -2.2165581602974243
57.7757775777577933 -46.0557258412077744
57.7957795779578021 -75.5597959342336054
57.8157815781578108 -55.8746798953490611
57.8357835783578480 -32.7226961276926076
57.8557855785578568 -59.7472689131728814
57.8757875787578939 -57.8158714272920022
57.8957895789579027 -46.5319211742764907
57.9157915791579114 -36.4919908840402201
57.9357935793579486 -44.4986087827167225
57.9557955795579574 -58.2349596239825615
57.9757975797579945 -64.3048483853596053
57.9957995799580033 -21.3557918648036704
58.0158015801580120 -73.8524723575589519
58.0358035803580492 -77.7675791986884803
58.0558055805580580 -74.3054367590131477
58.0758075807580951 -67.8879517123638152
58.0958095809581039 -72.2506299691287808
58.1158115811581126 -45.3399141146222462
58.1358135813581498 -39.4281926342851960
58.1558155815581586 -52.5382225123817292
58.1758175817581957 -51.9357618356999637
58.1958195819582045 -33.9168662217541907
58.2158215821582132 -57.5785579501599827
58.2358235823582504 -49.6129642407247502
58.2558255825582592 -59.2061817452418211
58.2758275827582963 -55.7023678803591551
58.2958295829583051 -61.3133119600815277
58.3158315831583138 -63.8923430746802339
58.3358335833583510 -69.8916795169288889
58.3558355835583598 -45.5804819807353994
58.3758375837583969 -70.8227466749602570
58.3958395839584057 -53.2980155035839331
58.4158415841584144 -62.8365526477662542
58.4358435843584516 -61.3684871257714306
58.4558455845584604 -43.7044122046938455
58.4758475847584975 -52.7260039769632556
58.4958495849585063 -64.0246811201841410
58.5158515851585150 -30.7926389243602756
58.5358535853585522 -67.1372176571338457
58.5558555855585610 -47.0306262141155429
58.5758575857585697 -43.8829873386944627
58.5958595859586069 -59.4768009457418145
58.6158615861586156 -84.7965855423498027
58.6358635863586528 -66.2290179267192087
58.6558655865586616 -33.4262123265549320
58.6758675867586703 -101.2029584922807999
58.6958695869587075 -63.9966886398148773
58.7158715871587162 -58.9273100892109767
58.7358735873587534 -53.7030417921095165
58.7558755875587622 -29.2093045541157075
58.7758775877587709 -64.5450058202659420
58.7958795879588081 -63.4026846635354531
58.8158815881588168 -43.6811366996582819
58.8358835883588540 -53.9715707960245368
58.8558855885588628 -49.3502492999241653
58.8758875887588715 -56.2244018794196094
58.8958895889589087 -31.4854346232430551
58.9158915891589174 -65.2029448073839433
58.9358935893589546 -29.6324023362547244
58.9558955895589634 -28.0911903556375968
58.9758975897589721 -86.5892644777568705
58.9958995899590093 -81.7298902527263635
59.0159015901590180 -76.0557975456956115
59.0359035903590552 -56.3321398811680041
59.0559055905590640 -71.7178206292191476
59.0759075907590727 -58.0343621391476887
59.0959095909591099 -10.1020618753490155
59.1159115911591186 -68.2188344105095155
59.1359135913591558 -84.7986583281560797
59.1559155915591646 -57.7811930988743612
59.1759175917591733 -44.3664117809227179
59.1959195919592105 -78.4328239884793703
59.2159215921592192 -72.6019504778294760
59.2359235923592564 -62.6050128941700379
59.2559255925592652 -54.9821351493172585
59.2759275927592739 -61.8037054401626733
59.2959295929593111 -41.5508836423631109
59.3159315931593198 -68.6199824339751245
59.3359335933593570 -72.0258102672225533
59.3559355935593658 -73.9860773976049302
59.3759375937593745 -63.3285414176452690
59.3959395939594117 -51.0123355112875103
59.4159415941594204 -63.9762907543288577
59.4359435943594576 -66.1855879329278878
59.4559455945594664 -35.1640951504508195
59.4759475947594751 -51.9330949972822040
59.4959495949595123 -61.1336076519889033
59.5159515951595210 -87.8569072253967533
59.5359535953595298 -52.2060680287507850
59.5559555955595670 -15.8357446563090107
59.5759575957595757 -68.8465242288005186
59.5959595959596129 -44.7449268387821490
59.6159615961596216 -53.5904275524609872
59.6359635963596304 -84.7433936599984321
59.6559655965596676 -61.6824892908824296
59.6759675967596763 -65.4744421977735414
59.6959695969597135 -14.3506595522215932
59.7159715971597223 -63.9794647666228116
59.7359735973597310 -88.6258747474229835
59.7559755975597682 -50.2905497956825656
59.7759775977597769 -61.7243336580962136
59.7959795979598141 -57.1774299794494141
59.8159815981598229 -27.0783986395388396
59.8359835983598316 -60.8233073887051816
59.8559855985598688 -65.2386829852272285
59.8759875987598775 -34.6079503084115601
59.8959895989599147 -54.5181343780170380
59.9159915991599235 -77.7046579583001176
59.9359935993599322 -54.2284886055119912
59.9559955995599694 -48.4688878868272042
59.9759975997599781 -59.9445666132816584
59.9959995999600153 -88.4228112233622170
60.0160016001600241 -69.9657102265271220
60.0360036003600328 -58.4437376928109629
60.0560056005600700 -66.1842392700255857
60.0760076007600787 -42.9044257016246462
60.0960096009601159 -70.8595509732661384
60.1160116011601247 -55.0329630947116470
60.1360136013601334 -26.5494636757531666
60.1560156015601706 -30.6592043361801423
60.1760176017601793 -56.8108435679551178
60.1960196019602165 -61.9520535418689846
60.2160216021602253 -44.9371655363534117
60.2360236023602340 1.5516982038301990
60.2560256025602712 -51.3987112185590576
60.2760276027602799 -29.2337424011053777
60.2960296029603171 -54.2532691822512021
60.3160316031603259 -79.3391166630872107
60.3360336033603346 -67.5816203510968165
60.3560356035603718 -43.7192219700033462
60.3760376037603805 -71.9573106883541413
60.3960396039604177 -59.2691767172279427
60.4160416041604265 -45.4938593469408161
60.4360436043604352 -79.1078215511390681
60.4560456045604724 -80.4751124626135095
60.4760476047604811 -58.9719064353804967
60.4960496049604899 -9.6442159135677485
60.5160516051605271 -40.9088917727575136
60.5360536053605358 -51.3167630783808235
60.5560556055605730 -32.1866059832788522
60.5760576057605817 -67.5396934619803631
60.5960596059605905 -36.9953529237687775
60.6160616061606277 -38.7518260728590036
60.6360636063606364 -57.8306620475286124
60.6560656065606736 -55.8215986024209769
60.6760676067606823 -49.9928521316134393
60.6960696069606911 -24.4318032594784356
60.7160716071607283 -48.0304304313507515
60.7360736073607370 -30.9325901924833815
60.7560756075607742 -50.2435009397437184
60.7760776077607829 -51.3806182142888233
60.7960796079607917 -52.4352624944709902
60.8160816081608289 -47.3570784314863573
60.8360836083608376 -38.2767609012163490
60.8560856085608748 -53.7463464947402443
60.8760876087608835 -34.6583745192364248
60.8960896089608923 -61.1653309296455276
60.9160916091609295 -41.7431114712589348
60.9360936093609382 -37.4457758801426053
60.9560956095609754 -76.3034779344931451
60.9760976097609841 -61.0144162657095208
60.9960996099609929 -70.0368012372053101
61.0161016101610301 -53.1058132201630144
61.0361036103610388 -40.9485640263443145
61.0561056105610760 -34.3741294833194075
61.0761076107610847 -46.0430014814045592
61.0961096109610935 -48.3266453980484556
61.1161116111611307 -76.3367470569954776
61.1361136113611394 -27.1825496633888832
61.1561156115611766 -34.6006334426179052
61.1761176117611853 -55.5016262116490893
61.1961196119611941 -71.0285840641835762
61.2161216121612313 -38.7575822840291409
61.2361236123612400 -33.1512714344507629
61.2561256125612772 -45.9900425635687782
61.2761276127612859 -54.1457592402480472
61.2961296129612947 -17.7834566548499495
61.3161316131613319 -42.9156737530573622
61.3361336133613406 -51.0628055337329272
61.3561356135613778 -58.7881457527925306
61.3761376137613865 -27.3191466840443979
61.3961396139613953 -42.9391987733813991
61.4161416141614325 -39.0430374540247414
61.4361436143614412 -39.1182442417349208
61.4561456145614500 -39.7381217231616048
61.4761476147614871 -69.4720084831170368
61.4961496149614959 -78.2072796728986361
61.5161516151615331 -68.0285354308392129
61.5361536153615418 -73.0720686432154451
61.5561556155615506 -28.9691960816150100
61.5761576157615877 -17.4624299181493114
61.5961596159615965 -47.4097995529710303
61.6161616161616337 -26.6040692681200390
61.6361636163616424 -34.7975486295625629
61.6561656165616512 -52.8421633004876767
61.6761676167616884 -40.7698732745265033
61.6961696169616971 -48.2821340911609198
61.7161716171617343 -25.6622752562300356
61.7361736173617430 -66.1740152877639076
61.7561756175617518 -18.4710961552559105
61.7761776177617890 -73.0363620398805296
61.7961796179617977 -45.3778784245593414
61.8161816181618349 -41.7244739552576007
61.8361836183618436 -36.7765929503875171
61.8561856185618524 -44.7224738197054990
61.8761876187618896 -17.3067950860880444
61.8961896189618983 -35.0127544383026930
61.9161916191619355 -30.6728023252094033
61.9361936193619442 -54.4591124532252167
61.9561956195619530 -32.3117396504073398
61.9761976197619902 -26.9914987958238903
61.9961996199619989 -65.8157907761701182
62.0162016201620361 -23.1372614900503741
62.0362036203620448 -35.8904015684203017
62.0562056205620536 -63.8085343237783178
62.0762076207620908 -52.5933014938630166
62.0962096209620995 -41.7807500615720500
62.1162116211621367 -59.2452938658030135
62.1362136213621454 -53.0461829025968470
62.1562156215621542 -43.0751637635810738
62.1762176217621914 -40.2649696913635537
62.1962196219622001 -41.2089034128938039
62.2162216221622373 -70.9132543216167477
62.2362236223622460 -62.7507927063060222
62.2562256225622548 -54.9821058106734810
62.2762276227622920 -32.5196668548881789
62.2962296229623007 -66.8538863543124364
62.3162316231623379 -72.9988499667546904
62.3362336233623466 -27.2777151224671464
62.3562356235623554 -58.0417563480440606
62.3762376237623926 -18.3587013614687287
62.3962396239624013 -64.3197229695921919
62.4162416241624101 -36.7004263438831870
62.4362436243624472 -9.2484708887429861
62.4562456245624560 -56.0682029327446330
62.4762476247624932 -44.6012603001783745
62.4962496249625019 -53.7846214382938115
62.5162516251625107 -60.2453597930814269
62.5362536253625478 -34.7833352148985426
62.5562556255625566 -47.3607907579762184
62.5762576257625938 -64.1706241920460911
62.5962596259626025 8.9900594048559554
62.6162616261626113 -65.8738680843640623
62.6362636263626484 -62.1609257419469685
62.6562656265626572 -26.5606547676581464
62.6762676267626944 -45.1460946248231281
62.6962696269627031 -58.1861087224178632
62.7162716271627119 -32.5710659122324202
62.7362736273627490 -51.2556324314408513
62.7562756275627578 -30.9530882735950428
62.7762776277627950 -23.7349761302603532
62.7962796279628037 -32.1463308466356921
62.8162816281628125 -59.1120261157931282
62.8362836283628496 -44.9182179446720085
62.8562856285628584 -26.4776485383621463
62.8762876287628956 -30.5145718262738086
62.8962896289629043 -52.1171892935095755
62.9162916291629131 -21.7300942549708367
62.9362936293629502 -65.1337624468612830
62.9562956295629590 -39.3438159195207930
62.9762976297629962 -8.8716294215048066
62.9962996299630049 -33.3612030220518037
63.0163016301630137 -24.1035189415945581
63.0363036303630508 -33.3954891257799744
63.0563056305630596 -40.9848818202966285
63.0763076307630968 -48.7129170813011001
63.0963096309631055 -84.5914983040026556
63.1163116311631143 -57.8880674570387939
63.1363136313631514 -52.2614647371558334
63.1563156315631602 -31.5829004525772703
63.1763176317631974 -42.3974281882028095
63.1963196319632061 -75.6664044776225495
63.2163216321632149 -43.7923847169725136
63.2363236323632520 -46.2106360083827354
63.2563256325632608 -49.7704584167451429
63.2763276327632980 -23.6911717634078336
63.2963296329633067 -73.1496780840942620
63.3163316331633155 -26.4380420628392514
63.3363336333633526 -48.1146212703831324
63.3563356335633614 -49.0980468034223207
63.3763376337633701 -45.7745930636900056
63.3963396339634073 -31.3602205417422226
63.4163416341634161 -39.5265580232491303
63.4363436343634532 -55.8769098533775050
63.4563456345634620 -26.2996111178831704
63.4763476347634708 -12.5940656693364197
63.4963496349635079 -20.0362897813944407
63.5163516351635167 -42.5808795607726651
63.5363536353635538 -19.8115902364423242
63.5563556355635626 -63.1213171778775788
63.5763576357635714 -68.9045328050291772
63.5963596359636085 -5.8299799645205752
63.6163616361636173 -28.6910529608984390
63.6363636363636545 -41.4491324652497326
63.6563656365636632 -29.7233037875706430
63.6763676367636720 -31.1900107677836758
63.6963696369637091 -42.8493223494371733
63.7163716371637179 -31.7745771726812052
63.7363736373637551 3.9325646721129672
63.7563756375637638 -25.6000588671058296
63.7763776377637726 -31.4006831760441294
63.7963796379638097 -43.4655904179674479
63.8163816381638185 -17.6581889820972577
63.8363836383638557 -54.9706549647328870
63.8563856385638644 -44.7072709309726264
63.8763876387638732 -20.9727088892756619
63.8963896389639103 -43.7510552616922368
63.9163916391639191 -29.0607915431519288
63.9363936393639563 -38.3474855492716031
63.9563956395639650 -24.7069432359465644
63.9763976397639738 -30.0742818870994064
63.9963996399640109 -46.3891954968962850
64.0164016401640197 -3.7838096156759491
64.0364036403640569 -22.8753652139802170
64.0564056405640656 -16.2922287974649933
64.0764076407640744 -32.9481973728584023
64.0964096409641115 -43.7780796078339165
64.1164116411641203 -38.5963445285271263
64.1364136413641575 -32.7302734800623014
64.1564156415641662 -46.0188500802673630
64.1764176417641750 -33.9472707781478604
64.1964196419642121 -21.2545019514581881
64.2164216421642209 -56.0997647735621143
64.2364236423642581 -32.9316426787900838
64.2564256425642668 -32.0843422669949376
64.2764276427642756 -36.8081982762562419
64.2964296429643127 -58.6426989006252342
64.3164316431643215 -40.9762795670144868
64.3364336433643587 -39.6101085221236033
64.3564356435643674 -26.1619829771441132
64.3764376437643762 -30.5233278349639505
64.3964396439644133 -25.3949505601496384
64.4164416441644221 -33.2855544525093805
64.4364436443644308 -51.6042382104384387
64.4564456445644680 -42.8305929117838744
64.4764476447644768 -52.3697856481168245
64.4964496449645139 -24.9341641646286405
64.5164516451645227 -35.0354828224338064
64.5364536453645314 -41.4682664002321246
64.5564556455645686 -32.6035821743318763
64.5764576457645774 -27.6694908219858355
64.5964596459646145 -36.8408398871257106
64.6164616461646233 -53.7891816490779604
64.6364636463646320 -12.4990248675317588
64.6564656465646692 -48.1264400290881795
64.6764676467646780 -42.7069784000764798
64.6964696469647151 -47.2838178017484196
64.7164716471647239 -39.2664035667452538
64.7364736473647326 -44.2215381195747739
64.7564756475647698 -41.7419066312298241
64.7764776477647786 -19.0626083943552693
64.7964796479648157 -31.4504239258123910
64.8164816481648245 -16.4259734189219486
64.8364836483648332 -70.9189266453657865
64.8564856485648704 -41.9248201753360377
64.8764876487648792 -51.6191534830573389
64.8964896489649163 -28.0302715333850543
64.9164916491649251 -20.7670650592286385
64.9364936493649338 -18.2499235276341025
64.9564956495649710 -25.1728138052923001
64.9764976497649798 -23.1544695615245359
64.9964996499650169 -20.3601608630226067
65.0165016501650257 -17.1647921216394508
65.0365036503650344 -66.2647070254771648
65.0565056505650716 -51.6323784996676949
65.0765076507650804 -31.0030670635247496
65.0965096509651175 -43.0677627996083032
65.1165116511651263 -29.0682201373143769
65.1365136513651350 -7.3737633099359954
65.1565156515651722 -35.7707590626399181
65.1765176517651810 -23.1624338452746628
65.1965196519652181 -27.9965789244851848
65.2165216521652269 -17.4861079435655142
65.2365236523652356 -17.0096862188915239
65.2565256525652728 -5.5617111889150692
65.2765276527652816 0.3220799749611913
65.2965296529653187 -15.6975797627381297
65.3165316531653275 -10.4321842898075268
65.3365336533653362 -7.8584464330841683
65.3565356535653734 -50.5034389418700016
65.3765376537653822 -19.9855752620766580
65.3965396539653909 -35.5509429785937741
65.4165416541654281 -54.4908935137058421
65.4365436543654369 -16.8984759015527146
65.4565456545654740 -5.2255960590298223
65.4765476547654828 -39.4675469154335303
65.4965496549654915 -29.3394272666629519
65.5165516551655287 -16.9030060756415423
65.5365536553655375 -8.9271646268090592
65.5565556555655746 -38.1371301113766208
65.5765576557655834 -9.9064335619266650
65.5965596559655921 -35.5189808561916465
65.6165616561656293 -25.7886977043467489
65.6365636563656381 -28.7652432913023972
65.6565656565656752 -31.1294334897134952
65.6765676567656840 -21.6370849500257485
65.6965696569656927 -44.1922871853646910
65.7165716571657299 -25.6724260995286571
65.7365736573657387 -13.9695563269123220
65.7565756575657758 -22.4301189217950849
65.7765776577657846 -7.3955384562890281
65.7965796579657933 -14.9237117027757531
65.8165816581658305 -39.1147166614649890
65.8365836583658393 -26.4828594833546624
65.8565856585658764 -40.7204107391665246
65.8765876587658852 -47.2115657781810256
65.8965896589658939 -62.1122757954777569
65.9165916591659311 -50.1176078825789375
65.9365936593659399 -52.6229107731320767
65.9565956595659770 -22.2312266407714674
65.9765976597659858 4.9635462884700061
65.9965996599659945 -49.7806483164263938
66.0166016601660317 -23.7985582322609375
66.0366036603660405 -5.0142796330658825
66.0566056605660776 17.0758315755235586
66.0766076607660864 -13.1813348009665745
66.0966096609660951 -3.9188940082987322
66.1166116611661323 -30.2110412303526523
66.1366136613661411 -44.9941601332698227
66.1566156615661782 -31.0529961318430239
66.1766176617661870 -27.5805107014882935
66.1966196619661957 -12.0608293189516829
66.2166216621662329 -26.2405448550996176
66.2366236623662417 -20.2034712639205267
66.2566256625662788 -27.9819332139187757
66.2766276627662876 -23.1316355032247181
66.2966296629662963 -15.4325116165083074
66.3166316631663335 -4.8959831684566062
66.3366336633663423 -3.8684565182830433
66.3566356635663510 7.7929620525312444
66.3766376637663882 -44.8770215611612997
66.3966396639663969 -22.2807660425643554
66.4166416641664341 -25.0481774166434903
66.4366436643664429 -9.3147787984106039
66.4566456645664516 -44.9811423775107002
66.4766476647664888 2.9617817522750336
66.4966496649664975 -65.2210782784853222
66.5166516651665347 -31.2841046080424583
66.5366536653665435 -33.8497792929965016
66.5566556655665522 -0.9346400297124973
66.5766576657665894 -54.8061777095971649
66.5966596659665981 -67.2544167284466141
66.6166616661666353 -27.7954784791127452
66.6366636663666441 -50.6283321909235511
66.6566656665666528 -14.9932892780985920
66.6766676667666900 -12.3319806567979704
66.6966696669666987 -23.2961291927184142
66.7166716671667359 -35.7833390861860750
66.7366736673667447 -32.6420617239084478
66.7566756675667534 -31.9481601206928403
66.7766776677667906 -60.4559138081111129
66.7966796679667993 -29.4464232051794070
66.8166816681668365 -46.3479570556941027
66.8366836683668453 -40.0682219524836256
66.8566856685668540 -44.1976918496022861
66.8766876687668912 -46.2445613205169508
66.8966896689668999 -12.6726679790190122
66.9166916691669371 -9.8092888009186829
66.9366936693669459 -5.2990962414441007
66.9566956695669546 -23.8455712991832520
66.9766976697669918 -27.7746529342228818
66.9966996699670005 -43.7542653798274728
67.0167016701670377 -49.2746141343341506
67.0367036703670465 -18.1983425854553609
67.0567056705670552 -22.9509979243199638
67.0767076707670924 0.1237060905498168
67.0967096709671011 -35.8661040333201413
67.1167116711671383 -1.0842503980986464
67.1367136713671471 -1.8225727073546842
67.1567156715671558 -40.3934967092807540
67.1767176717671930 -16.7982560712267421
67.1967196719672017 -30.7098354259433854
67.2167216721672389 -13.5560148681482264
67.2367236723672477 -34.4064426328690729
67.2567256725672564 -42.2182700539032112
67.2767276727672936 -59.5185271044339714
67.2967296729673023 -41.3163859504674633
67.3167316731673111 -13.2856338163435410
67.3367336733673483 -7.6336916221827664
67.3567356735673570 -22.9398033176891971
67.3767376737673942 -56.6078738951143663
67.3967396739674030 -25.1321441300983821
67.4167416741674117 -24.8439715388939888
67.4367436743674489 -52.2430630673933223
67.4567456745674576 -14.8362871771330997
67.4767476747674948 -7.0380566891377327
67.4967496749675036 -36.9622764987819963
67.5167516751675123 -5.9860826079781937
67.5367536753675495 -57.3298622868663799
67.5567556755675582 -49.5446051113106449
67.5767576757675954 3.8983422887192383
67.5967596759676042 -52.7429472119914209
67.6167616761676129 -49.8320035781592878
67.6367636763676501 -32.8656293617151292
67.6567656765676588 -14.5905394124620678
67.6767676767676960 0.7383023137323832
67.6967696769677048 -41.5531705051635072
67.7167716771677135 -21.6452041600978369
67.7367736773677507 5.8347383469568612
67.7567756775677594 -17.7128834351504310
67.7767776777677966 -17.2341788109985394
67.7967796779678054 -47.6754036791796096
67.8167816781678141 -14.7805947388472063
67.8367836783678513 -29.1743982964712529
67.8567856785678600 -17.7415215701485351
67.8767876787678972 -9.1785798032153707
67.8967896789679060 -9.5722087264863909
67.9167916791679147 5.1085074180135308
67.9367936793679519 -37.2190794649295498
67.9567956795679606 -1.1128061177775095
67.9767976797679978 -43.7457576436389388
67.9967996799680066 -16.1881463049441834
68.0168016801680153 -9.8239691910317024
68.0368036803680525 -59.3290425736745277
68.0568056805680612 -1.6594342171401273
68.0768076807680984 -10.7710469008381278
68.0968096809681072 -13.3025620472655746
68.1168116811681159 -9.8349041124290153
68.1368136813681531 -46.3122554627711907
68.1568156815681618 11.3099565860272904
68.1768176817681990 -10.2506669946373936
68.1968196819682078 -21.5840150308038830
68.2168216821682165 -13.6704046711155556
68.2368236823682537 -0.4486032864978000
68.2568256825682624 -25.9433260160485233
68.2768276827682712 -16.3549592186285047
68.2968296829683084 -11.7211333722336484
68.3168316831683171 -30.1384204162416367
68.3368336833683543 -43.0785635226261547
68.3568356835683630 -19.3187755880110608
68.3768376837683718 -11.0732606187113500
68.3968396839684090 -10.0459324590815040
68.4168416841684177 -11.1331828036847327
68.4368436843684549 -30.6456983700154062
68.4568456845684636 -17.2208792709555283
68.4768476847684724 -10.5534017442248267
68.4968496849685096 13.1897945392073837
68.5168516851685183 -37.9570805937490263
68.5368536853685555 -33.8379658042329226
68.5568556855685642 -41.0005546271250836
68.5768576857685730 -22.4709242805469636
68.5968596859686102 -5.3559714073798954
68.6168616861686189 19.9436066993439134
68.6368636863686561 -15.3938270308262570
68.6568656865686648 -41.6422544690420438
68.6768676867686736 -28.0397946133977456
68.6968696869687108 -11.8990509399988156
68.7168716871687195 -18.6605291320843527
68.7368736873687567 -14.4342943267010604
68.7568756875687654 -2.4622022099689325
68.7768776877687742 -9.3691925547960864
68.7968796879688114 -23.8363196174099663
68.8168816881688201 -33.9705513856791654
68.8368836883688573 -1.9604959684136816
68.8568856885688660 -4.2706302995153447
68.8768876887688748 -37.3724804086296700
68.8968896889689120 -18.9171527833810948
68.9168916891689207 -26.2261445644426914
68.9368936893689579 -28.2163867645646675
68.9568956895689666 -35.0560778625559379
68.9768976897689754 21.9112402841418046
68.9968996899690126 9.5248487935782471
69.0169016901690213 -21.0697569044384778
69.0369036903690585 14.8921637752426861
69.0569056905690672 -3.1397843115379729
69.0769076907690760 -3.5973541915159277
69.0969096909691132 -11.7622289306144978
69.1169116911691219 -20.9012608229596388
69.1369136913691591 -23.9792343493381708
69.1569156915691678 -35.0367792259027340
69.1769176917691766 -26.3004649445984455
69.1969196919692138 -25.1141804910307833
69.2169216921692225 -32.0314405826576802
69.2369236923692313 -36.6365085900588525
69.2569256925692684 -29.3914578216627653
69.2769276927692772 -27.5648332667089306
69.2969296929693144 -8.5950489585570846
69.3169316931693231 -0.2185793236309230
69.3369336933693319 11.9103764660419280
69.3569356935693691 2.3591687386618041
69.3769376937693778 -12.2403065344734365
69.3969396939694150 -7.4347984502247559
69.4169416941694237 -29.4078510277529332
69.4369436943694325 -2.4599555803163913
69.4569456945694697 -29.9609184960975128
69.4769476947694784 -23.7091738004004640
69.4969496949695156 -0.0905039802079699
69.5169516951695243 -13.0470495047396859
69.5369536953695331 -22.3072997270605740
69.5569556955695703 -17.1009518849955455
69.5769576957695790 -22.4678265571518310
69.5969596959696162 -37.1857394557722714
69.6169616961696249 5.0940921961551080
69.6369636963696337 3.1179438111747526
69.6569656965696709 -31.0621854746814314
69.6769676967696796 -19.1021057805130390
69.6969696969697168 -2.9277357523579131
69.7169716971697255 -18.8425825003909608
69.7369736973697343 -16.9158552303125767
69.7569756975697715 -24.7398095571009726
69.7769776977697802 -26.0237478225629104
69.7969796979698174 -12.3913565168201831
69.8169816981698261 -21.7250034727256072
69.8369836983698349 -12.6641468488127025
69.8569856985698721 -40.1943568972869869
69.8769876987698808 -30.4532670773091354
69.8969896989699180 -5.6113505369750243
69.9169916991699267 -20.3137890565037260
69.9369936993699355 -4.0434476115755462
69.9569956995699727 -26.4133749162708185
69.9769976997699814 -14.8546208850206707
69.9969996999700186 -15.1759833688127692
70.0170017001700273 4.4553558566612459
70.0370037003700361 -8.6096503523755921
70.0570057005700733 -29.2532178388078350
70.0770077007700820 -42.0448778277429085
70.0970097009701192 -3.9524219601277704
70.1170117011701279 -30.0881546898490413
70.1370137013701367 -21.0518974311385918
70.1570157015701739 -22.3320318421113377
70.1770177017701826 -21.4057194224939202
70.1970197019701914 -10.7240071297073367
70.2170217021702285 -38.4947459909288909
70.2370237023702373 -23.7395882570749350
70.2570257025702745 6.0674206764861367
70.2770277027702832 -27.6030142925717570
70.2970297029702920 -0.0477504528379988
70.3170317031703291 -33.5985908318154358
70.3370337033703379 -22.1483904815665902
70.3570357035703751 -6.3767730963732072
70.3770377037703838 -14.1826958745300598
70.3970397039703926 2.4328022007115138
70.4170417041704297 -6.2193555314308515
70.4370437043704385 -26.5442213040657577
70.4570457045704757 3.6895054579665025
70.4770477047704844 -12.7532911525150983
70.4970497049704932 5.7292422167425929
70.5170517051705303 -0.3073685003970592
70.5370537053705391 -29.9143939453639760
70.5570557055705763 -3.1341447310569599
70.5770577057705850 -37.7628714932851963
70.5970597059705938 -21.1728037827359685
70.6170617061706309 -16.7443209359816834
70.6370637063706397 -45.1883119257066852
70.6570657065706769 -22.7905292924357035
70.6770677067706856 -24.6647091618818806
70.6970697069706944 10.6869848793049194
70.7170717071707315 38.7346229306214553
70.7370737073707403 -15.3476387819929201
70.7570757075707775 22.9875100577279241
70.7770777077707862 -2.9277963052629996
70.7970797079707950 -5.9813545676214721
70.8170817081708321 -25.2822822617235445
70.8370837083708409 -21.3055240206805863
70.8570857085708781 -6.1185875935546532
70.8770877087708868 -11.6574740747775305
70.8970897089708956 -27.4349061406857402
70.9170917091709327 -3.9443751605823421
70.9370937093709415 -13.2198273812244267
70.9570957095709787 -30.6596770792712547
70.9770977097709874 -26.6207424604892076
70.9970997099709962 -26.8528151334495853
71.0171017101710333 -30.8143931825582698
71.0371037103710421 -21.1210406678878400
71.0571057105710793 -3.5061306348568726
71.0771077107710880 1.4619898999081400
71.0971097109710968 22.7934691609993507
71.1171117111711339 -17.0436792524569931
71.1371137113711427 -37.8532657489925981
71.1571157115711515 -1.8498181424903724
71.1771177117711886 -2.1825102788228907
71.1971197119711974 -27.8040069739718518
71.2171217121712345 -26.0309499652919492
71.2371237123712433 -43.3690445058942231
71.2571257125712521 -14.0918656218136231
71.2771277127712892 -31.1284557208651123
71.2971297129712980 2.1866732497699708
71.3171317131713352 -28.2884965730554114
71.3371337133713439 10.9909001951430412
71.3571357135713527 -13.3515808914518317
71.3771377137713898 -3.7203902655964738
71.3971397139713986 -2.8371901807667275
71.4171417141714358 -17.3938842146727843
71.4371437143714445 -13.2796421291104618
71.4571457145714533 -31.4037277472027512
71.4771477147714904 15.3803754367418541
71.4971497149714992 -17.7411804880396566
71.5171517151715364 -26.0112455284359712
71.5371537153715451 -30.0038030759315575
71.5571557155715539 -6.9176116849349958
71.5771577157715910 11.2794369414440894
71.5971597159715998 -27.2451680021320186
71.6171617161716370 -0.4367670563902575
71.6371637163716457 -6.6002208202348207
71.6571657165716545 3.1538662412382887
71.6771677167716916 -7.4203609443615424
71.6971697169717004 -20.8376067695214928
71.7171717171717376 -18.6544128696196054
71.7371737173717463 -19.3487248027136047
71.7571757175717551 7.6218535880302873
71.7771777177717922 -22.5455890143238520
71.7971797179718010 16.3286682274248278
71.8171817181718382 -0.8912687335656830
71.8371837183718469 -13.0495648271591413
71.8571857185718557 -19.6753115285227373
71.8771877187718928 -38.1665136583056324
71.8971897189719016 12.8255364933661689
71.9171917191719388 4.5431043280957759
71.9371937193719475 -30.5934609007872602
71.9571957195719563 15.0385405132944676
71.9771977197719934 -25.5759565767336348
71.9971997199720022 -10.0624083351227842
72.0172017201720394 -14.6831719045361133
72.0372037203720481 -6.5386231394393990
72.0572057205720569 -33.6562559844582196
72.0772077207720940 -3.5434606966668403
72.0972097209721028 -46.0347643084113116
72.1172117211721115 -22.5527561624785697
72.1372137213721487 -10.7860579194256214
72.1572157215721575 -10.3718052235785514
72.1772177217721946 -9.2571573065536850
72.1972197219722034 -32.1163972272709870
72.2172217221722121 13.6944679134702749
72.2372237223722493 -15.4940259919373684
72.2572257225722581 -4.1760134916507825
72.2772277227722952 -44.2773392906237220
72.2972297229723040 2.4030020197187918
72.3172317231723127 1.6271287307618678
72.3372337233723499 -35.8335154447524005
72.3572357235723587 -24.0935404929958210
72.3772377237723958 -4.3317214597180111
72.3972397239724046 -5.9154774150076257
72.4172417241724133 -16.1483174146274706
72.4372437243724505 -3.4477029411567743
72.4572457245724593 -20.6532285678336898
72.4772477247724964 -9.7097551976058671
72.4972497249725052 3.2830914916180793
72.5172517251725139 -40.4355043242642438
72.5372537253725511 -2.4432938727822417
72.5572557255725599 12.9387814803172745
72.5772577257725970 -12.6915074309695157
72.5972597259726058 -11.3595347758175826
72.6172617261726145 4.4337241527336833
72.6372637263726517 -1.8128559005925400
72.6572657265726605 -17.5334103888442421
72.6772677267726976 22.8291310974706647
72.6972697269727064 -9.2412953991469369
72.7172717271727151 -22.6663383018466469
72.7372737273727523 8.5741209903469588
72.7572757275727611 -7.3905379837857028
72.7772777277727982 -31.8323840243839946
72.7972797279728070 -30.3998460392679313
72.8172817281728157 -20.3252711015276049
72.8372837283728529 5.1286829058382635
72.8572857285728617 8.8447707915463774
72.8772877287728988 -6.9892631522882240
72.8972897289729076 -23.5383387871206935
72.9172917291729163 -43.2350146880245561
72.9372937293729535 -19.6343622487209899
72.9572957295729623 -9.7214546597896661
72.9772977297729994 23.5930490309434120
72.9972997299730082 17.5628212270809279
73.0173017301730169 -6.1857656679346515
73.0373037303730541 6.8705754305139726
73.0573057305730629 -46.3975840668054431
73.0773077307730716 -0.2201718439760532
73.0973097309731088 -9.2920081085544624
73.1173117311731176 33.9204164977041103
73.1373137313731547 11.5202503989810285
73.1573157315731635 -7.6602509290234204
73.1773177317731722 2.1205987218998583
73.1973197319732094 12.0492809885891390
73.2173217321732182 31.2928462692671197
73.2373237323732553 23.9077719887327866
73.2573257325732641 -30.7251783253974651
73.2773277327732728 -3.9778367059334743
73.2973297329733100 10.2674383899250294
73.3173317331733188 -1.2389816776687770
73.3373337333733559 28.0607183691869366
73.3573357335733647 -13.5916858031348902
73.3773377337733734 -7.9247894837418587
73.3973397339734106 -4.8715925890447380
73.4173417341734194 -17.9017871184740862
73.4373437343734565 5.1102892731621266
73.4573457345734653 -10.9401598243204710
73.4773477347734740 30.9565414266061580
73.4973497349735112 11.2018625677477583
73.5173517351735200 -7.9553953676102092
73.5373537353735571 16.9256728594197412
73.5573557355735659 0.7713901430365930
73.5773577357735746 -20.9745653632167013
73.5973597359736118 -24.2901559645494487
73.6173617361736206 -5.7287805283657676
73.6373637363736577 10.2403159554188772
73.6573657365736665 -9.8278568925475192
73.6773677367736752 -5.2546261624941799
73.6973697369737124 2.2148840159517009
73.7173717371737212 -2.7486942610500229
73.7373737373737583 1.8044743853713703
73.7573757375737671 6.8378488468683756
73.7773777377737758 4.3018011605578081
73.7973797379738130 6.8372717865673991
73.8173817381738218 3.9662347462140435
73.8373837383738589 17.1151723989627769
73.8573857385738677 24.9520795878040715
73.8773877387738764 2.3172497068987639
73.8973897389739136 33.8326850450189909
73.9173917391739224 23.1082282904014207
73.9373937393739595 3.5701724533298353
73.9573957395739683 -6.4367736788476035
73.9773977397739770 -14.4953038178475087
73.9973997399740142 -26.5570541283381161
74.0174017401740230 17.8682010802936908
74.0374037403740317 14.6645171818233635
74.0574057405740689 24.8774805571312783
74.0774077407740776 -6.7333438071850207
74.0974097409741148 -16.9602530586778073
74.1174117411741236 -19.6491504141432571
74.1374137413741323 20.6787664307137717
74.1574157415741695 -4.8930955555376592
74.1774177417741782 -3.5760499723484775
74.1974197419742154 -15.9894958485677670
74.2174217421742242 0.3734991847078382
74.2374237423742329 11.7722362792437494
74.2574257425742701 -1.4822110920191616
74.2774277427742788 -11.3057065488174491
74.2974297429743160 -33.4599379326935349
74.3174317431743248 -21.8658544020225563
74.3374337433743335 30.3169166323616182
74.3574357435743707 13.4546268955815052
74.3774377437743794 43.1785246247949033
74.3974397439744166 4.2508542021002285
74.4174417441744254 31.9873036360074394
74.4374437443744341 1.9300965878765186
74.4574457445744713 -17.3677110696627857
74.4774477447744800 -2.7198446204220219
74.4974497449745172 11.5961123509225796
74.5174517451745260 4.1589221854207317
74.5374537453745347 9.2244301650967362
74.5574557455745719 -17.0537154603146632
74.5774577457745806 4.5301249803991244
74.5974597459746178 -1.0205897110357300
74.6174617461746266 14.2148755539127656
74.6374637463746353 -21.0177645680196150
74.6574657465746725 8.2007039385638212
74.6774677467746812 21.7513253566447666
74.6974697469747184 23.7925843688430589
74.7174717471747272 -63.5134056319242148
74.7374737473747359 -5.0481676714839638
74.7574757475747731 -34.3305664437550746
74.7774777477747818 -11.3447314562829344
74.7974797479748190 2.1316102154059662
74.8174817481748278 9.1443520707316726
74.8374837483748365 -30.7567334403796373
74.8574857485748737 0.0799243804560184
74.8774877487748824 4.1706023411732529
74.8974897489749196 -15.2856727454295989
74.9174917491749284 -4.4260291539360974
74.9374937493749371 0.0327981559163995
74.9574957495749743 -9.6334102634697025
74.9774977497749830 -26.1010922026560657
74.9974997499750202 -14.7245423884946973
75.0175017501750290 14.2594023167442625
75.0375037503750377 18.1890082656779200
75.0575057505750749 -25.2780372993546543
75.0775077507750837 -12.7714528249493871
75.0975097509750924 -24.5574535715505355
75.1175117511751296 -20.5028208525615128
75.1375137513751383 21.0508416901918523
75.1575157515751755 5.3972137227480772
75.1775177517751843 0.7999736442662442
75.1975197519751930 -23.7464188553232773
75.2175217521752302 5.4910544022929635
75.2375237523752389 -29.1027964385882605
75.2575257525752761 1.6785841115016027
75.2775277527752849 32.0283779304104641
75.2975297529752936 -17.8823597244180981
75.3175317531753308 -2.4020013874153836
75.3375337533753395 7.1615916591246398
75.3575357535753767 11.5945149749346541
75.3775377537753855 -7.7381106462152056
75.3975397539753942 33.1184830195420261
75.4175417541754314 2.1563707656300011
75.4375437543754401 3.8034915445362318
75.4575457545754773 -46.1220373761402698
75.4775477547754861 -47.8018104122867982
75.4975497549754948 22.3780896313397939
75.5175517551755320 19.3675462210197509
75.5375537553755407 -16.7212634259483117
75.5575557555755779 -13.2644548360449726
75.5775577557755867 -1.0709524283939009
75.5975597559755954 15.6711875800506597
75.6175617561756326 9.6722071488251853
75.6375637563756413 -16.5569811324476106
75.6575657565756785 -31.4422590987932722
75.6775677567756873 6.3410405084549097
75.6975697569756960 0.6428989014610149
75.7175717571757332 11.3769969820921375
75.7375737573757419 2.2943601311118926
75.7575757575757791 -23.5808597892820906
75.7775777577757879 9.2061341788011877
75.7975797579757966 -17.7065805287372555
75.8175817581758338 0.6525555115841735
75.8375837583758425 -16.3816807540153278
75.8575857585758797 8.3915781504726041
75.8775877587758885 -8.4929061267169388
75.8975897589758972 -43.9947353580011296
75.9175917591759344 2.1942523555108644
75.9375937593759431 14.2553560260945353
75.9575957595759803 -7.6127989013502804
75.9775977597759891 13.9239203158374245
75.9975997599759978 -7.8760975393994235
76.0176017601760350 2.4489642106195388
76.0376037603760437 -19.1942784272020006
76.0576057605760525 3.4261275238086926
76.0776077607760897 0.7166976493767111
76.0976097609760984 1.4052039734026838
76.1176117611761356 4.3610563004644396
76.1376137613761443 11.3911685079708409
76.1576157615761531 23.4038042500331045
76.1776177617761903 -0.6287916032726388
76.1976197619761990 -6.1158610222203240
76.2176217621762362 -5.5938877605950470
76.2376237623762449 31.4815819926165901
76.2576257625762537 -9.6544398621481164
76.2776277627762909 11.0507004582638952
76.2976297629762996 3.7186677126821532
76.3176317631763368 -14.1068500981216012
76.3376337633763455 14.1153278395349417
76.3576357635763543 0.0014720578536449
76.3776377637763915 19.3047768184736874
76.3976397639764002 52.9190891214867136
76.4176417641764374 9.9907155159661123
76.4376437643764461 20.5909840808408831
76.4576457645764549 26.2782663270176933
76.4776477647764921 11.3350975908305553
76.4976497649765008 8.1556467033998015
76.5176517651765380 11.1845816736728914
76.5376537653765467 -5.4819139526049430
76.5576557655765555 4.0412361073038765
76.5776577657765927 17.9264070331211158
76.5976597659766014 -8.7682471021645956
76.6176617661766386 -28.6334030372166062
76.6376637663766473 2.5923571570919353
76.6576657665766561 -1.8130760482940267
76.6776677667766933 14.0139037930838288
76.6976697669767020 26.6937318962716823
76.7176717671767392 0.1535113893809463
76.7376737673767479 8.9431571617621408
76.7576757675767567 -16.7094420177892964
76.7776777677767939 -8.4282886706977838
76.7976797679768026 19.9181383477191112
76.8176817681768398 -12.1421238952795392
76.8376837683768485 -7.1984377219368731
76.8576857685768573 -11.3117463852566296
76.8776877687768945 4.9708082713390507
76.8976897689769032 9.5601603112059497
76.9176917691769404 52.1888311161583474
76.9376937693769491 -26.1017852899935932
76.9576957695769579 -17.6213353985490144
76.9776977697769951 9.8710490515876668
76.9976997699770038 3.8409972266070138
77.0177017701770126 7.6060500479161979
77.0377037703770498 -16.9304782219689010
77.0577057705770585 -4.6921289003689157
77.0777077707770957 5.4949699799521543
77.0977097709771044 11.5524543063744147
77.1177117711771132 -26.1821552159928395
77.1377137713771504 7.8672653759547799
77.1577157715771591 38.3745907447264898
77.1777177717771963 -18.9721914254045565
77.1977197719772050 5.1590470990724944
77.2177217721772138 33.8339696095778635
77.2377237723772510 -2.7516824234290107
77.2577257725772597 29.7236426425057623
77.2777277727772969 3.6633809316494714
77.2977297729773056 11.8369108907000307
77.3177317731773144 -6.2598543293770632
77.3377337733773516 11.6048398752149513
77.3577357735773603 -2.0162918710124900
77.3777377737773975 5.3837856748138000
77.3977397739774062 -13.0917235581997691
77.4177417741774150 14.9444929991793494
77.4377437743774522 7.5536442203705825
77.4577457745774609 0.5633390040279873
77.4777477747774981 -14.1324905080940404
77.4977497749775068 2.5658899392571377
77.5177517751775156 3.6230805393372369
77.5377537753775528 6.1580016156798427
77.5577557755775615 36.5322029653583868
77.5777577757775987 -3.7583529727978382
77.5977597759776074 14.6643477000132574
77.6177617761776162 -11.0541152068143802
77.6377637763776534 -7.4619106902953636
77.6577657765776621 16.3107727267367224
77.6777677767776993 -0.8849172527770421
77.6977697769777080 26.5029645669047227
77.7177717771777168 -24.1988303183335560
77.7377737773777540 -7.6564959824797008
77.7577757775777627 4.2187939701253514
77.7777777777777999 17.1584126046988032
77.7977797779778086 -10.8789869219104141
77.8177817781778174 3.7331963136883184
77.8377837783778546 -11.3086967954228275
77.8577857785778633 1.3070202675486231
77.8777877787779005 -0.1907504914720253
77.8977897789779092 -12.1190112744735892
77.9177917791779180 -26.3432591187823952
77.9377937793779552 1.8766867412814419
77.9577957795779639 11.2578301783482679
77.9777977797779727 -16.8251589419827283
77.9977997799780098 9.6825313039450496
78.0178017801780186 15.8222818877429603
78.0378037803780558 9.7122667456574199
78.0578057805780645 34.6952071667172959
78.0778077807780733 29.2365273071036533
78.0978097809781104 17.0295425150807773
78.1178117811781192 -1.1222388275367021
78.1378137813781564 19.4342421963334964
78.1578157815781651 -3.9248709601794425
78.1778177817781739 -21.0398007672078080
78.1978197819782110 1.4667393641453792
78.2178217821782198 0.8092037952118987
78.2378237823782570 -10.8179195058876250
78.2578257825782657 18.4430202692737879
78.2778277827782745 31.0526008322549387
78.2978297829783116 11.9807326151405462
78.3178317831783204 40.4176443314966463
78.3378337833783576 9.0469848061335885
78.3578357835783663 14.5542869937796180
78.3778377837783751 0.5972509186962038
78.3978397839784122 -3.3491465339388160
78.4178417841784210 0.1054194670499418
78.4378437843784582 -26.1728176485730870
78.4578457845784669 8.1613224514099016
78.4778477847784757 -11.0569101300089976
78.4978497849785128 -6.6281101012186658
78.5178517851785216 -4.8643598595007171
78.5378537853785588 24.3887229928866844
78.5578557855785675 6.0988057235823412
78.5778577857785763 12.1669443628142311
78.5978597859786134 3.3673570730003028
78.6178617861786222 -2.2197521218674647
78.6378637863786594 -20.0314290330097649
78.6578657865786681 -1.0352932103379988
78.6778677867786769 -6.9957049114960235
78.6978697869787140 -4.4171903617992747
78.7178717871787228 -1.0009235735600019
78.7378737873787600 -12.4761345199943019
78.7578757875787687 -9.5130116559576621
78.7778777877787775 6.4017319159612445
78.7978797879788146 -24.1155779290914296
78.8178817881788234 -4.5803531753471631
78.8378837883788606 24.0573251978972600
78.8578857885788693 16.7769786665158982
78.8778877887788781 45.9259551277930953
78.8978897889789152 -20.8423222427806465
78.9178917891789240 3.9481120042003228
78.9378937893789328 29.2857632938304953
78.9578957895789699 14.1483152351087860
78.9778977897789787 26.6127269102988038
78.9978997899790158 -5.4954707360038118
79.0179017901790246 -24.1323453651411768
79.0379037903790334 8.8282680587390789
79.0579057905790705 -6.2594144719603921
79.0779077907790793 31.3875000115108911
79.0979097909791165 9.1893461466232669
79.1179117911791252 -4.5349605071395356
79.1379137913791340 18.4616645891962037
79.1579157915791711 2.3252205679041680
79.1779177917791799 -7.8014462717152577
79.1979197919792171 -8.0792264013705761
79.2179217921792258 -29.9345316277980409
79.2379237923792346 20.6155118336863943
79.2579257925792717 -1.9687764700733901
79.2779277927792805 18.5496653636150626
79.2979297929793177 -13.1381978881312129
79.3179317931793264 10.3363307491814655
79.3379337933793352 9.8786859126837800
79.3579357935793723 11.2288530547819327
79.3779377937793811 -4.6108616237678506
79.3979397939794183 24.9486665312084348
79.4179417941794270 -10.6302279149027239
79.4379437943794358 17.1569293885100045
79.4579457945794729 -1.1295752623742761
79.4779477947794817 13.6370873935714112
79.4979497949795189 1.2017348926631573
79.5179517951795276 5.3763858428686042
79.5379537953795364 -8.2962699589216164
79.5579557955795735 23.4827887567100007
79.5779577957795823 -5.6764360542218375
79.5979597959796195 19.8260152383048229
79.6179617961796282 2.2737869774295709
79.6379637963796370 19.2824635063366117
79.6579657965796741 -24.2681439329790827
79.6779677967796829 -0.4417893074409722
79.6979697969797201 -9.8888493789921075
79.7179717971797288 -16.9749741233233777
79.7379737973797376 12.1855732547235149
79.7579757975797747 -4.3965416564934161
79.7779777977797835 -0.7093643923511310
79.7979797979798207 -8.9953934592195601
79.8179817981798294 -1.8171169236564291
79.8379837983798382 6.1364208249570025
79.8579857985798753 -40.2101102854714156
79.8779877987798841 45.2766606407540593
79.8979897989798928 10.1633713204745870
79.9179917991799300 14.4454219991499340
79.9379937993799388 -17.4993711552341580
79.9579957995799759 11.0283672944782367
79.9779977997799847 4.9711430790907150
79.9979997999799934 16.9249698872976424
80.0180018001800306 -9.4128617465464259
80.0380038003800394 -29.5698342936480358
80.0580058005800765 -36.0252249632719526
80.0780078007800853 -16.2839408964203010
80.0980098009800940 12.1411337603524281
80.1180118011801312 2.5641882827783942
80.1380138013801400 -2.2910643775504775
80.1580158015801771 4.3904482803756251
80.1780178017801859 9.5673626099222453
80.1980198019801946 20.1268007215599560
80.2180218021802318 3.4071241156430476
80.2380238023802406 31.3124906989419465
80.2580258025802777 -2.4467287343817334
80.2780278027802865 -5.1174348561326619
80.2980298029802952 5.3206990142438837
80.3180318031803324 -29.1760041680286726
80.3380338033803412 -1.7944828063177045
80.3580358035803783 11.8297688221245032
80.3780378037803871 22.2704862124914911
80.3980398039803958 -1.6344583370858965
80.4180418041804330 15.2469212032706913
80.4380438043804418 -29.5698837237235281
80.4580458045804789 -6.5432353573915591
80.4780478047804877 4.4986369479816641
80.4980498049804964 -10.0032472576112923
80.5180518051805336 12.7059088822453603
80.5380538053805424 0.0700137105863305
80.5580558055805795 28.5904834238433949
80.5780578057805883 -4.0252655729285980
80.5980598059805970 10.1375909428413422
80.6180618061806342 12.2073961180763852
80.6380638063806430 -19.6268788477748508
80.6580658065806801 -8.2453177029143134
80.6780678067806889 13.1268536308966404
80.6980698069806976 11.9773715716095310
80.7180718071807348 8.7348106539762362
80.7380738073807436 -9.4267784917076121
80.7580758075807807 14.1851588395045702
80.7780778077807895 7.9515674907053544
80.7980798079807983 1.6354958148301622
80.8180818081808354 23.3261594109912167
80.8380838083808442 17.7909224665197989
80.8580858085808529 21.5339441320184903
80.8780878087808901 -28.8655112406229790
80.8980898089808989 26.8841143707564783
80.9180918091809360 15.4387793025065090
80.9380938093809448 9.2950706510574506
80.9580958095809535 -6.8140755087541631
80.9780978097809907 16.3625460017488713
80.9980998099809995 13.0713226797824724
81.0181018101810366 -21.1445570894572761
81.0381038103810454 26.5936030189108230
81.0581058105810541 -22.9225898073403016
81.0781078107810913 -10.5611476197350722
81.0981098109811001 -26.5573915343536626
81.1181118111811372 9.1226217483447982
81.1381138113811460 -4.5573848659348295
81.1581158115811547 -3.2810325730211627
81.1781178117811919 15.2166292441185007
81.1981198119812007 -30.0116432988033601
81.2181218121812378 -7.3359680305714177
81.2381238123812466 5.9268562278756640
81.2581258125812553 4.1324661777283911
81.2781278127812925 -8.8732580061570729
81.2981298129813013 -6.3846601271912382
81.3181318131813384 -15.5233659191840623
81.3381338133813472 13.9892856810924648
81.3581358135813559 -13.2463184528164533
81.3781378137813931 -14.1510773322278780
81.3981398139814019 7.7034575680786403
81.4181418141814390 26.8704223100672941
81.4381438143814478 28.5780481063088132
81.4581458145814565 42.6015482298981425
81.4781478147814937 -8.6139552523277771
81.4981498149815025 10.3486350650918748
81.5181518151815396 40.1576197481812400
81.5381538153815484 12.2509952794748678
81.5581558155815571 18.3901723570032622
81.5781578157815943 -9.1704427771954791
81.5981598159816031 -1.5206179564001197
81.6181618161816402 7.9012075204798364
81.6381638163816490 -26.8134389755641571
81.6581658165816577 -17.6994869004031337
81.6781678167816949 20.0677141524691045
81.6981698169817037 -22.4659379900319180
81.7181718171817408 28.9143859829575156
81.7381738173817496 2.6238046695801458
81.7581758175817583 -3.3241507514095230
81.7781778177817955 -6.2786254295212665
81.7981798179818043 -3.9349941831550690
81.8181818181818130 -3.6982577256380154
81.8381838183818502 21.0564390922103790
81.8581858185818589 42.8803605939708419
81.8781878187818961 -3.6738095754160045
81.8981898189819049 32.4627272785013972
81.9181918191819136 13.8262448892962055
81.9381938193819508 11.1867712282655791
81.9581958195819595 -1.3317468687301575
81.9781978197819967 -17.1835704629047932
81.9981998199820055 -6.5998286260233243
82.0182018201820142 23.0587941432021850
82.0382038203820514 -10.5467593694361170
82.0582058205820601 25.6928368771226907
82.0782078207820973 -27.1819083445979963
82.0982098209821061 7.3477382511850315
82.1182118211821148 -5.0947104572423729
82.1382138213821520 11.6904913404238506
82.1582158215821607 14.8617729249889035
82.1782178217821979 36.2055180309505360
82.1982198219822067 29.3303262276626135
82.2182218221822154 9.0257335529199150
82.2382238223822526 -15.3547477205227896
82.2582258225822613 -14.4294290972994350
82.2782278227822985 26.0896868150835459
82.2982298229823073 12.2115003801103121
82.3182318231823160 13.0944891650759878
82.3382338233823532 12.4509770661077148
82.3582358235823619 22.9010828397867421
82.3782378237823991 -11.0324371510767776
82.3982398239824079 -39.4311325679440969
82.4182418241824166 -21.3038775073631825
82.4382438243824538 3.2668797796502247
82.4582458245824625 39.9812989619660826
82.4782478247824997 15.2501498155716817
82.4982498249825085 2.0916620799779260
82.5182518251825172 9.5224493162705350
82.5382538253825544 11.2329397510180549
82.5582558255825631 -1.2446790347302126
82.5782578257826003 1.4931693128728274
82.5982598259826091 24.3554043403271727
82.6182618261826178 20.1147546148975351
82.6382638263826550 5.2838441263203739
82.6582658265826637 -12.0955980907977185
82.6782678267827009 20.8568528500251311
82.6982698269827097 1.2263414276081641
82.7182718271827184 -7.0048051846307438
82.7382738273827556 -25.6074261827066110
82.7582758275827644 2.5263638379834719
82.7782778277827731 8.0636289183815926
82.7982798279828103 -9.8707663624511941
82.8182818281828190 -1.8003610587896492
82.8382838283828562 6.9147234584921549
82.8582858285828650 21.6086585002372686
82.8782878287828737 30.5596626613924158
82.8982898289829109 18.0280521442454678
82.9182918291829196 17.7347573812350383
82.9382938293829568 -18.5456394969878815
82.9582958295829656 -6.4068514127705338
82.9782978297829743 13.8978434225501548
82.9982998299830115 -12.4440632875653403
83.0183018301830202 -29.1483784554349619
83.0383038303830574 -4.2236776514864314
83.0583058305830662 -1.7770784566707731
83.0783078307830749 -11.7141554186301722
83.0983098309831121 -18.8568770336435314
83.1183118311831208 6.4369315589430567
83.1383138313831580 -9.6354980136991806
83.1583158315831668 10.6986037983627007
83.1783178317831755 -27.6785318001931024
83.1983198319832127 -1.6202862138309784
83.2183218321832214 -3.6843725781833592
83.2383238323832586 -17.0495427961302148
83.2583258325832674 -0.1621861661014630
83.2783278327832761 18.3017354550293376
83.2983298329833133 6.2237526967301164
83.3183318331833220 -3.1051528145952334
83.3383338333833592 19.4002366925687113
83.3583358335833680 0.2533164045240914
83.3783378337833767 -19.6791336803013195
83.3983398339834139 13.7259677754655449
83.4183418341834226 28.0394822150170420
83.4383438343834598 -0.4269456560622098
83.4583458345834686 16.8769329187954753
83.4783478347834773 -8.0795339795645376
83.4983498349835145 15.5941600059831948
83.5183518351835232 -3.5202486930371384
83.5383538353835604 13.1552783436299272
83.5583558355835692 -19.5410883419643326
83.5783578357835779 -15.5602000849550492
83.5983598359836151 -15.3062734216036791
83.6183618361836238 -10.6460120611234039
83.6383638363836610 4.2231959317335601
83.6583658365836698 12.9254989500423818
83.6783678367836785 8.5044038723413671
83.6983698369837157 -6.5169832698490424
83.7183718371837244 -36.4584830158006454
83.7383738373837332 24.2890681808949616
83.7583758375837704 -13.4682599482518164
83.7783778377837791 -29.7463662336098018
83.7983798379838163 -21.1097754740381127
83.8183818381838250 -20.4875027303352617
83.8383838383838338 -3.4189077093106075
83.8583858385838710 2.4003609526011784
83.8783878387838797 24.6560343307278664
83.8983898389839169 -14.9455040867844744
83.9183918391839256 0.8268597762869172
83.9383938393839344 6.4748451216399756
83.9583958395839716 8.6776246698406130
83.9783978397839803 -2.3216813821691336
83.9983998399840175 5.1135698596975816
84.0184018401840262 -7.7596343617180832
84.0384038403840350 23.4497998839658202
84.0584058405840722 14.7236000028765641
84.0784078407840809 7.7892646619765360
84.0984098409841181 12.4060748504554645
84.1184118411841268 11.8071699050822900
84.1384138413841356 9.2993897720288992
84.1584158415841728 41.3215783020201712
84.1784178417841815 3.7833737530153870
84.1984198419842187 8.6965153303871325
84.2184218421842274 -8.9623299012364193
84.2384238423842362 8.1664991066211829
84.2584258425842734 -13.1138830421473802
84.2784278427842821 16.2132238957519910
84.2984298429843193 32.8769513727078078
84.3184318431843280 -1.7372158171167627
84.3384338433843368 5.6853303326534963
84.3584358435843740 -4.2912581085578356
84.3784378437843827 -13.7775710244460505
84.3984398439844199 6.4261822573248066
84.4184418441844286 -31.1327888836823767
84.4384438443844374 -5.3247106294076278
84.4584458445844746 -20.2966828768492498
84.4784478447844833 3.1107612270025671
84.4984498449845205 -18.1885000210002090
84.5184518451845292 -19.0333824911916913
84.5384538453845380 -0.5250154035797752
84.5584558455845752 32.1346599771881642
84.5784578457845839 24.2518057640751756
84.5984598459846211 -19.0168653048911267
84.6184618461846298 -19.9012562880382760
84.6384638463846386 20.9259318428538492
84.6584658465846758 19.2915724510030913
84.6784678467846845 -10.1329446270238357
84.6984698469847217 48.2777855845974599
84.7184718471847304 0.1023577292763214
84.7384738473847392 39.7595690125190728
84.7584758475847764 -11.4537752469369192
84.7784778477847851 6.7253029142003520
84.7984798479847939 -12.9415639544163810
84.8184818481848311 -3.3332257060907060
84.8384838483848398 4.1773296694138899
84.8584858485848770 -4.1771430221899779
84.8784878487848857 -2.8892877021923331
84.8984898489848945 -4.0089909795396572
84.9184918491849317 17.7135976121773275
84.9384938493849404 6.5289468342181944
84.9584958495849776 -12.3927872221632285
84.9784978497849863 20.9151130240111947
84.9984998499849951 11.0262990687752112
85.0185018501850323 20.3371558140412780
85.0385038503850410 -8.0854648331058971
85.0585058505850782 6.4679412920956141
85.0785078507850869 -21.2406908480305496
85.0985098509850957 -16.3122343450495961
85.1185118511851329 -22.9226325477261383
85.1385138513851416 -5.3312625320172025
85.1585158515851788 -21.3021158998906159
85.1785178517851875 -0.5507805667628203
85.1985198519851963 6.4135760033209239
85.2185218521852335 -29.2858220812907177
85.2385238523852422 -14.9873968967494555
85.2585258525852794 6.8022559061007764
85.2785278527852881 -9.7467864126237487
85.2985298529852969 -14.8577107829606518
85.3185318531853341 -20.4603235503645102
85.3385338533853428 -3.4057985030932669
85.3585358535853800 23.0342778624823268
85.3785378537853887 19.0949284980524823
85.3985398539853975 4.2021123072410980
85.4185418541854347 -2.7787992750025792
85.4385438543854434 2.6954849074318239
85.4585458545854806 -4.4353324922850774
85.4785478547854893 38.7414579531699772
85.4985498549854981 7.4563945930939486
85.5185518551855353 -8.5242424213850807
85.5385538553855440 2.5643389676570312
85.5585558555855812 27.0138007347523157
85.5785578557855899 -3.9148346578901556
85.5985598559855987 -11.8191806348069104
85.6185618561856359 -22.8541630752757676
85.6385638563856446 -28.6751785373588106
85.6585658565856818 -2.1537455563638641
85.6785678567856905 -14.9296744339061185
85.6985698569856993 -11.1665158253926187
85.7185718571857365 -11.5849675554244040
85.7385738573857452 7.7178517829882791
85.7585758575857540 -3.4920085339539026
85.7785778577857911 26.9690761677754125
85.7985798579857999 -9.4292696161049765
85.8185818581858371 30.9678397426042906
85.8385838583858458 23.0886621634137050
85.8585858585858546 -0.0058634988791303
85.8785878587858917 19.8214338883315797
85.8985898589859005 22.3375033155020652
85.9185918591859377 -10.9245790107510139
85.9385938593859464 -9.5874272801243077
85.9585958595859552 -8.3050061144074423
85.9785978597859923 9.2606707823222685
85.9985998599860011 24.8916414927782697
86.0186018601860383 13.5161556269348448
86.0386038603860470 14.1412297847331576
86.0586058605860558 5.9716100661676155
86.0786078607860929 -15.9079746949071055
86.0986098609861017 -20.1534790297543651
86.1186118611861389 2.2962792600576174
86.1386138613861476 -37.9762893255134628
86.1586158615861564 -10.6845582632365552
86.1786178617861935 26.3473004059116107
86.1986198619862023 -3.9232285333350738
86.2186218621862395 10.3646588863902025
86.2386238623862482 -17.6015110065371339
86.2586258625862570 20.6536252547036590
86.2786278627862941 -2.1057859043940708
86.2986298629863029 4.5794811865080138
86.3186318631863401 0.1860778266437919
86.3386338633863488 7.4119791464618352
86.3586358635863576 7.8211037651158950
86.3786378637863947 7.1306973896209822
86.3986398639864035 -12.0365741189619122
86.4186418641864407 -6.0490425866473885
86.4386438643864494 6.2305299956145106
86.4586458645864582 -3.2228969488767092
86.4786478647864953 26.0800057696877836
86.4986498649865041 -21.0712184973694114
86.5186518651865413 0.2627746280675589
86.5386538653865500 -19.4279508887992769
86.5586558655865588 5.8533099804145285
86.5786578657865959 -1.3843492335940542
86.5986598659866047 -6.4195663095362168
86.6186618661866419 16.2341027944993783
86.6386638663866506 14.2895745057965549
86.6586658665866594 3.3384997732016743
86.6786678667866965 -32.0895833616822728
86.6986698669867053 -7.6246859984642850
86.7186718671867141 -13.1358993197176339
86.7386738673867512 11.0042653651005438
86.7586758675867600 -2.3970657225408516
86.7786778677867972 -13.0577066017271406
86.7986798679868059 -12.1599346040683756
86.8186818681868147 -50.0858061662096503
86.8386838683868518 8.8705682138731294
86.8586858685868606 1.8949641187618163
86.8786878687868978 -20.8785800249734486
86.8986898689869065 20.1329775018475416
86.9186918691869153 -4.2554709850133303
86.9386938693869524 -1.1342757297399031
86.9586958695869612 9.1014011719358905
86.9786978697869984 -10.4641490343883383
86.9986998699870071 -1.1030048951958906
87.0187018701870159 -19.0291308191163147
87.0387038703870530 -20.8772815280766757
87.0587058705870618 -8.0518608665227873
87.0787078707870990 3.4870579996669009
87.0987098709871077 9.7859367336789518
87.1187118711871165 6.6014438918478486
87.1387138713871536 16.9814637173729039
87.1587158715871624 -30.6396198270716980
87.1787178717871996 -47.8773094210113044
87.1987198719872083 -15.6555382430194037
87.2187218721872171 6.9755221436916237
87.2387238723872542 18.3043873106625377
87.2587258725872630 -4.4223192588073816
87.2787278727873002 -6.1150961255562173
87.2987298729873089 -8.6909526040690892
87.3187318731873177 0.0227929032839511
87.3387338733873548 -22.4480674832389404
87.3587358735873636 22.8721850644609148
87.3787378737874008 18.3234016351090965
87.3987398739874095 4.7530390316372992
87.4187418741874183 16.1967821053925647
87.4387438743874554 -4.1577619156115189
87.4587458745874642 -6.4882017960289158
87.4787478747875014 1.9584784600603622
87.4987498749875101 3.0993339647412714
87.5187518751875189 -8.6917905215697502
87.5387538753875560 12.0910829503519590
87.5587558755875648 -29.5212865702895861
87.5787578757876020 14.1488431455518953
87.5987598759876107 -2.1693548738525941
87.6187618761876195 -7.1854241363124389
87.6387638763876566 14.6597689719422366
87.6587658765876654 -14.5468075783392585
87.6787678767876741 -0.0016212301907528
87.6987698769877113 5.3724976868796999
87.7187718771877201 3.9738356603806197
87.7387738773877572 -30.8963964357848795
87.7587758775877660 -34.5701374047287686
87.7787778777877747 -2.0313293165723718
87.7987798779878119 -28.3555475176346619
87.8187818781878207 15.6522629135025539
87.8387838783878578 29.5679435131739332
87.8587858785878666 6.1414057986460007
87.8787878787878753 15.0293902806717501
87.8987898789879125 -6.2589250208493485
87.9187918791879213 -31.1233728598497983
87.9387938793879584 -1.5544922546138471
87.9587958795879672 5.0054951836783044
87.9787978797879759 1.5053478349224125
87.9987998799880131 14.9251984303735590
88.0188018801880219 -26.6874831012272793
88.0388038803880590 0.2028516906038149
88.0588058805880678 20.9494797797102272
88.0788078807880765 3.2614851935465783
88.0988098809881137 -10.3503093061881444
88.1188118811881225 23.4286468302110364
88.1388138813881596 -22.7247172722351785
88.1588158815881684 -22.6945861007354317
88.1788178817881771 7.3758533690072463
88.1988198819882143 -20.7840739794330744
88.2188218821882231 -20.5975172410567708
88.2388238823882602 -27.4858345379859408
88.2588258825882690 -1.6205773347643406
88.2788278827882777 -39.5523798190295821
88.2988298829883149 -17.3631136347161643
88.3188318831883237 -2.2246937880960025
88.3388338833883608 9.0805786326223554
88.3588358835883696 -27.0124090760749986
88.3788378837883783 0.3277994483551527
88.3988398839884155 -9.2987347878479003
88.4188418841884243 32.9697950397185267
88.4388438843884614 -3.9952667680053739
88.4588458845884702 11.0058081842838025
88.4788478847884790 12.2769739578709949
88.4988498849885161 -8.2812972763244481
88.5188518851885249 9.5755818987066910
88.5388538853885620 -35.8188649721658408
88.5588558855885708 -8.2075158909108143
88.5788578857885796 -22.3651446653531565
88.5988598859886167 7.7281342334538436
88.6188618861886255 -33.5851706672273380
88.6388638863886342 12.3532441278107772
88.6588658865886714 12.8573943857418946
88.6788678867886802 -11.7663305401694540
88.6988698869887173 -20.2499344984733156
88.7188718871887261 -40.2669730181283398
88.7388738873887348 -16.5021915101044634
88.7588758875887720 -35.4792033157596123
88.7788778877887808 -11.9470944072227887
88.7988798879888179 -13.0062142881206313
88.8188818881888267 2.5402290525737925
88.8388838883888354 -24.0516444793543016
88.8588858885888726 10.5068240028326301
88.8788878887888814 -40.7343373517505256
88.8988898889889185 -2.0928603379129802
88.9188918891889273 -22.6246447288390407
88.9388938893889360 10.7872033768301918
88.9588958895889732 -10.1368844676403320
88.9788978897889820 -44.5991229809861238
88.9988998899890191 -2.8958741869922910
89.0189018901890279 18.5861382871944123
89.0389038903890366 -6.4818828398657518
89.0589058905890738 13.8443272050683568
89.0789078907890826 6.4307287917554481
89.0989098909891197 0.6517571296341922
89.1189118911891285 13.1591864519662529
89.1389138913891372 7.3286579217614225
89.1589158915891744 -12.9170628946891632
89.1789178917891832 0.6823710910949456
89.1989198919892203 9.8123952881080605
89.2189218921892291 -25.7960697451465322
89.2389238923892378 6.6747696256029734
89.2589258925892750 3.1261918184383113
89.2789278927892838 -4.6461243194745716
89.2989298929893209 -1.2806052798169407
89.3189318931893297 -15.0660513142445254
89.3389338933893384 -39.4921596183945027
89.3589358935893756 -11.5246735300089949
89.3789378937893844 -1.8836022264849062
89.3989398939894215 14.4631479196454649
89.4189418941894303 -23.8869459279626284
89.4389438943894390 -10.7070521024440879
89.4589458945894762 2.6348173146260656
89.4789478947894850 4.3076323760755635
89.4989498949895221 -16.5410298321271902
89.5189518951895309 10.4982485896926541
89.5389538953895396 -31.6790646912609546
89.5589558955895768 -5.2909414697998098
89.5789578957895856 0.2274549138531565
89.5989598959895943 -1.3832027604916242
89.6189618961896315 24.0334949606708435
89.6389638963896402 -7.7655256252603433
89.6589658965896774 -15.3345223891404370
89.6789678967896862 5.3948748162452453
89.6989698969896949 2.0365633961680354
89.7189718971897321 -18.9716068728715825
89.7389738973897408 29.3446024441810493
89.7589758975897780 13.0906494313330288
89.7789778977897868 5.1280905474917677
89.7989798979897955 15.0453071022655127
89.8189818981898327 -27.1240981384481437
89.8389838983898414 -24.7053999341011554
89.8589858985898786 0.4014020846485611
89.8789878987898874 -6.1999491697719318
89.8989898989898961 10.0537064769538595
89.9189918991899333 -13.0052572565920492
89.9389938993899420 -26.1645598598308169
89.9589958995899792 -13.9762743384876345
89.9789978997899880 -34.3304586917106889
89.9989998999899967 -25.2133650367335065
90.0190019001900339 -7.4144812686049990
90.0390039003900426 2.6243012706576412
90.0590059005900798 -21.2269234321297908
90.0790079007900886 -42.3384400014267968
90.0990099009900973 -18.1585885572072954
90.1190119011901345 12.2157318944113573
90.1390139013901432 -52.1164677811607149
90.1590159015901804 17.5029981148997535
90.1790179017901892 -21.1508941599748468
90.1990199019901979 -0.4730042133933194
90.2190219021902351 7.0810185837336181
90.2390239023902438 -18.1552744100706036
90.2590259025902810 -32.3187312010328043
90.2790279027902898 -21.5995292977614994
90.2990299029902985 -26.8299617130288262
90.3190319031903357 18.3809863882910207
90.3390339033903444 -22.9953356783484324
90.3590359035903816 -12.4945598801329414
90.3790379037903904 -18.7127917777908337
90.3990399039903991 -1.3955653073926131
90.4190419041904363 -4.7590214006350324
90.4390439043904451 0.2394368919539236
90.4590459045904822 13.9536101810239472
90.4790479047904910 -8.5341810719269429
90.4990499049904997 -13.5708495946682426
90.5190519051905369 -1.8598680640774790
90.5390539053905457 -3.3290242436937856
90.5590559055905544 -26.4292091772641058
90.5790579057905916 30.5321387482648561
90.5990599059906003 3.2194631785348147
90.6190619061906375 -28.7459165760623563
90.6390639063906463 10.5096985162961136
90.6590659065906550 -10.2592725123320356
90.6790679067906922 -27.6657362875003692
90.6990699069907009 -3.5513290117390302
90.7190719071907381 -27.1018293127383032
90.7390739073907469 -14.4457914958449791
90.7590759075907556 4.0945059655661371
90.7790779077907928 -5.9197764808470108
90.7990799079908015 -6.5133802394408651
90.8190819081908387 -9.7063432593011427
90.8390839083908475 18.7133649573191292
90.8590859085908562 11.7925999504853305
90.8790879087908934 -38.8682058489208657
90.8990899089909021 -30.2082061758324230
90.9190919091909393 -12.1193757191181177
90.9390939093909481 15.1620140207734622
90.9590959095909568 -49.7257236526773667
90.9790979097909940 -6.7189848314098963
90.9990999099910027 -5.4666631426859995
91.0191019101910399 -7.8575596532247189
91.0391039103910487 -4.8672118115514209
91.0591059105910574 11.2026497528046853
91.0791079107910946 24.3071455070574061
91.0991099109911033 -15.9084845806464799
91.1191119111911405 -18.6868291662785957
91.1391139113911493 -5.2444385802205682
91.1591159115911580 13.9256672087975026
91.1791179117911952 -27.0028415389266527
91.1991199119912039 -44.6569248329271105
91.2191219121912411 -14.3730600453426227
91.2391239123912499 -46.1070741842300862
91.2591259125912586 -15.3716223931824967
91.2791279127912958 -0.7031828295525067
91.2991299129913045 -3.8628664050921939
91.3191319131913417 -31.7629462764571748
91.3391339133913505 -16.0060480583189282
91.3591359135913592 1.3836459679756974
91.3791379137913964 -18.6399130530465698
91.3991399139914051 5.9428174533694946
91.4191419141914423 47.0150959088406637
91.4391439143914511 -13.4363091546819042
91.4591459145914598 -54.2391549406357427
91.4791479147914970 -2.7973074232430069
91.4991499149915057 -8.0448277359644855
91.5191519151915145 -7.2889957086993924
91.5391539153915517 -18.1653842626020463
91.5591559155915604 -19.2668338145261799
91.5791579157915976 -26.4409723918362047
91.5991599159916063 -22.2717537946072675
91.6191619161916151 8.3473796497191959
91.6391639163916523 13.2216777878727960
91.6591659165916610 -15.3745404726101604
91.6791679167916982 13.6045942163223597
91.6991699169917069 -29.9348835228243004
91.7191719171917157 -14.1961613024911060
91.7391739173917529 -7.0992514753823990
91.7591759175917616 1.9084744914931555
91.7791779177917988 -1.4226001823227268
91.7991799179918075 -3.8308952524426676
91.8191819181918163 -9.5416816766641546
91.8391839183918535 47.0074438616046280
91.8591859185918622 -42.5905347890193724
91.8791879187918994 -2.8114010097003463
91.8991899189919081 -12.3831396930541597
91.9191919191919169 -26.9088257386614629
91.9391939193919541 -17.8456248043434584
91.9591959195919628 -25.6190849512764807
91.9791979197920000 3.5280375229655228
91.9991999199920087 -58.0277392130210998
92.0192019201920175 5.2813166161340757
92.0392039203920547 -25.9226008303789897
92.0592059205920634 0.2730605829605945
92.0792079207921006 7.5115240593414363
92.0992099209921093 -42.2401503548468611
92.1192119211921181 -18.3669800138011468
92.1392139213921553 -17.1361809317926905
92.1592159215921640 -28.1632284180936345
92.1792179217922012 -24.0093516556058120
92.1992199219922099 19.4814085804108714
92.2192219221922187 -10.0378231191243525
92.2392239223922559 -14.7196358908259839
92.2592259225922646 0.6363347371170622
92.2792279227923018 11.8446405720700039
92.2992299229923105 -8.0538442685928793
92.3192319231923193 -0.3792394753004764
92.3392339233923565 -25.5305798453675088
92.3592359235923652 23.2914573164171408
92.3792379237924024 5.2666204822333533
92.3992399239924111 2.5443771631085976
92.4192419241924199 -25.8777716678743417
92.4392439243924571 -20.2296431352819397
92.4592459245924658 -26.1799892947165915
92.4792479247924746 -9.9885371315926292
92.4992499249925118 -23.2855092584878989
92.5192519251925205 -14.2206079742538805
92.5392539253925577 -44.8246535722126964
92.5592559255925664 -14.2474872927644238
92.5792579257925752 -7.9246216881716727
92.5992599259926124 -8.6377976814435122
92.6192619261926211 3.7012208457897753
92.6392639263926583 0.4271706056962614
92.6592659265926670 -14.1053105951693851
92.6792679267926758 -25.7244503201295736
92.6992699269927130 -28.3663615387775820
92.7192719271927217 -18.0549777741838184
92.7392739273927589 -12.7481627746491899
92.7592759275927676 -46.2972246059391068
92.7792779277927764 -0.6193874049301034
92.7992799279928136 -15.0734468183126396
92.8192819281928223 -18.9381782045316598
92.8392839283928595 -5.1618572164889551
92.8592859285928682 -40.4533925570673389
92.8792879287928770 9.1919741917627711
92.8992899289929142 -39.2438534515399056
92.9192919291929229 22.8058696188936381
92.9392939293929601 -43.3057037078684175
92.9592959295929688 23.6211390628191182
92.9792979297929776 -10.6303970616545982
92.9992999299930148 -4.1357497360944304
93.0193019301930235 -8.8654054783484018
93.0393039303930607 -18.6448307436243645
93.0593059305930694 -16.0052145453247157
93.0793079307930782 -24.7225174774314809
93.0993099309931154 -7.8701514273322282
93.1193119311931241 -17.4624609174390564
93.1393139313931613 -3.5635348354964025
93.1593159315931700 12.5343372250008454
93.1793179317931788 6.7088590451414198
93.1993199319932160 -39.0527190588105739
93.2193219321932247 -7.4781634321132335
93.2393239323932619 23.3484212124357384
93.2593259325932706 -9.3720038201548928
93.2793279327932794 -44.0598923635341819
93.2993299329933166 -8.5743744964284332
93.3193319331933253 -4.9815298388409932
93.3393339333933625 -10.7981520575219747
93.3593359335933712 -23.2254472993234202
93.3793379337933800 -43.4856017876881680
93.3993399339934172 -8.9463062267218323
93.4193419341934259 3.9855625983136846
93.4393439343934347 9.6245164676281352
93.4593459345934718 -30.1458339122006151
93.4793479347934806 -57.7025468552186851
93.4993499349935178 12.4182403668305206
93.5193519351935265 9.9108838074841703
93.5393539353935353 -14.3437697692806125
93.5593559355935724 -25.7647795703856062
93.5793579357935812 -15.9891597930704030
93.5993599359936184 4.5239827167074615
93.6193619361936271 -16.5386681915621701
93.6393639363936359 -32.4139134868438603
93.6593659365936730 -10.9395508885338728
93.6793679367936818 -27.0837405939535998
93.6993699369937190 -22.5578737044845603
93.7193719371937277 -14.8944720262671453
93.7393739373937365 3.6625858117187047
93.7593759375937736 18.1251256227106587
93.7793779377937824 -26.8737118775666843
93.7993799379938196 -8.6764357071867160
93.8193819381938283 -8.1711096204211078
93.8393839383938371 -24.9007632860742554
93.8593859385938742 -25.9113856786135273
93.8793879387938830 -14.4001850520205821
93.8993899389939202 6.0511694090086401
93.9193919391939289 -31.4619734114581178
93.9393939393939377 11.0305181002878303
93.9593959395939748 8.6856762082125201
93.9793979397939836 -7.2840327696950293
93.9993999399940208 24.9312631799603253
94.0194019401940295 -12.5129127136171885
94.0394039403940383 -6.7528326765285387
94.0594059405940754 -26.1869296258579070
94.0794079407940842 -8.7293162732840202
94.0994099409941214 17.2326104422057256
94.1194119411941301 0.3294300069682485
94.1394139413941389 -32.6862559587039243
94.1594159415941760 -0.0822280825926516
94.1794179417941848 -32.8230148425404806
94.1994199419942220 -43.3555806568475361
94.2194219421942307 -25.7940416425512922
94.2394239423942395 -47.7066335532556636
94.2594259425942766 -11.5103368526313314
94.2794279427942854 -7.0774326724315042
94.2994299429943226 5.1396647221906768
94.3194319431943313 -33.3241195504566150
94.3394339433943401 -9.4046849737427110
94.3594359435943772 -18.2780565501051129
94.3794379437943860 -19.7029342721121452
94.3994399439943948 14.6053450754540073
94.4194419441944319 2.5351950712556839
94.4394439443944407 -24.9816404462513120
94.4594459445944779 -9.5805608336128429
94.4794479447944866 -44.2218991743216492
94.4994499449944954 -23.7057268569834179
94.5194519451945325 -34.0541009322724690
94.5394539453945413 -13.4886130447185604
94.5594559455945785 4.1120032293564783
94.5794579457945872 -43.0368509670615040
94.5994599459945960 3.0510084502106949
94.6194619461946331 -16.9233476177224667
94.6394639463946419 -23.7135951478952300
94.6594659465946791 -17.9488985198286883
94.6794679467946878 -22.9523765349313607
94.6994699469946966 -15.3241626524381065
94.7194719471947337 -9.9944575084251035
94.7394739473947425 -16.1723977606267830
94.7594759475947797 -25.0516959398666472
94.7794779477947884 -17.7046282757485578
94.7994799479947972 -25.8708432797985637
94.8194819481948343 -24.1494541643333065
94.8394839483948431 7.0279829853909348
94.8594859485948803 -39.3934032641460519
94.8794879487948890 -36.9455558394495682
94.8994899489948978 -27.8214328212440449
94.9194919491949349 -9.8599596046614657
94.9394939493949437 -11.2742367950262707
94.9594959495949809 15.2714686755322440
94.9794979497949896 -10.5062384318507860
94.9994999499949984 -14.2868802801493509
95.0195019501950355 10.6294652719054810
95.0395039503950443 -17.0961684308716997
95.0595059505950815 -45.2815660553244541
95.0795079507950902 -30.0546852515500618
95.0995099509950990 -7.2198912587969257
95.1195119511951361 -2.1043763435227678
95.1395139513951449 -48.8780667463060752
95.1595159515951821 -13.1595962760034340
95.1795179517951908 21.0487481104667040
95.1995199519951996 -35.9734698550848009
95.2195219521952367 -19.0933277982925027
95.2395239523952455 -18.2632970250006252
95.2595259525952827 -15.9877065776359260
95.2795279527952914 22.7610411517771851
95.2995299529953002 -0.3538115818739023
95.3195319531953373 -36.3210853034955008
95.3395339533953461 7.1615526362656023
95.3595359535953833 26.0000792683879993
95.3795379537953920 -4.8526536155744777
95.3995399539954008 17.6225515739553700
95.4195419541954379 -13.3120312028690098
95.4395439543954467 9.2773305697225066
95.4595459545954554 -34.8754053086993068
95.4795479547954926 -13.0968193848073824
95.4995499549955014 23.8791339314665905
95.5195519551955385 1.6765023183534336
95.5395539553955473 -12.0015246766560946
95.5595559555955560 -36.6238515754002094
95.5795579557955932 -36.2632948339445491
95.5995599559956020 13.0344044113910247
95.6195619561956391 -23.0780729419416915
95.6395639563956479 -13.4065543618097252
95.6595659565956566 2.1312780935089570
95.6795679567956938 -36.1099140509701328
95.6995699569957026 -14.4478030045279073
95.7195719571957397 -6.8321165334333385
95.7395739573957485 -4.2456701675380630
95.7595759575957572 -35.6245498762702510
95.7795779577957944 -31.9921309907045384
95.7995799579958032 -3.2022316816245908
95.8195819581958403 6.7740798461260372
95.8395839583958491 -47.2584777893853243
95.8595859585958578 18.6760712855724584
95.8795879587958950 -44.0609034452688135
95.8995899589959038 2.0824066975681195
95.9195919591959409 -7.5011330422247191
95.9395939593959497 3.6192985175042249
95.9595959595959584 -1.4886669686490377
95.9795979597959956 -25.1864567841560714
95.9995999599960044 9.0468290259025750
96.0196019601960415 -28.4623385440408825
96.0396039603960503 11.0114898749666175
96.0596059605960590 -20.2317296390258505
96.0796079607960962 -21.0550520183928995
96.0996099609961050 -9.4213648635567075
96.1196119611961421 7.2032218816093279
96.1396139613961509 -15.9951262003203798
96.1596159615961597 -12.0867101343617271
96.1796179617961968 -26.6794658557441053
96.1996199619962056 -19.4800909353240179
96.2196219621962427 -20.3800294235868549
96.2396239623962515 -9.7993161367288479
96.2596259625962603 -18.8975021733766084
96.2796279627962974 -23.6143757897285482
96.2996299629963062 20.3297598930396894
96.3196319631963433 -13.3990582610050311
96.3396339633963521 -70.9034284897623337
96.3596359635963609 21.4094510333119530
96.3796379637963980 5.9117173249625257
96.3996399639964068 -27.8453274856268465
96.4196419641964155 1.0233747329275964
96.4396439643964527 8.7821246108247450
96.4596459645964615 45.2030372684343575
96.4796479647964986 -40.8568627440063423
96.4996499649965074 -13.0833828922357487
96.5196519651965161 19.7364662255236709
96.5396539653965533 -26.0832949929569935
96.5596559655965621 -25.6171272601291697
96.5796579657965992 -25.3021480540377546
96.5996599659966080 -21.9146930901193429
96.6196619661966167 -10.3629772919908252
96.6396639663966539 3.0765855819954355
96.6596659665966627 -6.1925445871956812
96.6796679667966998 -6.3981111128292811
96.6996699669967086 -20.6616803579127613
96.7196719671967173 -19.4472542608577292
96.7396739673967545 21.7524548697444828
96.7596759675967633 12.3417568786140421
96.7796779677968004 31.5873174146276270
96.7996799679968092 -2.1040186506044272
96.8196819681968179 4.3532935939199904
96.8396839683968551 1.0317586305796373
96.8596859685968639 -19.5022629894534987
96.8796879687969010 -0.8102243691620297
96.8996899689969098 -10.7008696862759010
96.9196919691969185 4.3045107965874001
96.9396939693969557 18.9701133741496868
96.9596959695969645 38.2550678844840917
96.9796979697970016 17.9205121904215723
96.9996999699970104 -18.5583752718556845
97.0197019701970191 -34.5546545771533502
97.0397039703970563 -25.4580727222114049
97.0597059705970651 4.9510373542642085
97.0797079707971022 -16.4733434013022730
97.0997099709971110 -0.4947986157334885
97.1197119711971197 16.2709412744654784
97.1397139713971569 -18.2236345781675908
97.1597159715971657 -13.1672642005209077
97.1797179717972028 -5.1816768219381641
97.1997199719972116 -18.9136313450725346
97.2197219721972203 17.3262880325805462
97.2397239723972575 7.5498031005005997
97.2597259725972663 -31.4044163874319793
97.2797279727973034 13.8201604491021790
97.2997299729973122 15.6582553730330272
97.3197319731973209 -8.3521844825854217
97.3397339733973581 -22.4752682522809053
97.3597359735973669 -7.6265297795083882
97.3797379737973756 12.7835337339011641
97.3997399739974128 -3.6339095928306100
97.4197419741974215 -20.3935364740945424
97.4397439743974587 -7.6268339566487011
97.4597459745974675 -2.2121104529869582
97.4797479747974762 -5.0097559086496943
97.4997499749975134 -1.6517129302867466
97.5197519751975221 -13.9479053103589585
97.5397539753975593 9.0322721595395201
97.5597559755975681 29.2838658149403770
97.5797579757975768 24.4116565103376963
97.5997599759976140 23.6102294446509688
97.6197619761976227 6.9295506052853284
97.6397639763976599 -28.5652139656652011
97.6597659765976687 18.5717333493455250
97.6797679767976774 -13.1202192441442769
97.6997699769977146 -23.3971714055479865
97.7197719771977233 -9.4195914049468961
97.7397739773977605 7.4048597733714718
97.7597759775977693 8.1272505620564992
97.7797779777977780 17.5449734899451464
97.7997799779978152 2.1536908086082862
97.8197819781978239 -16.9175972485197299
97.8397839783978611 -3.5390495322804099
97.8597859785978699 -21.3754196719198113
97.8797879787978786 12.3665134931505278
97.8997899789979158 -25.4900170743449266
97.9197919791979245 13.5543653414541829
97.9397939793979617 30.6033390902636135
97.9597959795979705 -36.3874531909685786
97.9797979797979792 18.8973598935121991
97.9997999799980164 -11.5533029099980791
98.0198019801980251 -16.8690631313074064
98.0398039803980623 4.6720879816769632
98.0598059805980711 -39.3353428290281428
98.0798079807980798 17.1566015420672180
98.0998099809981170 -8.4916810646260021
98.1198119811981257 10.6814837943477734
98.1398139813981629 -5.2238979709675490
98.1598159815981717 -23.3557167203038247
98.1798179817981804 3.7438336099653098
98.1998199819982176 19.4441639385746896
98.2198219821982264 12.8230653759374782
98.2398239823982635 -10.4758315229210961
98.2598259825982723 12.6918608292118194
98.2798279827982810 12.3909971959856708
98.2998299829983182 -30.4558628659998263
98.3198319831983270 1.5847451164165802
98.3398339833983357 -1.1625158322952989
98.3598359835983729 -17.6043629447270646
98.3798379837983816 -11.3366403501184649
98.3998399839984188 12.9817406508960360
98.4198419841984276 14.5111745003651187
98.4398439843984363 38.3438780989753738
98.4598459845984735 15.9657540639752966
98.4798479847984822 14.4476050663883235
98.4998499849985194 -8.8235573974440911
98.5198519851985282 18.0097258486804819
98.5398539853985369 -7.7033016996879677
98.5598559855985741 22.2174771616778806
98.5798579857985828 25.2482398272941921
98.5998599859986200 24.7256787061634995
98.6198619861986288 -5.7021720800621090
98.6398639863986375 44.0275855258924977
98.6598659865986747 24.3930499638305314
98.6798679867986834 -30.1516348077084047
98.6998699869987206 12.6904884330385350
98.7198719871987294 -0.1143929869674407
98.7398739873987381 -16.7826585412759393
98.7598759875987753 -6.0965969252991608
98.7798779877987840 9.7819354491060828
98.7998799879988212 8.5103682053405567
98.8198819881988300 -14.4391384851237383
98.8398839883988387 11.9653999764310477
98.8598859885988759 5.0381212878309718
98.8798879887988846 31.7601947028015701
98.8998899889989218 -2.8691660144963134
98.9198919891989306 54.0926552570870314
98.9398939893989393 -1.0616772971470709
98.9598959895989765 -8.0651825081993227
98.9798979897989852 23.4829677876356975
98.9998999899990224 14.9895071378618798
99.0199019901990312 11.2817548870401581
99.0399039903990399 -0.3532880721122318
99.0599059905990771 31.6585150889885014
99.0799079907990858 16.8878206619531497
99.0999099909991230 12.3053912557989840
99.1199119911991318 5.4305611664384523
99.1399139913991405 26.8983052735498660
99.1599159915991777 34.2492905283979283
99.1799179917991864 12.1294015486046902
99.1999199919992236 7.0003684904795653
99.2199219921992324 -5.5204017415392066
99.2399239923992411 29.8781546199801298
99.2599259925992783 -12.0432609258167069
99.2799279927992870 37.9315526111545083
99.2999299929992958 15.0274285518495532
99.3199319931993330 55.1432910257022826
99.3399339933993417 22.1955217931622926
99.3599359935993789 -5.7925202982340647
99.3799379937993876 9.0084941670628780
99.3999399939993964 21.0982831279331151
99.4199419941994336 17.4624827405057985
99.4399439943994423 31.3632289846168248
99.4599459945994795 0.7838262196008969
99.4799479947994882 -28.6109785819565623
99.4999499949994970 18.4185298408199642
99.5199519951995342 7.9304043857660753
99.5399539953995429 6.6062531980624168
99.5599559955995801 29.3653275629226904
99.5799579957995888 36.2001775386326727
99.5999599959995976 -3.9267847476609887
99.6199619961996348 7.0872266880258259
99.6399639963996435 21.4793562391520041
99.6599659965996807 9.2124519007135728
99.6799679967996894 34.2182495594812508
99.6999699969996982 -14.5309009772003908
99.7199719971997354 21.8105617281603834
99.7399739973997441 34.2776528106214897
99.7599759975997813 7.9166967224648221
99.7799779977997900 14.5201403298123140
99.7999799979997988 38.4631041456360308
99.8199819981998360 40.7591895283735397
99.8399839983998447 31.5954043610869206
99.8599859985998819 38.4650086960028048
99.8799879987998906 23.6950512581649271
99.8999899989998994 -3.0863386057778754
99.9199919991999366 9.6858717503888734
99.9399939993999453 30.3248979643100185
99.9599959995999825 27.6751688472585933
99.9799979997999912 58.7386998355909782
100.0000000000000000 -7.7526716934342801
