x1,x2
-5.167932180653498353e-01,2.535869787478941095e+00
-2.330914076035317972e+00,2.697620125315688622e+00
-1.216221877525207606e+00,2.823141541765624929e+00
-1.568617845605667416e+00,4.183564660940886526e+00
-1.318659575748631019e+00,2.429927804608465802e+00
-1.253628714304908298e+00,2.784494164905449320e+00
-3.062405347483600604e+00,1.916425701958255789e+00
-2.141737502424082340e+00,1.990777910855225041e+00
-2.196119551294820837e+00,1.518607615532971078e+00
-1.352200632968701299e+00,1.029294143092287062e+00
-1.520299195612584420e+00,8.950212832156700937e-01
-9.237905238977648370e-01,-2.056522369798274852e-01
-2.310714344022238631e+00,2.251772545112083357e+00
-3.497740420369717995e+00,2.369793902093129123e+00
-1.910879343176838940e+00,2.344717620386612023e+00
-2.712156165776514527e+00,1.151375176910275799e+00
-9.054745802568788804e-01,1.747785386825886800e+00
-1.560145541592218521e+00,2.509483012777995903e+00
-7.395680079718913724e-01,1.194900775968170237e+00
-2.710456543645878735e+00,1.817659662299420109e+00
-1.411668983207034822e+00,1.076819513801514416e+00
-2.645345436734217515e+00,3.740349884232357702e+00
-2.043417764179175311e+00,1.725626473151150808e+00
-2.595180826789782014e+00,3.607763822311255808e+00
-2.875659080940908829e+00,2.578177166069638204e+00
-1.536350575161569143e+00,6.459387473935327417e-01
-3.465929672257131777e+00,3.338667724307313289e+00
-3.090267553568559755e+00,8.006003771036549477e-01
-2.134004363677355798e+00,1.959180076853039854e+00
-3.366835336178225724e+00,3.555326099435065501e+00
-3.090799280312527930e+00,2.328748326497771526e-01
-2.071609264980160958e+00,1.955677710499586386e+00
-3.128334790492308670e+00,1.685436535998184882e+00
-1.298375695224902149e+00,2.375255762441575769e+00
-2.231824333938078553e+00,3.689155977273691711e+00
-7.728678452383836994e-01,1.616061605687793001e-01
-8.695680116646904434e-01,2.746843383072660849e+00
-3.059129866061983449e+00,5.294346898660173828e-02
-1.525960764104308254e+00,1.196335359632968887e+00
-1.565188859593076298e+00,1.016791317060704358e+00
-2.804901963462508974e+00,1.151224258312733673e+00
-3.514154553479703402e+00,1.993017654684571704e+00
-1.582285256858045663e+00,2.849716324920167132e+00
-2.824572088073460829e+00,2.285206764720487449e+00
-8.858662309932143764e-01,2.777963640204565543e+00
-1.359880440352235098e+00,-6.484117976660965788e-01
-1.288760344268130353e+00,1.822235823174386482e+00
-1.026806468445857767e+00,5.482462357995425695e-01
-3.388591216165146580e+00,2.513788155933347923e+00
3.233594436704740893e-01,1.520129932788474303e+00
4.255386328253729644e-02,2.799896781623715025e+00
-2.350573144190431396e+00,2.960015360842077836e+00
-1.628000804585008510e+00,2.221163339968948325e+00
-4.888834257286729379e-01,3.072085431760957164e+00
6.777205597885904709e-02,1.641781880550908124e+00
-1.177617509955489306e+00,2.654235146822728986e+00
-1.453723519044013202e+00,2.648271639744909756e+00
-3.808859759086129948e+00,2.844211903218790471e+00
-2.463150236556467032e+00,2.442202555964345656e+00
-2.062469032939374003e+00,2.930575025276425993e+00
-3.362509622675010412e+00,2.061171280721861176e+00
-2.436664016454562542e+00,1.990095818897270608e+00
-1.440800528589245122e+00,2.753803818988033836e+00
-2.420994920874608436e+00,2.587307886605755947e+00
-2.215298803414447626e+00,1.914477358054120559e+00
-2.106561192240080427e+00,2.774749306567918516e+00
-3.263766793226060337e+00,-5.771391155756422364e-03
-1.008631171360380829e+00,3.243768109262834543e+00
-1.708877309804062605e+00,1.669031600379853764e+00
-5.508312945599878052e-01,1.769679013296155512e+00
-2.864905574531553256e-01,3.115101615242167998e+00
-2.976225066718673151e+00,1.661416136009882916e+00
-1.592211036725056594e+00,1.405264762687802538e+00
-2.432471184562586153e+00,5.736416880697821075e-01
-2.414737632569703418e-01,1.961558628829072060e+00
-2.301493463802727124e+00,3.401250507285119351e+00
-3.248040959738975442e+00,4.466566917066199238e+00
-1.996150535910491630e+00,9.211221712775186088e-01
-2.825966806958811084e+00,4.132950577907767986e+00
-1.533621634203327755e+00,1.015956132887736230e+00
-2.955423950645554854e+00,-4.062333077812820825e-01
-4.111205556780474168e+00,1.332431091208596374e+00
-3.442920147310412737e+00,4.688916300033398876e+00
-1.052902629444558258e+00,2.032241466584002509e+00
-2.237374735071627985e+00,1.882963440212359396e+00
-2.708324338067930270e+00,3.335401836241071560e+00
-1.446749037340030020e+00,3.230596153119360547e+00
-1.729580553991648673e+00,1.205371011262959202e+00
-1.069368087483054230e+00,2.353402152683571558e+00
-1.275894970486027624e+00,2.415803134840446731e+00
-2.378959591866256496e+00,8.673006835977348228e-01
-3.704459026654710385e+00,2.270280695942275884e+00
-2.209464457901032297e+00,1.111861361611000465e+00
-3.409748214477888340e+00,2.989427327112935906e+00
-3.726541724064625249e+00,8.533523570976164763e-01
-1.295127233579009829e+00,2.752405852610185555e+00
-2.262231394448614541e+00,3.131672077793186126e-01
-1.710681972117909178e+00,2.076764223297229872e+00
-1.049933417587744611e+00,2.527908195423922422e+00
-1.193467431031975501e+00,1.860338311644544884e+00
-3.049339563708246992e+00,1.718307017064065523e+00
-3.274652677020983838e-02,2.978770698345805990e+00
-9.883902558953761019e-01,3.930108674266701740e+00
-1.975036470724662596e-01,2.334791215848758483e+00
-2.795931286358310341e+00,1.567211845506162105e+00
-2.161257627079024246e+00,3.205308280563121670e+00
-2.589223271609268018e+00,3.832254931340976611e+00
-2.007724386188523447e+00,1.723754772666486357e+00
-2.421248353493041794e+00,2.362173303937073143e+00
-2.880126173460658912e+00,1.750803766293646646e+00
-2.890321944949781674e+00,9.446764471683064546e-01
-1.803246419880007778e+00,2.457221764978080980e+00
-1.036722275908351865e+00,1.588140590028704446e+00
-3.819699386445619460e+00,1.406878853809250707e+00
-1.936419275478676649e+00,2.502704853721499312e+00
-2.333721735694564092e+00,1.618538029111171506e+00
-1.414689792689700631e+00,2.001756788774139206e+00
-2.022588094825121363e+00,2.271307852199566657e+00
-5.037615888004953746e+00,1.734022715770358047e+00
-4.115820835729268268e+00,2.030795811698922648e+00
-1.317598128110202271e+00,2.055658035895103097e+00
-1.888203746821922602e+00,3.392453222186699868e+00
-2.196704265343924156e+00,2.352805334782723801e-01
-3.729002090719920837e+00,9.066885537353537305e-01
-4.063559582755858379e+00,1.279594307238478113e+00
-1.746728728407048070e+00,2.522446572140287557e+00
-2.048132997980469661e+00,2.348720804516016170e+00
-2.376932316732125017e+00,1.554973325388798955e+00
-3.115390170052148910e+00,1.762681005607195983e+00
-1.832463569965080863e+00,2.875176061723334620e+00
-2.723764782244236571e+00,2.645631837140431486e+00
-1.681518683092601663e+00,5.396367395788836951e-02
-3.266153805351710293e+00,2.710039946904159169e-01
-1.077309197386302708e+00,1.696891551815844501e+00
-1.234372549273191844e+00,6.689587527205784756e-01
-1.093882050782415849e+00,2.123815632096932582e+00
-1.118077614769585892e+00,3.702783988093683032e+00
-4.075321832526414667e+00,2.620288193910684349e+00
-1.532876783890742445e+00,1.349230673878496933e+00
-1.563384180376780286e+00,2.530214696297694132e+00
-2.114611103846190332e+00,1.399311467978984869e+00
-1.716138109401847744e+00,3.218142030457365799e+00
-3.859902484875862072e+00,1.466684923204868429e+00
-1.866058434521398635e+00,1.431077942185541740e+00
-2.024444711366673921e+00,1.996676080233254602e+00
-1.956321990005721601e+00,1.478008426395233776e+00
-2.021478942384475896e+00,1.090907812732011983e+00
-1.837053508325289908e+00,2.741338971418746162e+00
-1.537851873208490705e+00,2.282296477420540537e+00
-1.706662243647808941e+00,2.219819310578824645e+00
-1.796769483527985933e+00,2.737967443335642681e+00
-3.983673718039767220e+00,2.396105040998024904e+00
-8.370733906345275699e-01,4.023024773935055975e+00
-1.308854440282660292e+00,2.291492039178984363e+00
-2.240241118911355134e+00,2.231371604062091230e+00
-2.771125772492772477e+00,2.634673976777505811e+00
-1.113797833640201684e+00,1.350165007661643601e+00
-2.852985683775124404e+00,1.700302170452633543e+00
-2.350406822565475284e+00,1.403644563696721637e+00
-2.324146205156739420e+00,3.910450691190621164e+00
-1.741075455302963926e+00,1.523146543481363357e+00
-1.024143874402110743e+00,2.422283304335285603e+00
-2.980548706996202668e+00,3.270548833286873958e+00
-2.612674954218346279e+00,1.273571700085817548e+00
-1.997574902670983699e+00,4.189258697532870279e+00
-3.165136658898723976e+00,2.206970386496206249e+00
-2.808326612864784799e+00,1.595570901200159764e+00
-1.609954101455625564e+00,1.385963211977832454e+00
-3.056508665206342457e+00,3.292390676763174540e+00
-1.982315699553201416e+00,6.063199478579399671e-01
-2.834867932246947220e-01,9.802992603005604710e-01
-1.283249329415020012e+00,2.690502682217178254e+00
-2.556745520022419615e+00,3.920702941505684436e+00
-1.436021866923345769e+00,2.402626862070778468e+00
-1.110898972169264365e+00,2.629103648076077882e+00
-1.013584536893500587e+00,1.834268238843869803e+00
-1.302491947991599286e+00,3.137725873994272607e+00
-2.167086744010142230e+00,2.261503401183924566e+00
-3.914564539052967973e+00,3.272691064354777524e+00
-2.109803759367095299e+00,5.270736259731343409e-01
-1.878043864771963278e+00,2.727146355381382392e+00
-1.658819757842566744e+00,3.095449638139640580e+00
-2.201493925209595748e+00,2.117202930928688165e+00
-1.599181430351366728e+00,1.998226981692776683e+00
-2.418114101203673538e+00,1.359426769045533723e+00
-1.951426831774420778e+00,2.139969469561370907e+00
-1.724388513412406176e+00,1.511335921057865184e+00
-2.810741644902246428e+00,1.672619262090624170e+00
-3.077227897023409930e+00,1.114300728245399164e+00
-2.242262731707189705e+00,3.195087515498767683e+00
-1.565743317250688271e+00,1.603675560014834245e+00
-1.910544260304677611e+00,1.581044656224837031e+00
-2.169778885408319535e+00,2.033045333366160889e+00
-5.178051858978371946e-01,1.921435678299268313e+00
-1.485106268513442851e+00,1.553676165978428170e+00
-1.536077768377471564e+00,2.055516874696503571e+00
-3.563762858142196510e+00,4.255702755766870293e-01
-1.820031132293910447e+00,2.700289343032113987e+00
-1.713558012571340106e+00,1.879898401743197445e+00
-1.006413608091552447e+00,2.777427547172087507e+00
-2.554198082462297847e-01,8.281008504374964829e-01
-3.479295059412595315e+00,2.989393139785737397e+00
-3.911789943272176995e+00,1.813487014176576650e+00
-3.126231407563204279e+00,4.987476251249236547e-01
-1.634323400529805514e+00,2.787605121626422378e+00
-1.115501761122473567e+00,2.595660685398661016e+00
-2.294011739625092972e+00,5.105857510760687390e-01
-3.608093597573858613e+00,1.738674009516284258e+00
-2.836317258580198342e+00,1.853228050473414212e+00
-1.218698888746807540e+00,3.287810346102308934e+00
-2.675993569504438341e+00,3.378809868116522175e+00
-1.852721527551194125e+00,3.073736902114175606e+00
-2.296152484168191954e+00,2.847585482517463795e+00
-1.728256540959652865e+00,7.015312337991281844e-01
-2.435384166740803380e+00,1.869778233414532087e+00
-2.817505892744477602e+00,1.538816425056321213e+00
-2.476534268687097473e+00,3.416256363901215565e+00
-2.766746332857065394e+00,1.669299057139642883e+00
-2.596001384539957435e+00,1.621056707925864648e+00
-1.878370705166641397e+00,4.376138534894693510e-01
-3.933117609371941104e-01,6.475553354220631164e-01
-2.945705345492626304e+00,2.408759296726575183e+00
-4.009595978531560689e+00,3.320402914921979587e+00
-1.950024929740069135e+00,1.390259450214859527e+00
-2.818042256458568318e+00,3.182551695659308066e-02
-2.778756158798593834e+00,8.713040970488632464e-01
-4.051114233148174204e-01,2.986205792847544060e+00
-3.874871950121604680e+00,1.439153803013541788e+00
-2.494216102236401778e+00,3.887327647430983912e+00
-2.138574595198222461e+00,1.198473112749584235e+00
-1.943458907379388645e+00,3.635233491459792798e+00
-2.948173049967042214e+00,1.722153000589406124e+00
-7.834549507495738307e-01,-5.179585208544703612e-01
-1.379780845591482397e+00,2.743951466505720749e+00
-1.648518077749128841e+00,1.689597455440250862e+00
-2.460394159857428154e+00,1.326073549674141150e+00
9.751227718712103254e-01,1.774993638843840094e+00
-8.268065096113950130e-01,1.006029502232937523e+00
-8.574487234928109824e-01,-1.013207355385783437e-01
-2.118867291612731574e+00,3.335841641066568108e+00
-3.282214100064433815e+00,4.201109977107020832e+00
-4.427011617004135147e-01,1.234062877783665080e+00
-2.424768374972199325e+00,1.637349678509803841e+00
-2.655207503400649927e+00,1.730797577990587754e+00
-2.682541141676736629e+00,4.574088070530701877e-01
-4.564169773002200614e+00,1.324650036550573340e+00
-3.287354079845627552e+00,2.001983915419112137e+00
-2.637771281646321242e+00,1.965908597721937268e+00
-3.115200624699611787e+00,2.567229595882470239e+00
-3.439866639874787246e+00,4.817480527924478118e-02
-2.982581252335784416e+00,2.259146066661203989e+00
-4.858627322239377211e-01,5.105006352668661762e-01
-2.100144163632718719e+00,3.552177243010707031e+00
-1.778703616107730756e+00,3.454948187426197137e+00
-1.147580587647939021e+00,3.857231519726477487e+00
-2.039083460775312773e+00,7.940074089612163544e-01
-4.005483679316695245e+00,1.825312090672756016e+00
-1.585968354729886176e+00,2.649152715958938309e+00
-1.042487949875255504e+00,7.651402166198013610e-01
-1.580835401634766324e+00,3.519886150489585752e+00
-6.072428849300535170e-01,2.777119348409294197e+00
-1.850277902927911944e+00,2.124620432038208051e+00
-1.115260516424487314e+00,2.459424291840206944e+00
-3.410099574746466189e+00,1.211468840959463833e+00
-1.348151214002490716e+00,2.385422769531578613e+00
-2.825852923011785478e+00,4.003033321718096005e+00
-1.576533926041597145e+00,1.848395458889740439e+00
-1.215843146993341506e+00,8.045121196782538675e-01
-2.975078877338960481e+00,1.570768019912432756e+00
-1.696846618278079033e+00,2.594482450998536027e+00
-2.480496239475974640e+00,1.072864688958209189e+00
-1.732145290889741895e+00,2.476333601288644104e+00
-7.025814423014975496e-01,1.357756277542564227e+00
-1.596041331589779899e+00,2.131058755143512062e+00
-1.378545206532171719e+00,3.707695277452800031e+00
-1.351079655608570240e+00,2.818081617813651185e+00
-1.812363558405689190e+00,1.030372766520059713e+00
-2.843550067279651650e+00,3.418906393849266756e+00
-1.599825057065539902e+00,2.428477821973668238e+00
-3.132356483879622733e+00,6.714910905562838650e-01
-2.916567236145279907e-01,2.165031906506486692e+00
-9.491891069614943888e-02,2.998278823212484845e+00
-4.635170929635716419e+00,4.052709234198343502e+00
-2.466892505702491523e-01,1.652923977275715162e+00
-1.371593199903408777e+00,1.745614604441137363e+00
-1.287492424432463700e+00,1.409556535528214027e+00
-2.199350091200483970e+00,2.412620301727230743e+00
5.302035300388152628e-01,1.565785027327070811e+00
-1.915083678489559738e-01,3.573050422782722002e-01
-2.932428378830227444e+00,1.379638868735311164e+00
-8.799950159747287337e-01,1.384922618361438929e+00
-1.300892948773087365e+00,3.045072643288787795e+00
-2.295353323643182897e+00,1.458128357351941018e+00
-1.292754878696369403e+00,2.432794943655913311e+00
-1.095909756778453037e+00,2.228999844357931970e+00
-2.790216068386989878e+00,-9.573212450472379231e-02
-3.041036591173174486e+00,1.816714094797000856e+00
-3.422411019566935941e+00,2.301063822133092351e+00
-2.185668595558596383e+00,1.130504828281105212e+00
-2.190998222602649648e+00,2.200754628257313161e+00
-1.295379210508370793e+00,3.442904190464002312e-01
-2.100324125416429322e+00,2.292769744499628448e+00
-2.737623045190554105e+00,1.031790562164885294e+00
-5.479841057478553878e-01,8.323230151444203084e-01
-1.913250155088959348e+00,2.297910444636875660e+00
-1.286037219451662938e+00,7.224261446660049657e-01
-4.861474011730657629e-01,1.564735248276872603e+00
-2.111420879458789646e+00,4.126678731347437790e+00
-1.681892535960909818e+00,2.023969033187215771e+00
-2.877406640937432147e+00,3.337847798598617466e+00
-1.192894274125559040e+00,2.955024426714931707e+00
-2.981775941737956348e-01,3.303112097418151372e+00
-2.285423594957764148e+00,2.379001582971008499e+00
-2.026735294984930214e+00,2.657765399555963359e+00
-1.131876544422993014e+00,2.760915638273656825e+00
-2.545955430042895262e+00,5.145249654088837055e-01
-3.630354406403025536e+00,1.162018985245345970e+00
-4.268855609166429588e+00,2.222317467372201705e+00
-2.237414299778762050e+00,1.302062119931610473e+00
-1.498446098400932680e+00,2.077671427887974875e+00
-1.765703049045235895e+00,8.967559619011946648e-01
-2.324350809039013477e+00,2.358610211719998517e+00
-2.509380864148490708e+00,2.505209385454174598e+00
-1.205852050954278276e+00,2.559080975598769570e+00
-6.703803987469636461e-01,1.287846408551822641e-01
-7.952471180142817175e-01,2.480973226913647078e+00
-2.503779481951851960e+00,4.589247447577625039e+00
-1.609415815470788935e+00,8.858760899289797042e-01
-1.906768167539552694e+00,2.610852592467203692e+00
-2.276730442896240714e+00,8.582967626215856072e-01
-1.556407009055982726e+00,3.183254897144875972e+00
-7.374558045198100764e-01,2.338190727833545424e+00
-2.441974142042303342e+00,1.154081188255625667e+00
-1.409327444482284086e+00,2.814520757678548257e+00
-1.500460634566690210e+00,1.893214587365906754e+00
-1.147820735585589613e+00,2.070523404052665661e+00
-3.072126253803584728e+00,2.213371230738878204e+00
-1.987048519798225499e+00,1.077018630857194070e+00
-6.442726279228223607e-01,1.751304516495447050e+00
-1.281120918913055906e+00,2.148353599356163990e+00
-1.820010196028157612e+00,1.667031711261528493e+00
-2.176737822268210554e+00,2.626014722610904961e+00
-1.383272076934268124e+00,3.033619637218026632e+00
-2.806874958437627576e+00,2.781665079602718915e+00
-3.017019711192914677e+00,9.754255541250120842e-01
-1.068766132472894315e+00,2.966960557601656667e+00
-1.768505464912461633e+00,1.260614606287775885e+00
-1.946227659490945339e+00,8.714770304523606903e-01
-2.555632595975838584e+00,1.357203121551683545e+00
-1.854938045815120784e+00,3.459211898878333358e+00
-1.457175787294968217e+00,1.058299808571426581e+00
-2.846624540971479878e+00,4.585935587075598896e+00
-1.616443416500081165e+00,1.575179778616164539e+00
-2.033111330103879677e+00,1.180029157651161231e+00
-7.750580519255110268e-01,1.573050088019607218e+00
-1.411814480025248564e+00,2.658891651482188312e+00
-1.772931101300525780e+00,3.375215601814945732e+00
-3.112779685747651737e+00,3.616788011543377035e-01
-1.718443164127213540e+00,1.244867449742302234e+00
-2.125404200074173744e+00,1.171879263279517636e+00
-1.330649594250249201e+00,8.742176965567127755e-01
-2.860179232799027194e-01,2.483353891555178272e+00
-1.827622115632096866e+00,1.806706654513192678e+00
-1.491073333651664612e+00,2.681826700723047630e+00
-3.186160377144279465e+00,3.540281262017115793e+00
-1.971818014221317084e+00,1.693857528388542866e+00
-4.454785309241257707e+00,1.416940577265909162e+00
-2.660759868817321738e+00,4.129749316359438538e+00
-3.088437572722663838e+00,2.263772898803118938e+00
-2.957834267497859493e+00,1.841656518003828680e+00
-3.256076512884081176e+00,2.622167969451149716e+00
-6.636525462905851214e-02,3.185416027141064088e+00
-2.187587067966092480e-01,4.424966816091494337e+00
-3.166806078987613127e+00,1.905520382505738519e+00
-2.444082173259088275e+00,2.354175591000871925e+00
-3.374703048365406133e+00,9.486556387995814799e-01
-1.174971970960354550e+00,1.130948216962721631e+00
-3.709351026120940809e+00,1.296945171698209442e+00
-2.480958324057294107e+00,4.092221562202498220e+00
-2.084593188745224257e+00,7.568352837303342628e-01
-2.144854536154057634e+00,1.680446263765622117e+00
-3.536653594146471846e+00,2.478734196962995462e+00
-1.086956902150837401e-01,-9.118430799554788635e-02
-2.832151927382455803e-01,1.104859857262942668e+00
-6.581561523402819081e-01,1.648703583192749011e+00
-1.017219717524652900e+00,7.626397316662998360e-01
-9.023329475169037384e-01,3.685410411110739304e+00
-3.323437808436088492e+00,1.624961789463754691e+00
-5.523830414013783940e-01,2.826635731214242497e+00
-1.752490369286960226e+00,2.585254739156732207e+00
-3.068277832627660295e+00,4.049748501703080983e-01
-3.714206155924992814e-02,3.089050291701350925e+00
-4.247624532394887353e+00,2.691336326024843739e+00
-1.794513485231793659e+00,5.214830332143551850e-01
-1.672272156058930648e+00,1.739629823454242219e+00
-1.465010808271817622e+00,1.638454054208355215e+00
-1.171050293474245052e+00,2.652297602181172387e+00
-1.992847735928264363e+00,3.150197464842541706e+00
-1.903746083269250100e+00,3.095770992073621386e+00
-5.763976225533331554e-01,1.228519587770200427e+00
-2.492631717294134130e+00,5.804189088980866718e-01
-1.104252912020173394e+00,1.776588173464056064e+00
-2.015654260397621300e+00,2.091632183615475871e+00
-3.026479348700217731e+00,2.820316816223415124e+00
-2.167987596760614366e+00,1.952681838096563594e+00
-2.082925060999584854e+00,1.379341433130206296e+00
-2.503861637291986852e+00,1.252689055077116587e+00
-2.993341740406427309e+00,1.803097108086142430e+00
-2.853281838230469436e+00,1.470980866993482294e+00
-8.872768302788525130e-01,1.279412132370006505e+00
-1.007702485540239667e+00,3.115535574695328158e+00
-2.355504770864396580e+00,3.393128351086412309e+00
-3.097043711324465320e+00,6.443467739797983374e-01
-1.680628016795262525e+00,3.177887493646839978e+00
-2.872202744208184111e+00,1.144538847855098407e+00
-2.309779653753016859e+00,9.433834957294544576e-01
-9.463415703689532776e-01,3.288808492857059562e+00
-2.732004476674958049e+00,2.954867231655550874e+00
-9.671723609730276117e-01,1.223679768224279929e+00
-8.695317937641018347e-01,4.111260943602436768e+00
-3.258780380529111564e+00,1.075622690987259045e+00
-4.187720265979388845e-01,2.470535960018489074e+00
-1.906594392116208958e+00,1.060075879555901990e+00
-3.251878768638550632e+00,1.069193984433532973e+00
-2.325434833123241063e+00,1.048533661235975467e+00
-1.672411312443859543e+00,1.527892123300203631e+00
-1.752859668630673440e+00,2.163439580445136734e-02
-1.971720773463225385e+00,1.462807485690159837e+00
-3.124345334072769376e+00,1.474364636166412001e+00
-2.162358079607114458e+00,1.478758843474799356e+00
-2.187288919885066907e+00,2.120741560855968988e+00
-2.732142832123810816e+00,9.264145934231278190e-01
-4.518444745334235790e-01,2.147958698614085726e+00
-2.401520758906598996e+00,2.347733612593672525e+00
-2.104196752682320870e+00,1.837815308857745134e+00
-3.186667872679420199e+00,2.888650963342784372e+00
-3.870082889411649685e+00,2.796443464725117956e+00
-2.088156916377658767e+00,2.939106383373093045e+00
6.393944901147121662e-01,3.291994848923261774e+00
-2.204874374712119334e+00,1.423953567043561019e+00
-2.259312415702270371e+00,1.464033589607190988e+00
-2.159828474659202246e+00,1.108888001542494894e+00
-9.817067355765325409e-01,3.074298490503933223e+00
-1.592228220826435114e+00,2.458272136420922127e+00
-8.264189730673769940e-01,3.005433460846939298e+00
-6.607537156777589793e-01,2.905509079123549387e+00
-4.168847156604368109e+00,2.318309867732253338e+00
-1.357313684733137737e+00,1.719189674510694932e+00
-2.443834052181524719e+00,1.664846369141030902e+00
-1.053558710725731817e+00,1.137211797075003528e+00
-2.101885272498317025e+00,9.731495546307906697e-01
-4.295390251817590155e-01,1.449539260758870407e+00
-8.154744018836623809e-01,2.549968754397045068e+00
-1.983876750086428054e+00,1.751607943748173746e+00
-1.176027614368922336e+00,1.270084811171799943e+00
-1.824716572295508543e+00,2.438902934698754965e+00
-1.068634755907747369e+00,2.857284879870164218e+00
-2.423862650125326201e+00,3.621338553912080371e+00
-2.125205668137859050e+00,1.281126526476354721e+00
1.324347016188052173e+00,2.176821336765343062e+00
-2.874367993346259809e+00,2.085283235283434511e+00
-2.224551610929540235e+00,1.779706416745626019e+00
-1.301818488071698088e+00,2.929760333447239518e+00
-1.781125315554846544e+00,1.657180278539612583e+00
-3.023192727739315355e+00,1.813911873036774036e+00
-2.511271650151432056e+00,2.002716093109481843e+00
-1.232414330774370015e+00,2.028142605059740866e+00
-2.093003485609086223e+00,1.984372740943224800e+00
-3.630297916276544967e+00,1.966024249979551719e+00
-1.165836798336845614e+00,6.940142669803106568e-01
-5.819199170805595678e-01,2.413963760994050300e+00
-1.065689736255091447e+00,2.663904831144961349e+00
-1.839991096201150755e+00,1.256529000210826474e+00
-1.960028917691134076e+00,1.558793120557979472e+00
-2.137667479921281366e+00,2.485024047979339290e+00
-3.999928893759505666e-01,3.814796447219634956e+00
-1.491792331937418670e+00,3.587982648503670102e+00
-1.721915145892537247e+00,7.978627754436207198e-01
-3.408532733119595814e-01,2.119939778025315302e+00
-2.427693041885982783e+00,1.115007791174828400e+00
-1.310141163052818580e+00,2.080438765893898090e+00
1.907662899955031577e-03,2.130032901306993409e+00
-2.911438847684586939e+00,2.657110336972540399e+00
-9.939545108935263773e-01,2.235594139249528656e+00
-7.554635279268460124e-01,2.724952237736212091e+00
-2.764231254575540753e+00,1.858990898811176740e+00
-4.665690467067780123e-01,1.012301950383851512e+00
-2.056950157249548550e+00,3.340512397781523646e+00
-1.673734533202309249e+00,3.345918845350499105e+00
-2.023536573044358633e+00,2.417754153066590472e+00
-1.668921103281781892e+00,1.372965530377523002e+00
-2.061256077768439443e+00,2.439645796418146606e+00
-1.747840677228420514e+00,7.841339672815021977e-01
-6.266707042813401962e-01,1.061274612641210702e+00
-2.387548180705610701e+00,1.400462947670995995e+00
-2.106546127713383676e+00,2.828234837047942651e+00
-1.021183223994215128e+00,3.047945782692647043e+00
-8.092755391981167890e-01,2.788407516376747886e+00
-1.638707077301149617e+00,1.651291666465288355e+00
-1.517621894556381301e+00,2.297356675314889962e+00
-1.361782134978652747e+00,2.592836102958531619e+00
-1.198010076195530793e+00,9.789177097288428442e-01
-1.659653256791833842e+00,4.187033286533537790e+00
-1.000090176263687569e+00,1.756501904590447749e+00
-2.185449147270181136e+00,1.848054628773614150e+00
-1.994524723098526575e+00,1.028258037517005841e+00
-2.218517048306076322e+00,2.043062577308392580e+00
-1.123590094457883604e+00,1.058800929876358321e+00
-1.251918392984816109e+00,1.909256075954974818e+00
-3.143579866984374416e+00,1.900686446023008402e+00
-1.056848518008978832e+00,8.856483242968380409e-01
-2.406284169385507266e+00,6.307272465724238497e-01
-1.209273059735689770e+00,2.916371199145927573e+00
-2.449930859454350518e+00,2.144884075771610998e+00
-5.002978189503504147e-01,2.490090065310417877e+00
-3.711235339429713509e+00,1.766068232625957357e+00
-2.335764574652179792e+00,1.009702891917392709e+00
-1.423593362066043255e+00,2.144543050627730096e+00
-2.925409148908587831e+00,1.432401783936096962e+00
-7.258723495631758116e-01,3.109403358724538435e+00
-3.635410061792290648e+00,3.042935783516711457e+00
-2.739315361269004434e+00,1.924611749777659142e+00
-3.070917625751687474e+00,2.456266615673250886e+00
-1.779222558325189052e+00,2.051315586963364801e+00
-5.202849880469309074e-01,2.363889836206909401e-01
-3.672705784874161328e+00,1.915125999751125851e+00
-1.138438296398487815e+00,1.367285597218838689e+00
-2.006396702674963617e+00,1.696391802296652429e+00
-2.937313539153776354e+00,2.079912901803601777e+00
-2.345107140736364393e+00,1.440843314892033433e+00
-2.352231032426925772e+00,1.505565385418902169e+00
-2.034118179785946445e+00,2.230498243216245235e+00
-7.750010600285890394e-01,1.217450896799572746e+00
-3.426833576848874241e+00,1.958120450411624747e+00
-2.090585051940252903e+00,1.309188021439125382e+00
-1.477538038480361582e+00,8.354561864338450050e-01
-3.812068565286659272e-01,1.310486059876929898e+00
-1.737507444191114026e+00,2.583590758363494722e+00
-2.304084231192423893e+00,2.492692180671525204e+00
-1.439705946993914853e+00,2.101567657184089111e+00
-3.126005737365253445e+00,2.922678103312806641e+00
-2.742404481200651389e+00,3.367315531275216767e+00
-1.112068702128309994e+00,2.565310116894795378e+00
-1.935874916232834586e+00,2.885721329557717763e+00
-4.798439160508782830e-01,5.687319710326583788e-01
-1.430722110078544329e+00,4.888153943486681641e+00
-9.959045626847133903e-01,1.689024645831426863e+00
-3.312821689707154071e+00,1.303212403176833956e+00
-3.125928203876756406e+00,2.069395487302621017e+00
-2.772773714950542256e+00,1.803417602474060022e+00
-3.717876080640836634e+00,1.734191470539194757e+00
-1.512665903825708202e+00,1.519278017571404904e+00
-1.350176708020164540e+00,8.622780115554333769e-01
-1.368316190678456223e+00,2.510349401240628886e+00
-4.655367163254322094e+00,3.865639126074918774e+00
-3.023238675291914923e+00,8.536199704827713841e-01
-1.461749724822809515e+00,1.149017914351134984e+00
-2.589215204653739999e+00,1.861655132696082404e+00
-1.856631500360070852e+00,1.115167657770049559e+00
-2.918049923692796810e+00,3.324703533583166060e+00
-1.872480459818421483e+00,4.696996333464058537e+00
-1.620290725684137234e+00,1.712159042554359134e+00
-1.473256052654283499e+00,1.985296960730277505e+00
-4.773025084963387954e+00,2.526657304598722398e+00
-4.886213601563095921e+00,3.634771883938589188e+00
-9.654501186527089107e-01,1.980734135931348616e+00
-2.127039685564986460e+00,1.979730677593708688e+00
-2.304358019454626039e+00,1.538057999762886929e+00
-2.878931502752449134e+00,2.392454901950588297e+00
-2.261361577911535470e+00,1.839628077731609190e+00
-2.348171976123217153e+00,2.162142485294867633e+00
-1.842983900680940090e+00,1.302666491115672676e+00
-2.975565229265410228e+00,2.863810648906003120e+00
-2.659063595730160490e+00,4.187731901462100836e+00
-3.798990695895993586e+00,1.840468800098578717e+00
-3.416950134201326428e+00,1.665746697785191577e+00
3.387906771117221716e-01,2.281458560629616716e+00
-5.006188278293972616e+00,1.528002474943938038e+00
-3.867032892614624018e+00,1.443734486520599880e+00
-2.768185900486152207e+00,1.746623211127370734e+00
-1.552936299311940438e+00,1.747920606775806185e+00
-1.456343384542422514e+00,1.965893147241636107e+00
-3.155286469267206684e+00,2.633960230881925213e+00
-2.855719362769856495e+00,2.919888294338714996e+00
-3.620444310662815468e+00,2.326999552668339799e+00
-2.126710933220740340e+00,3.087437841065251654e+00
-1.273314492814802801e+00,1.704547370900886039e+00
-3.077575394338292192e+00,3.102118270582824078e+00
-2.204461426133431434e+00,2.035909184278994921e+00
-1.480120293755735617e+00,4.636073426690681121e-01
-2.625097267050205740e+00,2.115769478489904376e+00
-2.054322428666260247e+00,1.941344681014443463e+00
-1.534665431275909375e+00,7.206571031807087468e-01
-2.768847312791612225e+00,5.734659977149814125e-01
-2.864436133643427418e+00,2.066047893911355349e+00
-1.733258230552994883e+00,3.025832126148890744e+00
-3.528014853602306822e+00,1.398217223803155385e-01
-1.590661888792132661e+00,2.186057516512732501e+00
-1.714584781077162390e+00,1.488457879844558462e+00
-8.942431526478298309e-01,3.029647164199797515e+00
-1.614490784782780741e+00,2.036004812928772445e+00
-3.091474908836537416e+00,4.066196037307394207e+00
-1.597141244744397337e+00,3.328569405533802872e+00
-1.475290355022135458e+00,2.402919402832583540e+00
-2.173232116290621185e+00,3.356495174006812299e+00
-1.704771123395715904e+00,1.468546961368184078e+00
-2.982917619181401747e+00,1.761435133554540400e+00
2.321471775767633972e-01,1.911532550071931569e+00
-1.016785340243211877e+00,1.929966216744391838e+00
-2.570165482713675953e+00,-2.318456123755980869e-01
-7.147576334374592388e-01,4.735033902045469922e+00
-1.567307321867458247e+00,1.124833404849613583e+00
-3.384108090721090090e+00,3.235345856313987412e+00
-2.419529591019910164e+00,3.159114135321870798e+00
-2.230280294704445332e+00,6.848107163753258675e-01
-2.532742914087013464e+00,8.883054270435921662e-01
-2.198209945652718211e+00,3.542381150268638645e+00
-2.064720773534715281e+00,3.746793022789109529e+00
-9.728135849758261511e-01,7.764132500510370072e-01
-1.050780095203705633e+00,8.795429578918845248e-01
-8.676166406230088057e-01,3.350145713439281359e+00
-2.867853009217293803e+00,3.025669700822236408e+00
-1.087362108635338220e+00,9.150349463616431755e-01
-1.780438355226899416e+00,1.824722177769771303e+00
-1.466825149369950232e+00,2.211620554299208674e+00
-2.903066792455065936e+00,1.799308387555224265e+00
-1.996193235720326253e+00,2.261773848940592302e+00
-1.743295473212525426e+00,-7.324801374636980000e-01
-9.674991273308877204e-01,1.940420689341206595e+00
-1.901737923557213605e+00,2.600446528799780666e+00
-1.229119593913919228e+00,1.590905534693227263e+00
-3.435607486969614044e+00,2.702635902881397101e+00
-2.570130430917191511e+00,2.792134546551750862e+00
-1.880048422205437664e+00,2.106581514182389370e+00
-3.255412254873636613e+00,9.874851550666736699e-01
-9.991860435446489053e-01,2.630850193289190120e+00
-1.497269566371461469e+00,2.073157898756681217e+00
-3.411431648696647390e+00,2.663988160276326678e+00
-1.445111598364342331e+00,1.564369926877178685e+00
-2.365586823307966657e+00,3.394394802123898991e-01
1.322513299516718810e-01,1.231897582098573141e+00
-9.693744680691522841e-01,2.421801055021090221e+00
-2.951133067088915318e+00,2.139617213459492184e+00
-3.729626588938301790e-01,2.247901763861623436e+00
-3.361187750004184238e-01,3.347979116029816460e+00
-1.506680599385410879e+00,3.039042276923387575e+00
-4.646018113682444550e+00,2.051834263202004127e+00
-1.522009651487381321e+00,2.901080640740975269e+00
-1.445354370408979072e+00,2.214090009808605153e+00
-4.523411824995930530e+00,2.177001072527214198e+00
-2.927033024504447134e+00,2.106774574479623574e+00
-3.878967342878645308e-01,3.325263485302925037e-01
-2.522092353949856758e+00,2.014201324183562569e+00
-2.487833336439886356e+00,1.051292222624942596e+00
-3.470693482148713649e+00,2.378208866649433872e+00
-2.154292989150535576e+00,1.128508544817313552e+00
-1.640111718772792493e+00,2.016987523580847430e+00
-1.416820705910524891e+00,1.322476315354870202e+00
-4.351239371409552525e+00,1.240645143925533045e+00
-1.669137831769728297e+00,9.852435021696390738e-01
-1.083336603733338954e+00,2.532274047127426098e+00
-1.123460881690262259e+00,3.271741747394424582e+00
-5.736896160929430000e-01,2.895708637163522781e+00
-1.647486267038799079e+00,1.608388016765765594e+00
-1.625889936673513780e+00,3.693888677170740653e+00
-1.694940843208337489e+00,9.625253801226518746e-01
-2.114241313758530083e+00,7.953332681536484650e-01
-2.084396066870896735e+00,2.099848905997235171e+00
-1.800420293822054818e+00,3.958041750663751746e+00
-2.051164791774847895e+00,3.803675607702763806e+00
-1.664797768539610479e+00,1.222888131736010520e+00
-1.407627591891889907e+00,2.113512183402995959e+00
-2.939450076792910149e+00,8.336370009171889528e-01
-3.612563510575024228e+00,7.897193278255068005e-01
-1.676481249237014026e-01,1.402846762254935875e+00
-6.352814951244394326e-01,1.210072453656493963e+00
-3.517942868905003628e+00,1.604275148480242219e+00
-2.997113486723286258e-01,1.883204472468552160e+00
-1.265463153578718192e+00,2.804726391212745362e+00
-2.054594490049422184e+00,1.653176497704998305e+00
-3.207262672717202001e+00,2.783825499324658725e+00
-2.488840266890019137e+00,3.122931390033380161e+00
-2.283811203387140054e+00,1.470449576965752625e+00
-2.988691117838330413e+00,2.990842286623271562e+00
-2.899803382546235930e+00,3.825185555571351426e+00
-1.507399765363796496e+00,2.563520178702172636e+00
-2.126021696395338001e+00,1.757257406102616271e+00
-1.642871511380514349e+00,3.438730528194624103e+00
-2.238772533451188984e+00,2.662232767803085931e+00
-2.373496865924146437e+00,2.772103503731417895e+00
-1.670468686649907220e+00,2.904250256180682221e+00
-1.504690136003184797e+00,4.988118426310419462e-01
-2.651235608953978140e+00,-3.887220422056802960e-02
-2.874369154465849174e+00,2.265485986634070414e-01
-3.356122301505116479e+00,3.252521891955294731e+00
-1.905002687159983443e+00,-1.659535133698271103e-01
-2.221386151277244370e+00,3.631284860427448358e+00
-3.686226231394637232e+00,-9.563169938425497563e-02
-2.612237659437210979e+00,2.726785447482455549e+00
-2.024914311139551337e+00,2.108142645687473671e+00
-1.657606979752785037e+00,1.499099506087820499e+00
-1.886309966933085835e+00,3.777048977755443460e+00
-2.011545306664839661e+00,3.201762711791699356e+00
-3.000275072121087128e+00,2.223719870466291049e+00
-3.022967659093046766e+00,2.835350275656594476e+00
-2.848022567018017259e+00,3.043156395860133756e+00
-1.669922023259540422e+00,2.825025439011426442e+00
-1.530429495552039887e+00,3.151210936406671159e+00
-3.835145420481829159e+00,5.302593229968550759e-01
-1.503532633321824186e+00,1.991800390975101642e+00
2.186980119800474576e-01,3.036355341687429821e+00
-1.194956396231604323e+00,2.320327237335831683e+00
-2.691235459939742114e+00,1.757541351733307167e+00
-2.509603633312536441e+00,2.206824002301364107e+00
-2.205953214520194550e+00,2.806992963476293124e+00
-1.786622516913364933e+00,2.960328145475076056e+00
-1.438078620418548503e+00,1.680451980500475617e+00
-4.313473927035633704e-01,3.048418771566643315e+00
-3.443991589085114047e+00,1.038800429659962887e-01
-2.911470895820867710e+00,3.555077958369535107e+00
-2.528370321952400523e+00,3.692727567620719853e+00
-5.560550426537083091e-01,2.520671298591185217e+00
-1.357604025121243119e+00,1.984645573308425837e+00
-2.691535684708314058e+00,3.382924687518549689e+00
-2.472866911039285576e+00,2.944121896927390569e+00
-1.304178613408171428e+00,8.447812776269203461e-01
-3.235852501160889627e+00,2.235110668042202597e+00
-2.333275027088958176e+00,2.143325805984379162e+00
-2.312684302634005817e+00,2.384824784879617354e+00
-3.588600085035651421e+00,8.471389759601644087e-01
-1.540916114813743132e+00,2.253950775257142158e+00
-1.232838253509723980e+00,3.554564477980618253e+00
-1.169088963314348195e+00,2.062386721447818871e+00
-2.356427825161964584e+00,3.101455488464913035e+00
-1.799372135443712217e+00,1.137875289226972342e+00
-3.636176363178902804e+00,1.737041580004004215e+00
-2.488238993616584960e+00,2.248070289946333400e+00
-2.648067038459432254e+00,-8.147057776319779343e-01
-4.704230060904841526e-01,3.250264884370055896e+00
-1.902600295786502471e+00,1.942171764370471454e+00
-3.003037502113511614e+00,1.900903847390136514e+00
1.176719581697626360e+00,7.461157003097895757e-01
-6.559974597463777979e-01,2.655115060583824516e+00
-4.405035761848612452e+00,2.943180771711964017e+00
-1.369356198684684278e+00,5.884769449361957339e-01
-2.025057373579598696e+00,2.478867525333009247e+00
-1.736064901464182020e+00,1.167089797856336375e+00
-3.417650928716857273e+00,1.526564961935056308e+00
-3.599018192593684162e+00,2.983970426368151241e+00
-1.031190255059760918e+00,2.111604220026331635e+00
-2.827113029972379010e+00,2.378661092722635040e+00
-4.353466609715370694e+00,1.730393846706356653e+00
-1.861824341312879660e+00,-3.406149305426398044e-02
-3.355323371887131145e+00,1.652390596689978342e+00
-3.181539736339769053e-01,1.994995094106581490e+00
-2.217462210727735528e+00,2.125034670970397332e+00
-2.144196680090077578e+00,3.097807803360630885e+00
-2.409002725500100972e+00,2.160584979459334587e+00
-2.599510354508740129e+00,-1.355313888465468075e-01
-8.798594080900228320e-01,2.263254704563951059e+00
-1.329225196034220513e+00,1.357769961854552676e+00
-6.288165319802141440e-01,2.925618771006804231e+00
-1.369182424091017092e+00,1.996761840617092831e+00
-2.618808576813393962e+00,2.801320177199005279e+00
-1.221415699641676733e+00,4.348942462901250749e+00
-2.113926905075630192e+00,2.274145578647341015e+00
-2.712347891674494527e+00,3.856823608092442957e+00
-2.067890938530823064e+00,2.034599154572767077e+00
-3.861556203464797665e-01,3.139506890935806815e+00
-3.306281015431371095e+00,1.946008202031809020e+00
-1.462190116257940709e+00,2.871029467451394535e+00
-2.230553181745431601e+00,1.500875759882551286e+00
-2.606572397120803242e-01,2.402602884676764639e+00
-2.299148404480046093e+00,1.447387631358584503e+00
-3.235043721212429446e-01,1.592262245864521919e-01
-9.550642697236770839e-01,1.482275811924971487e+00
-2.038819524287233786e+00,4.304998327019486926e-01
-1.358056286510786803e+00,1.001990237314027699e+00
-2.504173855491783840e+00,2.743312493948419917e+00
-3.034606081552917001e+00,1.434979167297895319e+00
-1.541767309265556385e+00,2.128127660189058634e+00
-1.109729010337006994e+00,1.777319740150544281e+00
-2.555133511446730399e+00,2.654114828663590941e+00
-2.060817422493867124e+00,2.718813031456265072e+00
-1.546326063964182485e+00,1.313836989456274029e+00
-1.711467482088983250e+00,3.552941519336421106e+00
-1.759786608956207754e+00,-4.308395851788500153e-01
-1.984656568093068785e+00,1.649719835142383850e+00
-9.645681832601145089e-01,2.966955372115045897e+00
-3.278272961775242855e+00,1.282096441301109113e+00
-1.499801862801247054e+00,3.043138236078652969e+00
-2.149393120197589546e+00,1.409819837422464417e+00
-4.901877252073874036e-01,2.605159008301256129e+00
-2.613138534146502323e+00,1.917283182598599645e+00
-1.520537556595311646e+00,1.603315437087978079e+00
-2.953850681058785010e-01,1.311501630023329756e+00
-1.980114743381944820e+00,2.006578460957943122e+00
-1.093924493159627698e+00,4.768835407593261522e-01
-3.005418148504023446e+00,1.405269927030318833e+00
-1.676522278346765926e-01,1.577418565509870030e+00
-3.735145066165713956e+00,1.330127096406641174e+00
-3.010936081514846485e+00,1.389810030682260056e+00
-2.166566745128599258e+00,3.173785180852093823e+00
-3.039670050656730460e+00,7.025512741920898474e-01
-2.653913698279649402e+00,2.256725675202621240e+00
-1.731740614255951716e+00,2.871026036920486746e+00
-7.667032519663323775e-01,2.845318617504533965e+00
-7.080829306094358344e-01,3.603426057233549251e+00
-2.652649540718023502e+00,1.589139280135437815e+00
-1.399267658039398565e+00,9.605685768797627144e-01
-1.418558093718092827e+00,1.951513345057222626e+00
-2.408425478811623499e+00,2.125471086298281076e+00
-1.625425409928108023e+00,2.791226801915074773e+00
-2.827119283247320425e+00,5.548217334348213292e-01
-2.424147079859475085e+00,1.819579869081602075e+00
-2.681633808220858395e+00,3.233241022988602609e+00
-3.191605687105544487e+00,3.907009102245355692e+00
-1.038166108149912503e+00,2.686672212319689557e+00
-1.614537911132665426e+00,2.751743290623231974e+00
-1.551707482003576999e-01,2.336559672066076843e+00
-1.485074383746820770e+00,2.516170620096357169e+00
-1.874872707981793063e+00,8.780713583497063990e-01
-3.375555932537366743e+00,3.766478548867087994e+00
-1.295193514986258343e+00,4.933653174208612047e-01
-2.884411909054979795e+00,2.133100464319873879e+00
-3.653492139935858862e-01,1.344838310358970723e+00
-2.316046870531026869e+00,2.587606016002326648e+00
-2.066248100823397493e+00,1.483121109412552929e+00
-1.048305894976703012e+00,3.390390148791303293e+00
-1.720339429664656361e+00,2.156953129750130760e+00
-2.091583480548685703e+00,2.443160144741862716e+00
-1.287785778946191728e+00,1.546026510126033315e+00
-1.137501060574271694e+00,4.013665364838749916e-01
-2.433179550021882687e+00,8.202309709901507428e-01
1.015928745969907787e+00,1.585727554435288011e+00
-2.688898302881685076e+00,2.588290544356293132e+00
-8.457998387327421153e-01,1.325482769631511015e+00
-3.448299406306766457e+00,1.035478126456146120e+00
-2.180636767065602388e+00,1.361684449607040603e+00
-1.708580283419207202e+00,1.006637114212838302e+00
-1.230847782839868509e+00,1.754479228695847493e+00
-1.236884171362246931e+00,1.438438431324423838e+00
-3.247304584260681359e+00,8.458215808011508852e-01
-4.800966568614896346e+00,1.719636336770507867e+00
-3.259070240900286741e+00,1.956968892107127989e+00
-1.298090910713032731e+00,2.061155656098617950e+00
-2.873823544062674706e+00,2.709313684454358384e+00
-3.004522738247359825e+00,2.326364468254228157e+00
-3.712075798987126696e-01,5.073757864309409449e-01
-3.705649837226127730e+00,1.538803462501176833e+00
-2.543579239083187726e+00,1.697095048149666274e+00
-1.388918628470726890e+00,1.610420502899323703e+00
-1.794591998793864551e+00,1.027478898493980886e-01
-2.189303582496296308e+00,3.198756463565647579e+00
-1.577204743165476764e+00,4.086713180673837709e-01
-1.517997045190052630e+00,3.259096555203156775e+00
-2.495337332920282147e+00,6.930835915568536176e-01
-1.624274990362379434e+00,1.011213953868687732e+00
-2.909789962950794173e+00,2.263908988234943909e+00
-2.260268115134446809e+00,2.343480318592694012e+00
-3.144514110416456454e+00,1.834646762961613664e-01
-2.255337601105160683e+00,2.729976730737622148e+00
-1.825460710572878842e+00,1.954964027688038675e+00
-1.368604281347265861e+00,1.909321061081391990e+00
-2.424410491276739243e+00,2.534826723412826333e+00
-1.659139778738507376e+00,1.260244622135545223e+00
-2.339256763972399789e+00,-7.098780676768301490e-01
-1.430771802418746574e+00,1.527442105452594179e+00
-1.678484490658812556e+00,1.862182349840795004e+00
-2.763508284763614320e+00,2.410120516857463979e+00
-1.608368789099220209e+00,3.465752230838434755e+00
-2.381166256760558930e+00,4.902737520991853337e-01
-4.145499764006104648e+00,1.529694206325321826e+00
-5.365227172939650568e-01,2.102277622884540342e+00
-1.991818744681356890e+00,1.113613808825179241e+00
-1.207573993644950328e-02,2.092486042361153764e+00
-1.950466174091557425e+00,3.532773091847448477e+00
-1.998367518185220737e+00,1.535121707989098860e+00
-2.472863415765832240e+00,1.919356389403466423e+00
-1.733847535567965226e+00,1.818032595813610319e+00
-3.221683238173490338e+00,1.603766242894283156e+00
-4.369067557379844757e+00,1.941657103577914434e+00
-2.372190038465906259e+00,2.474447812420625947e+00
-1.857071237136677322e+00,1.683238938892054559e+00
-2.601429622613554926e+00,2.716457928645264364e+00
-8.211743316364332745e-01,3.783086408106660414e+00
-1.596121875033112758e+00,7.918893012803700504e-01
-1.609363909535964865e+00,3.217920093108877388e+00
-2.816797237437368651e+00,1.570795954527290705e+00
-3.749117890967946565e+00,3.648776441369149470e+00
-1.368031738148421717e+00,2.534940430100681930e+00
-1.234515071848575563e+00,2.375991782635084704e+00
-2.021810544911132546e+00,2.260227126296960876e+00
-1.019483198295852100e+00,2.245587313411012254e+00
-1.941205445104138949e+00,2.636709856111203898e+00
-2.751405097043289949e+00,2.834514820415937386e+00
-2.342000921561748772e+00,2.742746161813810701e+00
-5.251775419772370945e-01,1.957636680551852804e+00
-2.277624022815865512e+00,4.249189933753648063e+00
-1.909127570519189687e+00,2.242989330624495459e+00
-1.614781663025602221e+00,3.135993916433246209e+00
-2.395794951693976493e+00,1.777872200353448839e+00
-6.989029428792263854e-01,2.531241001371526522e+00
-1.843196661828871985e+00,2.497391643649737425e+00
-2.655671036400323537e+00,2.810297761651662451e+00
-5.223728865315606651e-01,2.993138920998969166e+00
-2.827748564928452168e+00,3.684859337704639692e+00
-1.138872050954633730e+00,3.813810558804693329e+00
-1.972226251391519636e+00,1.058472889718742316e+00
-3.365679101358014513e-01,2.863715612830916690e+00
-2.588256847527706572e+00,3.394797175919200605e+00
-4.200039061868208634e+00,1.722806515242381709e+00
-2.637400977724114082e+00,1.449191605609595257e+00
-2.661937873478164907e+00,1.406788414098889106e+00
-1.668025447953381812e+00,3.161934255994630405e+00
-2.503048466119250026e+00,2.035058823649193549e+00
-2.419702865113983137e+00,1.515257229889901858e+00
-1.582295586474263605e+00,2.256667754309898299e+00
-2.899309750186510382e+00,1.647707458576149531e+00
-1.619393199890044155e+00,2.530767410299896270e+00
-3.035651225733609238e+00,1.372610610151007160e+00
-4.163026245774064549e+00,1.012505042665102994e+00
-1.716799601105507111e+00,1.138699045363488871e+00
-2.233709203939475252e+00,2.023923837158335903e+00
-3.166803521317340220e+00,1.685314026051201841e+00
-1.347757178233431441e+00,3.605370169407967396e+00
-2.906867293732673829e+00,1.528306398422987655e+00
-9.907635177225404544e-01,-8.125403200050662633e-02
1.222933802629810884e-01,1.041269436231385237e+00
-3.733471285283722629e-01,1.107606954201251881e+00
-1.161557435039410890e+00,1.675604050522301991e+00
-1.462726253685651789e+00,1.801939046271438194e+00
4.948357878244200592e-01,2.162350364656094204e+00
-2.339198787102823474e+00,-1.082981168023877672e-01
-3.562171720709148559e+00,3.457548721846028350e+00
-2.529879187799242146e+00,3.175094979993701827e+00
-1.469012021057670259e+00,2.553100058865406918e+00
-1.327569470698453324e+00,2.972882083185125701e+00
-9.062917609840779321e-01,3.463535348345733400e+00
-4.047795831702290847e+00,1.956475735889836365e+00
-3.752709817560200278e+00,2.221872324069502636e+00
-1.832463251920634972e+00,1.542338659779196819e+00
-3.828940847415794657e+00,2.045457237601724820e+00
-1.367201225941229392e+00,2.783890449786802002e+00
-1.807634222187525674e+00,9.881891938850524415e-01
-2.472518450725901040e+00,3.327751652837344309e+00
-1.221065993448660958e+00,9.048633204557730014e-01
-1.711159621501570749e+00,1.310806357914879650e+00
-4.507188131668374176e+00,2.793457832063523050e+00
-3.995151936109454738e+00,3.948844816645871170e+00
-3.380087751995591638e+00,2.639748511937446196e+00
-1.584399837603121197e+00,3.195880110076422032e+00
-3.014508602833080531e+00,1.402873701446162968e+00
-1.401892851993601141e+00,4.034831532483820205e-01
-2.144113588864425157e+00,1.453434438911836990e+00
-2.202047462813364387e+00,1.062528654953470930e+00
-3.368526741637721589e+00,3.466003398482527587e+00
-2.360870938098343697e+00,3.143727703430068132e+00
-2.205066208661349947e+00,2.202823344195317112e+00
-2.231309602992417762e+00,9.150494876190744531e-01
-1.166682889489620845e+00,2.100563857571145832e+00
-2.415413844166798718e+00,1.311901978243936506e+00
-2.158538120970038499e+00,7.618690874675024816e-01
-2.506362600685269282e+00,3.408837151155541534e-02
-2.801716846775897274e+00,1.453549894440461898e+00
-3.322004840846658258e+00,3.332802427604897311e-01
-1.522054791708101540e+00,2.481279223159710057e+00
-3.274446392906515069e+00,2.883006474236793792e+00
-2.887825844431384237e+00,3.301923835170479382e+00
-1.724034385335885933e+00,2.619415169570026958e+00
-1.440670952189327281e+00,2.040209963862108733e+00
-1.296506397095307239e+00,1.508275215825300775e+00
-1.992375743999984961e+00,3.740069015704770017e+00
-1.854692338855707945e+00,2.351105797478792780e+00
-2.515579970783581754e+00,8.073106604078443826e-01
-2.111678425660903802e+00,1.104370993673237322e+00
-2.140074235914981138e+00,2.604163409053798617e+00
-1.643062101292353860e+00,2.172483809484513362e+00
-1.669797553722841998e+00,1.537689456842183056e+00
-6.845726647947096843e-01,4.320840415764730658e+00
-2.876470880643192451e+00,-4.651828238188437936e-01
-6.076760005289921551e+00,1.147830637296627154e+00
-1.670377885887090796e+00,2.491285004838539319e-01
-2.083488057389911496e+00,1.497788313729982335e+00
-3.773637307298665089e+00,2.066359836031127273e+00
-5.330998623180838170e-01,1.835502930187169701e+00
-2.789303521822180887e+00,2.898873777913202332e+00
-2.379671290033010589e+00,1.338793633519512305e+00
-9.669682146109968013e-01,3.381743111243533662e+00
-1.747963147783968774e+00,3.080247280363819229e+00
-3.752960423249882549e+00,3.618227302574313242e+00
-3.132824801662596137e+00,3.146428624799595397e+00
-3.004463498912722574e+00,2.583584718249081646e+00
-4.699842911389162659e-02,2.010606635460423952e+00
-3.020435846041288563e+00,3.035395562403075065e+00
-3.605657404289239754e+00,2.915642801872257994e+00
-3.563021115217560819e+00,1.045245120987542187e+00
1.690509771031045716e-01,1.215531389145013019e+00
-2.494763133225534890e+00,1.437818881647336955e+00
5.712514515213751309e-02,3.552348879425564210e-01
-1.424664495270285158e+00,4.018474670241958258e-01
-3.896150059769746932e+00,6.922885820899287168e-01
-3.519648204266440317e+00,2.499003631462809683e+00
-3.195937097370021185e+00,6.542485269150617455e-01
-5.053102000397708959e-01,3.351647257001802771e+00
-2.742966201445380836e+00,1.722540029820089469e+00
-3.431464307953727477e+00,2.232393476637612117e+00
-1.685724809316635708e+00,1.528374234961685785e+00
-1.141849397121000198e+00,1.969911076374880166e+00
-2.814622050205517034e+00,1.527366314613226583e+00
-1.030762699021651185e+00,3.298016362035595783e+00
-3.186902327597893603e-01,8.467575082842042633e-01
-2.179948524345747263e+00,2.352011314600604752e+00
-1.290517016107328052e+00,1.862192813309825334e+00
-2.177624443872460791e+00,2.422460633884413461e+00
-1.930553181493726012e+00,3.936563586674703963e-01
-1.943812276380015192e+00,4.273821773912571231e+00
-2.424507861899670047e+00,1.376087073101255775e+00
-1.551892199816381046e+00,1.471606508373162425e+00
-1.351847952547521770e+00,7.897772630414037209e-01
-2.340413317755743794e+00,1.678401363423975168e+00
-5.253751904620133750e+00,1.945455216684377264e+00
-2.352558350259274622e+00,2.238246508071036978e+00
-1.211169811794934770e+00,2.454193115026532368e+00
-3.993171244560489885e+00,3.806266799057173689e+00
-9.781627500086271798e-01,1.691377068843195275e+00
-2.499881844673305320e+00,2.189448943034760120e+00
-2.738774978166198970e+00,1.891688379915803742e+00
-4.533868422764608663e-01,1.107649217094775373e+00
-2.019181734002616579e+00,2.407601196144143252e+00
-1.959054147938438684e+00,3.917127480483745927e+00
-1.477721645447745757e+00,4.800599507289653900e+00
-3.250842520143056191e+00,2.680277499340067759e+00
-1.622523039930987121e+00,2.192380238660835534e+00
-1.095541633128330750e+00,3.701821565803808944e-01
-2.300258935060366383e+00,1.137945297054824501e+00
-2.772840644762520235e+00,1.679136826879232380e+00
7.288910025795787284e-01,1.730630364359998508e+00
-1.784062761520301521e+00,1.642713006301860457e+00
-1.951983378396980440e+00,2.310845597353972991e+00
-3.096449750203575491e+00,3.857357682889900552e+00
-3.900219141928369382e+00,2.275104200435633217e+00
-2.209944526738341075e+00,8.870536461651588045e-01
-2.972497402195537930e+00,3.492652013199929684e+00
-1.565315812514901150e+00,2.148456081239531912e+00
-1.501951145099840179e+00,2.180873831827240483e+00
-3.086498554876307310e+00,2.192028625101876571e+00
-2.988737743061316010e+00,3.306508464779584600e+00
-4.530727343168439170e-01,3.378771177512517987e+00
-4.746727695063105656e+00,-1.106078509232029106e+00
-1.501128930892748681e+00,2.987546100390011006e+00
-2.883221982833503283e+00,1.692935975837483120e+00
-4.914554514057876133e-01,1.149604207766991237e+00
-3.104683788409762890e+00,4.061212302026671050e-01
-1.886741704239063733e+00,3.175225176488581269e+00
-2.438766396204913534e+00,4.818396670503847901e+00
-4.692115769412453119e+00,3.881113711661703380e+00
-4.348681526605153724e-01,1.185266581958142051e+00
-2.359363777766370074e+00,1.660980593111875958e+00
-2.453336277297237356e+00,2.440761925101255336e+00
-3.075311207636398425e+00,1.778140795159717014e+00
-2.537987226059320367e+00,2.609314410641498050e+00
-2.388227255284908868e+00,5.940103648051708873e-01
-7.374429152933055232e-01,2.288539726002528862e+00
-1.645200931923323839e+00,2.142394695307067831e+00
-1.131165951558084970e+00,3.278098883763471250e+00
-6.983084194536948175e-02,2.893131777324439824e+00
-3.020539868461689537e+00,4.447072858029487818e+00
-2.074091740780973137e+00,2.011961354542649794e+00
-2.498900787243233612e+00,1.454100877700496008e+00
-1.985635743554656329e+00,1.978707206953603359e+00
-1.795109126001922295e+00,2.694730678655006262e-01
-9.225507049141552507e-01,6.728602206493647930e-01
-3.037859156701714802e+00,3.257875370848246632e+00
-1.719296114920242147e+00,1.994857235341902957e+00
-2.288700168729788764e+00,1.091575937106098237e+00
-1.928821160021811254e+00,7.723887971524678875e-01
-1.152040031139633935e+00,2.430102989424864468e+00
-7.001305361578351594e-01,1.959730681329606261e+00
-3.980534165980238903e+00,2.047710338867302582e+00
-2.089029955181558318e+00,2.693210063968223267e+00
-2.707400289457962739e+00,1.622401894090668595e+00
-2.874469498042382387e+00,1.913656082128538216e+00
-2.602295942521360317e+00,2.531449906501707758e+00
-1.283311472698831279e+00,2.204156743839930765e+00
-1.594451125741132680e+00,2.098739360011689037e+00
-2.346863637904164523e+00,1.307673438237625829e+00
-1.724985274990812778e+00,2.149913448130548854e+00
8.398450222521791630e-02,1.125396576329996012e+00
-1.548399241284692529e-02,1.769066171324972458e+00
-1.208453606634647404e-01,1.611749328358083932e+00
-2.156520538258320130e+00,1.220666945902550093e+00
-2.851348527763355456e+00,2.937522812733881494e+00
-4.219532013702384177e+00,9.115803099617096894e-01
-3.608997797114590789e+00,1.742346682676690683e+00
-3.261300785628550969e+00,1.319651008892818833e+00
-5.276756158154189968e-01,1.992667132798715324e+00
-2.283696855736657483e+00,7.667000478738625890e-01
-1.339731727113774529e+00,1.788374400796180597e+00
-1.827957649981158728e+00,8.885526911445318365e-01
-3.512403701890156160e+00,2.101700400468832886e+00
-1.915288655716964605e+00,5.919926672282658231e-01
-3.337757549066566298e+00,1.906406734136466774e+00
-1.699124476767454262e+00,4.180671340435572425e+00
-1.135317608051552574e+00,1.155651560974439107e+00
-1.921972100130934447e+00,1.879317572528414804e+00
-1.486578195695621218e+00,2.448075417196472703e+00
-3.214924931964378008e+00,5.342608648345577027e-01
-7.683794290842205221e-01,1.808097236180715939e+00
-1.517368104037168264e+00,1.357684087237099657e+00
-2.256117575141669551e+00,4.962683491585193618e-01
-2.689417709141718404e+00,1.821363952684705190e+00
-3.480482099355162617e+00,2.335797081693485211e+00
-2.335768597227155130e+00,1.946150543148283507e+00
-1.457621946453191430e+00,1.433363165043998633e+00
-2.148088449110030940e+00,1.761590481405937769e+00
-4.649270414149426767e-01,1.101211914681801129e+00
-1.770528721201036326e+00,1.896062192553406245e+00
-2.979564593890801305e+00,1.480844077598619357e+00
-2.553617167172102853e+00,9.650192810467690396e-01
-8.342210357016648370e-01,3.352791104924589316e+00
-6.845983950051219846e-01,1.105540133511901502e+00
-2.357003166334895816e+00,2.591453566925301821e+00
-3.484886619997897839e+00,1.564609327122360671e+00
-1.469951307794478579e+00,2.162242020167256751e+00
-2.790933073935879971e+00,6.652452958638277458e-01
-2.982989337776119854e+00,1.983692788758816050e+00
-2.005888353172479377e+00,7.940328952074746649e-01
1.279363890513097068e+00,8.960947712746776261e-01
-6.256725723428384622e-01,2.366064266690693252e+00
-2.012176487426534433e+00,1.459646598925038674e+00
-1.904865490755025537e+00,1.250520650598620609e+00
-3.816840929243290770e+00,4.167540494742693724e+00
-4.920506126080537612e+00,3.605784531223468647e+00
-2.126884870016434448e+00,3.819809066711234991e-01
-2.702550066074740354e+00,1.693588863801169797e+00
-1.518877983903672124e+00,1.545990088072289659e+00
-3.407975872754060553e+00,2.243677046648374418e+00
-1.853703035549727485e+00,1.416336408786221579e+00
-2.477524802089213996e+00,1.356960228906798793e+00
-1.622006623173680495e+00,1.708938840034140982e+00
-2.024337741534764312e+00,2.632634469711837788e+00
-1.043908700779062837e+00,3.226516767462635382e+00
-2.058892081388789208e+00,3.314970255971816826e+00
-1.374482521698380033e+00,1.954988042610346755e+00
-8.106389393217381389e-01,2.913327106926383081e+00
-2.998264260633296541e+00,2.166362523735603673e+00
-8.301461286306843768e-02,-2.168099208102614028e-01
-1.014705147930550222e+00,4.097753153110048174e+00
-1.637485705067389663e+00,2.689504975433602230e+00
-3.229791335141567465e+00,1.046216267148505352e+00
-6.878339370843373768e-01,1.727866628814401784e+00
-1.909015026333602094e+00,1.537029421791356487e+00
-1.756150880041330797e+00,2.860180457879353266e+00
-3.901953232362479707e+00,1.568133598378505855e+00
-3.103830947625088044e+00,3.146185473817721956e+00
-6.275860649120148516e-01,1.641551351652645652e+00
-1.974662930848712916e+00,3.577265991948337387e+00
-3.107831265783136399e-01,1.862166125951431939e+00
-2.287688898123732884e+00,2.969263178446313045e-01
-2.810348398166704342e+00,1.113586463852525910e+00
-1.301591746137772621e+00,1.194466928670281147e+00
-2.340986353051589308e+00,1.142851165801548774e+00
-2.278650664821434191e+00,3.398952967919211865e+00
-1.300478201680358659e+00,2.375045761001930433e+00
-6.361471414918091760e-01,2.141006099979881228e+00
-1.471029930753359416e+00,3.897652746570426707e+00
-2.304784971143096772e+00,-6.807765048097103033e-02
-2.439388844775234766e+00,2.279681400157552940e+00
-2.384405759760525267e+00,2.297971555821753498e+00
-3.840892384517387903e+00,1.953291320416326693e+00
-1.740709358746004742e+00,2.102330996972817445e+00
-1.542045623795407439e+00,1.555883947311435422e+00
-1.688322301595650332e+00,3.270629251927356762e+00
-1.450496035607564016e+00,8.389258305338640476e-01
-2.857473401180348205e+00,2.295498916692138458e+00
-4.206483561440506946e+00,1.665691707071239147e+00
-2.334809279490958733e+00,2.253559236915247510e+00
-2.706877093091352826e+00,9.097577493770316881e-01
-2.454251681667646512e+00,2.973233725531454041e+00
-2.384203770999433480e+00,8.163725429022368196e-01
-2.747139792058694407e+00,3.625259699313068129e+00
-1.557989994239238563e+00,1.696377793705468040e+00
-1.961570446676725865e-01,7.710920950763360260e-01
-2.773081334325425473e+00,1.604659533859395193e+00
-2.033932692439072820e+00,1.921589917876602271e+00
-1.196766198753679067e+00,3.878722995982878174e+00
-1.294166718790087156e+00,2.931551102368135098e+00
-6.783291710894545634e-01,8.047790573465409825e-01
-2.217120554189726089e+00,1.828565158721239259e+00
-1.316943714835606905e+00,1.192506865332564114e+00
-2.552414074455516158e+00,6.031450905087079040e-01
-2.467538835876473158e+00,3.107019172570560261e+00
-3.087125133778466868e+00,1.080918964490348966e+00
-2.704063052828264091e+00,2.076063974881796170e+00
-4.337243539068204257e+00,2.801955622114698841e+00
-2.817646888022455443e+00,2.752655498832083047e+00
-1.205367576423547638e+00,4.242539378213645129e+00
-2.924523215367223372e+00,1.654151673759336694e+00
-3.128359006146590016e+00,2.229508558338312518e+00
-3.062470690115084437e+00,2.424852575277454125e+00
-2.176099826526685099e+00,1.603447703289945458e+00
-3.442158696801632445e+00,9.160956722642574768e-01
-2.956829769476337688e+00,1.317395436116560958e+00
-2.767624455682186735e+00,3.306666819928029355e+00
-1.234839033723949875e+00,3.747378231390007031e+00
-1.223340355531150614e+00,2.282574040774887347e+00
-2.003735427846255135e+00,2.613089839220381183e+00
-1.645785337624492639e+00,7.185902815910611974e-01
-1.090494839359859469e+00,2.992561724755212538e+00
-5.557566543387424396e-01,2.558042238916167221e+00
-2.193598526092090495e+00,1.857692870559068954e-01
-5.393345790968859355e+00,2.937949276723450520e+00
-2.846196911493613868e+00,3.008174288151717501e+00
-3.952778409195157217e+00,2.858311710493986357e+00
-5.630487580261012148e-01,2.038398558579400000e+00
-1.810257799941712875e+00,1.482774304429332446e+00
-7.755676963077757780e-01,2.950320204014667880e+00
-2.345563393179681100e+00,3.566126530958461771e+00
-2.242673468750273624e+00,2.001825233933294701e+00
-1.603375888458252296e+00,2.886557470298359629e+00
-1.529153091821505495e+00,1.231711956671105224e+00
-1.308733416441377972e+00,2.254188983175002381e+00
-2.329149500514237747e+00,3.037084311539020476e+00
-2.646464446570806039e+00,1.705942920733338752e-03
-3.524580288206171197e+00,1.819400143497466704e+00
-1.849585809113749812e+00,2.886943170401596870e+00
-1.379088184582694332e+00,1.737030815291430663e+00
-3.974366962613948839e+00,4.279825489278128892e+00
-1.275598113107940801e+00,-5.174002748341752778e-01
-2.528864800691547288e+00,3.402752471317314953e+00
-2.857294326209672164e+00,2.769629956671996851e+00
-1.433100229354622890e+00,-7.436637499255551731e-01
-2.122542446846890307e+00,2.390388982797293060e+00
-1.079817267241105938e+00,2.007889487335041689e+00
-1.500611144937693764e+00,1.593126945202828271e+00
-2.458711251590109725e+00,2.009973879912299477e+00
-2.483217606706809910e+00,3.165672199662573849e+00
-1.207201538674459229e+00,2.655827337197738558e+00
-2.597895025791366663e+00,2.926697955355923586e+00
-1.438934857218304941e+00,-3.559290813863311698e-01
-1.007136875733086079e+00,2.623283431931903831e+00
-2.924383534756708869e+00,1.617810354868198353e+00
-2.781398377027987756e+00,1.904147052514617355e+00
-3.842867750072922473e+00,1.824976658456955336e+00
-3.775551096419788699e+00,3.253505491084542900e-01
-2.731441079961261398e+00,4.824415064832723310e-01
-1.183184962055189526e+00,2.867292530217468993e-02
-6.861001779824917879e-01,3.671926104322169593e-01
-2.588112288795695548e+00,2.247065929623999203e+00
-1.462508653716988460e+00,-6.123566775335049783e-01
-2.460184634834831741e+00,9.033676643632133629e-01
-3.460842994065185252e+00,1.761040767800655882e+00
-1.905372805880338305e+00,5.751280079238545451e-01
-2.615877585043175024e+00,2.194396593994455635e+00
-5.475307162700076002e-01,2.036054672296725432e-01
-2.480017791292842944e+00,3.032630871002941930e+00
-3.162757159983868860e+00,1.702721935569994294e+00
-3.292512096634180985e+00,2.720887310264300751e+00
-2.381810961817952155e+00,6.953357195265965629e-01
-2.064444209572892763e+00,1.722034711842231003e+00
-8.671753918192830479e-01,1.944565016480638064e+00
-9.676879211891948884e-01,3.994431945969265207e+00
-6.182713836841440269e-01,-2.112418817418464378e-01
-1.734336944758053445e+00,3.429657832195170730e+00
-2.048489778547919915e+00,2.274792240311996672e+00
-2.167153464553115860e+00,2.024232009343969629e+00
-1.267799933546508662e+00,2.105343252989960945e+00
-2.911961883890733294e+00,2.285098924366661510e+00
-1.175275045419004627e+00,2.738387782934439407e+00
-1.762801935976118006e+00,2.384614298984313763e+00
-2.374760310537403996e+00,1.365171753806184718e+00
-2.150258992440367667e+00,3.908361910911820392e+00
-3.416278634304262596e+00,1.849909857261583079e+00
-3.342690814741457572e+00,1.226026869160833588e+00
-2.154366963671132673e+00,1.987852186127042398e+00
-2.655080918820539537e+00,1.601741858996825085e+00
-1.078960532551836993e+00,2.212489784415502925e+00
-2.943732691134295365e+00,2.191343841201772502e+00
-2.911046508004658140e+00,3.227487981537206174e+00
-2.399845831166201648e+00,1.998134960367523583e-01
-2.594966829212764559e+00,2.156477394842950979e+00
-1.396605513406929511e+00,1.441381311836911427e+00
-2.133177187636399630e+00,2.579986369350566466e+00
-2.433964270102406235e+00,1.146775983319237913e+00
-1.453552132991327017e+00,2.247681088273184802e+00
-2.094627006610267017e+00,2.830756953168851453e+00
-2.436393399791575654e+00,2.847291891624824434e+00
-3.034640640532987987e+00,1.759089454671510788e+00
-1.573819054158973607e+00,5.999344644565971496e-01
-1.355843610182447811e+00,3.369625932258577095e+00
-2.658183065963230618e+00,1.015022527170138300e+00
-1.447714222358716718e+00,1.870357584678377982e+00
-2.431737039341617557e+00,1.010609159862311035e+00
-3.512642935331058425e+00,2.278975950544935625e+00
-1.073747498728427674e+00,7.012462477381435910e-01
-1.642261993372477136e+00,2.208491952311128159e+00
-2.511502183883240313e+00,1.500474792551339975e+00
-3.208813333904596554e-01,1.559141581083305805e+00
-2.432157613579634337e+00,1.075372298587319975e+00
-9.434313194030685690e-01,1.685761199325587434e+00
-1.922982331615465723e+00,2.415970555421278032e+00
-1.437179680092875778e+00,2.378020618705798395e+00
-1.263036425675193586e+00,8.149209723739141431e-01
-1.008732042238054127e+00,2.375547995781520871e+00
-2.843353721052320537e+00,3.812732746106612947e-01
-2.456589599228268028e+00,2.747712831810207756e+00
-2.312625930333815027e+00,2.878636216726321972e+00
1.193001517721503646e-02,1.694844722536895443e+00
1.692880373305726938e+00,2.971053194321764401e+00
-5.778687064421861308e-01,2.495233816860985776e+00
-3.805071498501281457e+00,4.078738706097730926e+00
-2.885043631309938572e+00,2.494223282784802986e+00
-1.173493587266346561e+00,2.572998469652099107e+00
7.659259368510973331e-03,-1.239394930460332223e+00
-1.739521424210463740e+00,3.201092151256381690e+00
-2.567376835659982426e+00,2.899643672785249926e+00
-1.462201591047103122e+00,1.023386103364881006e+00
-3.389520893355751241e+00,1.436142932368183134e+00
-7.018223046478540006e-01,2.556390727536520302e+00
-2.017141612230419323e+00,1.575382803847655389e+00
-1.679997033708861220e+00,1.069204104145236034e+00
-2.840976796578827290e+00,6.458874282376694254e-01
-2.181418225730833882e+00,2.132955348191772238e+00
-1.343434375136611791e+00,1.510814446529414434e+00
-2.377549254355375563e+00,1.963709154579212246e+00
-7.225807054229733684e-01,1.419861300729455822e+00
-2.520287592903709850e+00,2.847872651192028925e+00
-2.748734179132652944e+00,3.983508942079537096e+00
-9.817637242947903076e-01,2.126164278413871678e+00
-3.626828703620818217e+00,1.688207125718111268e+00
-9.393744283287237540e-01,3.276162286074637997e+00
-1.515317485796126018e+00,2.750566581817800671e+00
-9.919967377412366449e-01,2.658005325177063227e+00
-2.700705679673705006e-01,2.101200640801788921e+00
-1.481446524261569753e+00,1.995635671351879470e+00
-2.006757994985114202e+00,2.292910095900910772e+00
-2.683945931137606600e+00,2.345929047050470562e+00
-2.371888652716578338e+00,1.715915000940065438e+00
-1.105108426732748006e+00,3.063956332401962968e+00
-2.390511204508191323e+00,9.311799293142553058e-01
-2.086212306406833861e+00,3.013647192896232951e+00
-1.136078718870843662e+00,2.300216781062617510e+00
-2.838601507099959065e+00,1.037774541240341186e+00
-1.414399516159397407e+00,2.094174212972063298e+00
-1.606944746285104308e+00,1.934823732655468476e+00
-1.666648363002349198e+00,1.266659250912697043e+00
-2.245516377002273689e+00,2.155082049720658421e+00
-1.830946878841682057e+00,3.255133714360863184e+00
-4.912975581504868128e-01,1.606579726811947051e+00
-2.752334200703992373e+00,6.865883296121879642e-01
-2.796573175344400308e+00,4.125861073923777766e+00
-6.008817702318196563e-01,2.339553064204717536e+00
-1.096906103546783307e+00,3.932680656031939392e+00
-3.297543493517480773e-01,1.760155301945617534e+00
-1.783596385314613952e+00,3.817992581461433943e+00
-3.265986657132896376e+00,2.684918320295889949e+00
-4.677073258985362969e+00,6.683744617337561422e-03
-1.450816510458303510e+00,2.568535653474635083e+00
-3.167138872861202881e+00,2.164682983278586104e+00
-1.895853780065955174e+00,2.097801976154249459e+00
-1.916332679991315402e+00,3.432011097608282491e+00
-3.842432272360087886e+00,1.432761602127825107e+00
-1.037252178459810770e+00,2.751285698391876977e+00
-2.494250498562094798e+00,3.061471884765017748e+00
-2.974340475058066424e+00,1.690698195023758954e+00
-2.188991659522523392e+00,3.282011787485116017e+00
-1.831685790669032476e+00,2.200983856289037366e+00
-1.580358859243364611e+00,2.156157574160221024e+00
-5.648499786879093154e-01,1.418942355436026093e+00
-1.700701193982511406e+00,6.036819638636481411e-01
-1.126248659804019336e+00,2.238441739855706825e+00
2.268499410198123734e-01,1.243715470946771262e+00
-1.644181833663203474e+00,1.954621206195709782e+00
-2.367174025773819412e-01,2.049678653184725530e+00
-2.436012121208229964e+00,3.373502905254607054e+00
-4.104811960182343178e+00,2.386995051410964575e+00
-2.442296971706815256e+00,4.999123949710426729e-01
-2.513387504113165249e+00,2.326055472785744094e+00
-1.539016886569247511e+00,2.462273118174711506e+00
-2.471106972103998878e+00,2.075049398420621305e+00
-2.682098969411028211e+00,3.273373356216392249e+00
-2.477271513304451389e+00,2.150684341015943080e+00
-1.356350159999859972e+00,1.567089481825128416e+00
-3.116369859635049089e+00,2.661097156440784595e+00
-7.767841489923292819e-01,2.322654515046190138e+00
-9.469473985268308525e-01,2.275814791768798528e+00
-2.764225395946558805e+00,1.886482240629001828e+00
-3.031224441329198882e+00,1.902610619888042809e+00
-1.312578798919032286e+00,3.700520201876859705e+00
-1.471513091398142681e+00,4.065054194306498836e-01
-2.264349823060567868e+00,2.259255131897496494e+00
-1.437756421091155090e+00,2.336959433600741320e+00
-3.716662609804362916e+00,1.474161503228049730e+00
-1.064544233020587427e+00,1.303635769160845337e+00
9.994122428576224237e-02,4.506098399826266032e+00
-5.997412075549886090e-01,8.737302592709756954e-01
-4.320815627350771404e-01,1.783164715466126315e+00
-2.772183741591357720e+00,1.641596041208831513e+00
-1.590461693357617667e+00,1.367512052788174781e+00
-8.577712778668105109e-01,2.045622991039398375e+00
-8.065409316664959860e-01,7.331918918883599812e-01
-2.775279471903352668e+00,2.325218858907479813e+00
-2.096764275031782088e+00,8.135204169420027220e-01
-2.175584777398697156e+00,2.625758100174183429e+00
-2.797749436435478021e+00,1.147095918313974838e+00
-3.472010189156152116e+00,2.244540957682589433e+00
-2.313017177287620019e+00,1.373462597258345852e-04
-1.215469047297947247e+00,4.682675907304214569e-01
-2.849228409773470805e+00,1.841785269124509128e+00
-7.366340362472554304e-01,1.527048264359370355e+00
-1.824533703801335172e+00,1.168869476292508924e+00
-4.004003960367246151e-01,3.628918984120103275e+00
-2.168570594090134307e+00,2.606745748205495428e+00
-2.016093533665484827e+00,1.273213277851112935e+00
3.911253550699616000e-01,2.632741607202082612e+00
-1.211802627204963123e+00,2.265421906572639976e+00
-2.015078843493423033e+00,4.150740106688726172e+00
-1.326119110357191433e+00,4.317209350169992632e-03
3.984546147357708179e-01,1.135922692399115697e+00
-1.859460525286475985e+00,1.304501068071757919e+00
-2.253339343479866308e+00,2.558117009036875444e+00
2.576392880234208427e-01,1.453131287200956745e+00
-4.649224816422492523e+00,2.443731797802856764e+00
-1.174916625940266579e+00,2.780650689776920981e+00
-2.012705248522083323e+00,2.645987042065855555e+00
-2.037768397989284885e+00,1.203480026306930295e+00
-1.448963139081214102e+00,4.403587511832428802e+00
-2.202399856983329851e+00,2.701913718950297305e+00
-3.306845895088859955e+00,1.791724065000959598e+00
-2.126215338183588432e+00,1.853025178869632139e+00
-2.180489055950991517e+00,1.488785576461888027e+00
-1.120680154415992558e+00,2.458890163293381281e+00
-1.237521511486283865e+00,1.338890338250316336e+00
-2.465539509176997601e+00,1.264386809456973904e+00
-1.930362844785438181e+00,2.833258802488267669e+00
-3.089691258210695679e+00,2.022887698550889013e+00
-1.585137918968327675e+00,1.679576679153953922e+00
-3.388945705688463317e+00,1.869628360361687447e+00
-8.684441615623399446e-01,2.002792170223298474e+00
-2.496476035927944981e+00,1.439980512137208457e+00
-5.308355215387974280e-01,1.082097506416241028e+00
-2.179279251842295206e+00,2.561761438913891631e+00
-1.729875896613177089e+00,6.570241205493940750e-01
-1.998660755141769663e+00,3.324929438636806012e+00
-3.640708103515573058e-01,2.651660217169609091e-01
-2.950251169432961618e+00,1.726499847792517084e+00
-2.733572010966877741e+00,1.684031239655622070e+00
-2.885754100286566537e+00,1.707025873999774346e+00
-2.841608717616018964e+00,2.613751287296355308e+00
-1.730982689188094614e+00,3.090825353116853691e+00
-1.985309433783708277e+00,1.578643615646057263e+00
-1.633242630425269848e+00,3.888575875767781298e+00
-1.050388413310968438e+00,3.677561075302662630e+00
-1.891483119750886788e+00,2.644993651443478644e+00
-7.345392118328049058e-01,1.482592676329145043e+00
-3.801976796837592154e+00,9.227362292584693204e-01
-2.551137466162414658e+00,9.512954297684064198e-01
-3.157978396398032128e+00,1.816271817866927707e+00
-2.898567132496904009e+00,1.925844398652702960e+00
-3.203027657575467924e-01,1.022188772142154312e+00
1.590831970944370788e-01,1.894942258542919422e+00
-1.908392731055688074e+00,-3.857669143349733432e-01
2.751957272427421053e-01,1.786040947133614498e+00
-2.549431158218480320e+00,2.042340931825249228e+00
-5.066692883654091428e-01,1.628785310448471968e+00
-3.209931188772531030e+00,3.245427677072780348e+00
-3.230814610271674159e+00,3.302642701085412913e+00
-2.261920446141226115e+00,2.347645481626815744e+00
-2.218718656592395089e+00,-5.912767504094196269e-02
-8.412134799354040737e-01,8.896857055242184398e-01
-2.177585147378179542e+00,2.265899813362720394e+00
-2.773254264604014363e+00,3.571802760915778752e-01
-1.263091241425774891e+00,2.292773900919529151e-01
-1.956951229451992846e+00,1.702225373417096899e+00
-2.381867637634432100e+00,1.680599514070121758e+00
-2.538631932509042954e+00,1.008894378114950197e+00
-2.947390191635350654e+00,2.469752697795039253e+00
-1.115792312728479008e+00,2.492889771247497332e+00
-3.276163676075100284e+00,1.730983842708027520e+00
-1.941624086320451248e+00,2.114931616328794561e+00
-2.341621844379032868e+00,1.642926121161311759e+00
-1.801002470355329788e+00,1.939105323348173204e+00
-2.196607432890786082e+00,4.165769225617777849e+00
1.202005255891953617e-01,2.218899047593042795e+00
-3.100464531016556613e+00,4.199356672755698572e-01
-2.101158062689956640e+00,1.354650821094668833e+00
-2.757958434780627854e+00,4.149681205144964302e+00
-1.892479081781060168e+00,2.749232011668088393e+00
-1.860409413838270964e+00,1.333072237876994803e+00
-1.099042054088507303e+00,2.687422543068914038e+00
-1.889598412294113183e+00,1.585417219659901678e+00
-2.445127881077227006e+00,2.257209638389315209e+00
-2.378032051178170736e+00,1.638286170771982686e+00
-1.105931146162354661e+00,1.817355671696980757e-01
-7.436312443726060817e-01,2.288875657169167965e+00
-1.882709592947075405e+00,2.084285945589289479e+00
-1.465436347656849048e+00,3.185150081230689434e+00
-2.056905771069975408e+00,6.647655254242472722e-01
-3.914575812716642567e+00,1.168285613073975160e+00
-2.359173638915271543e+00,-1.397250408948518707e+00
-4.213904715650798494e+00,1.018569025866149946e+00
-2.932239418507638362e+00,2.531520512987539995e+00
-6.664358027932724138e-01,2.403733331222411174e+00
-2.341725376858888819e+00,1.632376888562845796e+00
-2.043160043749101096e+00,1.965634220957615863e+00
-4.020359956819539171e-01,4.235550195790200867e+00
-7.749286462331594905e-01,1.250150123473436015e+00
-1.428988036735985290e+00,1.006568685221908233e+00
-1.359076540948132461e+00,1.724242188574365287e+00
-1.694971532666650571e+00,1.642082427434237824e+00
-2.572294183693589975e+00,7.348142118288116809e-01
-2.584182905356050775e+00,3.125357413985319077e+00
4.184909318902829689e-01,1.215831097200477551e+00
-3.502731244703424007e+00,4.575961346367495963e+00
-2.245221484436542791e+00,2.455349723114749860e+00
-2.326070612897810808e+00,1.333670315368779669e+00
-3.224930712077741290e+00,1.655068259598641234e+00
-1.904379463093464064e+00,1.402831142751661542e+00
-2.801552591292880035e+00,2.510105495540213560e-01
-9.463282851670056228e-01,2.801725102050662386e+00
-1.657114587164637776e+00,1.224024347736464735e+00
-1.772721244119133122e-01,1.205304217136954570e+00
-3.314523546766757534e+00,1.835022252681786759e+00
-1.761143447451532396e+00,2.421646054260325531e+00
-3.151760345516893658e+00,2.540688584324294563e+00
-1.846535407762615710e+00,3.661060754837447639e+00
-2.272009794423773155e+00,2.412065192603237929e+00
-1.533983253862201357e+00,3.153427587682635203e+00
-1.292239332837888277e+00,2.933217833238447980e+00
-5.173786223639288195e+00,4.599870151974048138e-01
-8.667641941910055881e-01,2.294275353361471481e+00
-6.207252588017764250e-01,3.081350338035088843e+00
-2.775125733074913281e+00,1.269217243275270635e+00
-2.590929798248226668e+00,4.148445306888719486e+00
-2.509571152570631014e+00,1.741589430162320706e+00
-2.055985848314409559e+00,2.006866914542460911e+00
-1.313216812896460528e+00,1.108835120219796355e+00
-1.298787806069257478e+00,2.387225225976263854e+00
-2.852776734250966673e+00,2.851917096778697758e+00
-1.005897364007248829e+00,1.031455536808423723e+00
-2.336747133894340411e+00,1.638332584014429161e+00
-1.405317690332309688e+00,2.288494880168453260e+00
-2.436727301242628485e+00,1.996153571434719831e+00
-1.813327427678500525e+00,1.145655689529397447e+00
-1.328777458298060710e+00,6.688041088510743304e-01
-3.082992376130321066e+00,2.989817960991794976e+00
-1.136997700792776511e+00,1.051696238455158250e+00
-2.616894802517211627e+00,1.519170795078394587e+00
-1.738919565355149910e+00,2.205174844243598997e+00
-2.208119877899294980e+00,1.151269513174407289e+00
-2.556784542545932126e+00,2.836765158437081880e+00
-2.158963572446015000e+00,2.916173840469442613e+00
-3.664181744611259006e-01,2.761153150268738976e+00
-3.241991109541122018e+00,1.406540464890455810e+00
-2.953427960967187627e+00,2.824167893482155023e+00
-7.898405393650258510e-01,1.033182581196117278e+00
-1.929736023635516551e+00,2.457166177953622910e+00
-8.052752110662382279e-01,3.499612275994439692e+00
-2.186880152751099260e+00,4.116481322469836002e+00
-1.592030437777177232e+00,1.625614249933435840e+00
-1.864187690687423071e+00,2.716830272049707951e+00
-2.034536801006876505e+00,9.527469342297674171e-01
-3.152944915615899735e+00,1.578287951243374510e+00
-2.855770489585341299e+00,2.396254062570165377e+00
-1.537916934989794315e+00,1.648422502509996779e+00
-3.107266658979953355e+00,1.979528285287340372e+00
-2.181123681250418667e+00,1.192854539251585688e+00
-4.550806055925573190e+00,2.646678643109932061e+00
-1.348453009714332351e+00,3.056334961227575420e+00
-6.068897299364737208e-01,2.721321093037569305e+00
-3.537990516834433663e+00,3.128269155815008418e+00
-1.697914986262867743e+00,2.012215707947961896e+00
-2.781153364949305207e+00,2.875586965899119996e+00
-2.921563022321690628e+00,2.313449817728082891e+00
-4.246567032464197311e+00,2.836292928032706051e+00
-8.156608660413486867e-01,4.044904822147468160e-01
-2.466259965379637542e+00,1.980325301086479639e+00
-1.210570002875557272e+00,2.653803117445560744e+00
4.251364380526037046e-01,1.154284413502645545e+00
-2.419999771338877892e+00,1.735598629384541347e+00
-1.986707586604521625e+00,7.134287433899031416e-01
-3.832501972172443150e+00,3.528444915675503779e-01
-2.929660965931165428e+00,9.970254170575671981e-01
-2.236119995668424565e+00,2.198788513481900964e+00
-1.832930984701251820e+00,2.683188685480878188e+00
-1.458253497583149816e+00,3.179825012430574027e+00
-5.899900853752457763e-01,9.485398169633867393e-01
-2.689251507405945318e+00,2.480840969183350175e+00
-1.078972538638879541e+00,1.620073200737821129e+00
-1.806888816541064591e+00,2.766226621940280239e+00
-1.373834973925156522e+00,1.586826846908834243e+00
-4.114955968051281943e+00,3.996112286231184196e+00
-1.951859637814639115e-01,1.624166279914121436e+00
-2.907540286110176453e+00,1.018821001384841773e+00
-2.420592663074389694e+00,8.171507632403456345e-01
-2.166650045970765159e+00,8.993237073747546440e-01
-7.976222073639216426e-01,2.149141036174289976e+00
-4.023419117625008923e+00,-8.995867306776621497e-01
-2.232120322729587603e+00,2.661674017470664566e+00
-1.583333508140579937e+00,2.268094283305687853e+00
-2.021897444966954449e+00,2.772997525716998535e+00
-1.991117157278309513e+00,1.147908093932834994e+00
-2.894639623312859289e+00,2.267910388377827768e+00
-2.128461623070474040e+00,2.905644135182385845e+00
-1.276283445688538798e+00,1.561824508507581921e+00
-1.997502469295708183e+00,1.189790462933224990e+00
-1.512359049601011307e+00,1.375503647058814893e+00
-3.707270312026960113e+00,2.983626583943523869e-01
-1.967822970530612947e+00,1.604308417646244989e+00
-8.809460841251226526e-01,1.098830952230989144e+00
-2.161066608460755045e+00,8.156458683957130695e-01
-2.445266235860299009e+00,2.154165309626948854e+00
-1.282212635290826963e+00,1.536018878204614246e+00
-4.340130120243136602e+00,9.217689631019696517e-01
-1.347051566576581649e+00,3.281641826680925078e+00
-2.455423378131556422e+00,1.401144775422430655e+00
-3.262394451423954234e+00,1.484424869710471384e+00
-1.450570074525820541e+00,1.967965346200474031e+00
-2.972541950059895299e+00,1.436979420385902095e+00
-1.134063440859327754e+00,8.559220975867920522e-02
-3.171626617893615219e+00,1.634288842983125711e+00
-3.291090503154403102e+00,2.442281292870240872e+00
-3.347780478427127449e+00,2.388645102783081953e+00
-2.057381455256661607e-01,1.769299725098665510e+00
-2.277234908524384593e+00,3.025380319709497279e+00
-2.385498110226664803e+00,2.249662466761644275e+00
-1.019940067611167400e+00,8.429593864473297060e-01
-1.645846724359800284e+00,2.247290441409980133e+00
-3.408573603474349234e+00,2.553271065672522599e+00
-1.276732481200254288e+00,1.909537531365834262e+00
-2.284449914778579060e+00,1.166155837887068003e+00
-2.569510702078257935e+00,3.559700202924546808e+00
-2.006670483022966245e+00,1.996338926562657434e-01
-2.485976115715853751e+00,3.064673912847321269e+00
-2.337973738936569124e+00,1.453259033614133777e+00
-1.617744628328164458e+00,2.623521546869075571e+00
-2.571189366465206572e+00,1.623623031301571595e+00
-1.216611496409009785e+00,1.147241572643633578e+00
-4.531143944000897150e-01,1.518148943147424657e+00
-2.461522641744233741e+00,2.403251001141267551e+00
-2.981936316482976412e+00,1.099101432334399941e+00
-3.996328597496117130e-01,2.875647126146748001e+00
7.761908961882109104e-01,2.798476652257752662e+00
-3.165744644553337039e+00,2.275527784201749615e-01
-1.590618404472031511e+00,1.612293935916362164e+00
-2.414334872842607282e+00,2.685830464120840588e+00
-2.274725629978599617e+00,2.439673017090714602e+00
-2.616920574625350326e+00,1.819859928295080476e+00
-2.858530214274265457e+00,3.784125296512215186e-01
-3.521040041690813194e+00,2.447312790332066168e+00
-3.438999869316840208e+00,2.698561261459703431e+00
-3.185130416304709833e+00,1.012334997038989215e+00
-3.266723259310947647e+00,3.664247812567161589e+00
-2.742745241701038506e+00,-4.644124223446146615e-01
-1.360072869899044079e+00,1.468863496074558128e+00
-1.564423749747106962e+00,2.138360351617652810e+00
1.285268483364657044e+00,3.531470842565804347e+00
-2.720555571250051763e+00,2.393769832811122100e+00
-9.354424602286093293e-01,1.954122194140567315e+00
-1.542401883407514607e+00,5.147956417428478648e-01
-1.404969205292908585e+00,8.093782189260851911e-01
-1.072782170351174180e+00,1.263005186101740618e+00
-2.153911107696365068e+00,1.591230185680153841e+00
-1.401705970799445922e+00,1.176128501909278867e+00
-1.313101115649596640e+00,1.856352339892236580e+00
-2.202593002761429997e+00,9.875356653793097017e-01
-1.545988807899060680e+00,1.532508371918520185e+00
-1.829305734756955459e+00,2.760598234266830708e+00
-2.257048166785929677e+00,1.341751952460966901e+00
-1.915846716350151580e+00,2.229691030629283865e+00
-2.250914808025090252e+00,2.823522815943324549e+00
-1.378093581502902287e+00,2.291849860667844574e+00
-1.311259644760657705e+00,6.647591691441887551e-01
-1.698994018206899881e+00,2.511449708691257943e-01
-9.511097825722667487e-01,3.018094231534606209e+00
-2.502274864930503107e+00,2.022339334887831352e+00
-2.279888441428730594e+00,8.126708199366106111e-01
-2.098558075725274197e+00,-1.921145407072732958e-01
-2.525438842707834031e+00,3.774448157441252505e+00
-2.368592674939905329e+00,5.370327929792848565e-01
-3.671186980518259091e+00,2.707035804948823898e+00
-3.898746735120919737e+00,1.459095370029323213e+00
-3.325792653877530647e+00,1.794388534095581633e+00
-1.407551068691550222e+00,2.789972320116074656e+00
-2.358611066994458660e+00,1.375048232959646510e+00
-1.074848831904670288e+00,3.722418732573838707e+00
-2.173940936060663631e+00,5.266101192814336418e-01
-4.064619226160535170e+00,1.751590486691780413e+00
-1.969880035415588093e+00,2.563207749129499113e+00
-2.525103771623931959e+00,1.284236552480392479e+00
-3.548867051474044576e+00,7.975001240392207702e-01
-1.990743345681619925e+00,2.367767771947832500e+00
-3.202971359007947161e+00,2.220987337077496626e+00
-3.940161260189178449e+00,2.127198170124219967e+00
-1.137951064955989189e+00,1.684827165519556136e+00
-2.326523311846981912e+00,1.085414286413708185e+00
-7.785795987938777252e-01,2.343073363361735773e+00
-1.829649300123453948e+00,1.311647597678391675e+00
-2.180305399825339663e+00,1.350037528537851861e+00
-1.897371928454113066e+00,2.941057066127229724e+00
-3.280020858794035821e+00,1.278290782156821459e+00
-7.498641226452311681e-01,9.873553789921709622e-01
-1.669374359744113967e+00,4.087388644092305512e+00
-2.134179901578467931e+00,5.996271796011209965e-01
-1.756316293798000583e+00,2.137580702168704772e+00
-2.983075308906767198e+00,-2.570167599438697437e-01
-1.836852191660918399e+00,1.709965485290296572e+00
-1.896962421176942248e+00,2.793091486612618191e+00
-2.205641804853647692e+00,2.083945105726144220e+00
-1.619515856993007041e+00,1.972383101566075547e+00
-7.717118781315674969e-01,2.159247283590371325e+00
-2.760453865977749999e+00,3.773129908976015301e+00
-1.978472132415575846e+00,6.007886779056144100e+00
-3.218667296828896074e+00,2.823372666310447698e+00
-1.177649186588175967e+00,2.014291171354413379e+00
-3.728001915003390287e+00,1.546768746898341984e+00
-1.143156919773376856e+00,3.258579375907264541e-01
-2.738687670646993144e-01,3.884806076123988205e+00
-2.453921776592114412e+00,2.826534208455272701e+00
-9.183099389966529191e-01,1.052901579614088812e+00
-2.051173358167270422e+00,2.694316376198529817e+00
-1.670307563705630827e+00,3.660197028684442522e+00
-2.136507721906315549e+00,8.170608788513675780e-01
-4.071000511347626194e+00,1.889906697009284597e+00
-2.679915152670948597e+00,1.988133437128944747e+00
-2.347522483702050966e+00,1.866842303376847312e+00
-3.284809338635478415e+00,1.197715708492179232e+00
-1.566761887381434626e+00,7.211326155551134320e-01
-2.268281007753975675e+00,2.886411947876571737e+00
-1.822706565320747041e+00,2.790126776835752498e+00
-2.373846912846487633e+00,2.161915230892413220e+00
-2.317510785894916658e+00,1.183467865506910632e+00
-1.894176207975539095e+00,3.125354437694180199e+00
-3.289919203684440241e+00,1.192941741171166470e+00
-7.543490120220532891e-01,2.410123311080468511e+00
-1.645739321829035928e+00,1.993188293602843775e+00
-1.463626054403615040e+00,1.630951355843057060e+00
-2.820095775761676471e+00,1.445658999248718324e+00
-2.405703668214235424e+00,1.041188684624525518e+00
-4.191230224496694134e+00,6.349580715344638193e-01
-1.381312419253683643e+00,1.909191613017103828e+00
-2.151102550736046393e+00,2.625637322562219822e+00
-2.326831687028098727e+00,2.471080960922246383e+00
-2.721386779781334475e+00,1.695195997411063749e+00
-3.350386614442507849e+00,5.940770511734636550e-01
-2.464450120264572330e+00,1.391234740178623142e+00
-3.233772530215620833e+00,1.949884106175842069e+00
-3.386030384840092999e+00,2.806723701953802497e+00
-1.260994867490886628e+00,2.588641737724343805e+00
-3.150457075306062116e+00,3.954066453649296431e-01
-3.590396672223223007e+00,3.662588121150049503e+00
-1.808018856162322052e+00,4.142810033219683774e-01
-4.606658715704403662e-01,3.965341314662706562e+00
-3.781556806136241899e+00,2.193682365431447678e+00
-7.128018075849704704e-01,4.002259345161953696e+00
-1.475691758213182769e+00,2.012433302893955389e+00
-1.975280373038638349e+00,2.710644855494318772e+00
-2.661388252769019136e+00,1.956955555860913076e+00
-2.106265938684317440e+00,1.710482323354113765e+00
-2.090966724465761040e+00,3.999139238116873329e-01
-2.889948887943666112e+00,2.003683337362159644e+00
-1.827181761000539861e+00,3.740996544760938569e+00
-3.040758696154381102e+00,4.247906687636353595e+00
-3.435185869607078057e-01,2.949787838392244232e+00
-1.949440100844408441e+00,1.002403354585036599e+00
-1.603222496111342821e+00,3.009633681606338484e+00
-1.344073910637547886e+00,3.249201086799570426e+00
-4.389403456073572851e-01,4.498054871423495804e-01
-6.387964365319449556e-01,2.905972472564850584e-01
-1.524966652669439204e+00,7.655911730654485492e-01
-1.360972004336892693e+00,1.669315047580844702e+00
-1.712549751577402635e+00,2.035504724698929735e+00
-3.451468706017185362e+00,2.050626391844488694e+00
-1.076793521950654364e+00,2.763286803661242352e+00
-1.619805004547046678e+00,3.641411302750776624e-01
-2.328844398571010110e+00,2.860047668817500277e+00
-3.285640068484691589e+00,3.133016104709058336e+00
-3.003455332034605796e+00,1.491997839382714464e+00
-7.297402161992645464e-01,2.988674929926816048e+00
-1.584834486532558762e+00,2.996603169227849861e+00
-1.717312124111905591e+00,1.802697954456646823e+00
-2.922515077948741880e+00,3.470792337608781253e-01
-2.638216180432149116e+00,1.479121629096443513e+00
-1.101894220941517677e+00,1.162711678256577619e+00
-3.563217842417759407e+00,4.192160709503176541e-01
-4.981936227486830404e+00,1.104510336618644839e+00
-3.467293920379491468e+00,2.385585538644107828e+00
-2.679434898077839744e+00,1.516104383721027737e+00
-3.865589387665662180e+00,2.366753714915071249e+00
-1.163133587923582457e+00,1.162285286379154847e+00
-4.653444005806242956e+00,2.649733020877510725e+00
-1.786756388245653193e+00,2.231625821643605345e+00
-1.135190004686641663e+00,1.716007471488359748e+00
-2.422738846938539581e+00,1.375976421449407683e+00
-3.170499127499384340e+00,4.199269196662118731e+00
-2.926690412398189167e+00,2.014199081689955317e+00
-3.331805161371220514e+00,3.015986725648565958e+00
-2.652381662123447281e+00,1.260581674752802250e+00
-1.470666575517215913e+00,2.890273828864663663e+00
-2.007429508403728580e+00,2.329894730843699246e+00
-1.160718744891629850e+00,1.217570708667492951e+00
-2.173449931484924047e+00,1.212934977021684624e+00
-2.752647231481365697e+00,1.001484715211952814e+00
-2.582268079345558576e+00,1.135110919958366216e+00
-2.603958788597320773e+00,4.036613812180064542e+00
7.666784748736747979e-01,1.596898551720391746e+00
-2.075204175438619458e+00,4.533298565752190701e-01
-7.913164991716070684e-01,3.695001953631521729e+00
-3.852202752226617122e+00,2.730955538757060985e+00
-1.784297028340072089e+00,2.982802345219786933e+00
-2.238580872945760358e+00,4.769181131746050184e+00
-2.670717625376548998e+00,9.244104709417237942e-01
-2.225761882822829829e-01,2.697843261559546235e+00
-1.063455315019554925e+00,7.036306417114275291e-01
-2.331721702347741232e+00,4.266935334316321882e-01
-1.885179559071517463e+00,9.110903296677537178e-01
-2.730254690408346896e+00,2.301048839281145231e+00
-9.915523957934022636e-01,3.064273205069265593e+00
-2.937904073058547283e+00,3.444725888185977691e-01
-1.856613957513024937e+00,2.069777272580704430e+00
-2.277871479351454731e+00,2.066986539265245337e+00
-1.838520284470700039e+00,1.342655515510321251e+00
-1.850553993483214921e+00,2.327941733638375865e+00
-3.546201121206093099e+00,1.073293921256615713e+00
-1.718653449568848135e+00,1.260338069245090509e+00
-2.340952174980364120e+00,1.582072200531732475e+00
-6.338691292856661885e-01,3.303820645013044732e-01
-5.894767749832706016e+00,3.942064446116999576e+00
-1.768159720020173964e+00,1.806880429051088033e+00
-2.058473543682592499e+00,4.737002484827386173e-01
-9.893010017007395351e-01,2.034854901340964251e+00
-8.858115458970965417e-01,2.264762183349438018e+00
-7.509288959064757130e-01,2.199119716614758246e+00
-3.573186647971496654e+00,1.989728924037361013e+00
-2.541218439012806307e+00,1.449459031137350085e-01
-4.258687106406995326e+00,1.878932106400631685e+00
-1.636981799030511775e+00,2.143105532455901852e+00
-2.434297040467068740e+00,3.703469711397848751e+00
-3.990294250903838158e+00,2.584906460047549981e+00
-2.833477567428698052e+00,2.680359971833204735e+00
-3.067546676588476906e+00,9.438415406752003189e-01
-2.385562480872760904e+00,9.614414160143671673e-01
-3.000123592166659137e+00,1.905863327568088739e+00
-1.018211427717872652e+00,1.848662524367157056e+00
-1.730560352646778099e+00,2.592912152064573483e+00
-2.766161826619692121e+00,1.442491545331830327e+00
-1.594423494962742271e+00,2.997387909052036115e+00
-1.407351555678709953e+00,3.184136618268706087e+00
-2.447408910453131359e+00,2.799128724951235547e+00
-1.897620569855313244e+00,2.756593795029910421e+00
-2.176693425329429221e+00,1.834292097543483990e+00
-1.471928469962669794e+00,1.640136646624798189e+00
-5.322704873316099761e-01,8.941003471539992198e-01
-2.600988237862992936e+00,1.639790838561934860e+00
-2.769907195268413780e+00,2.610061652477515093e+00
-3.036049891321149552e+00,1.660326644982032196e+00
-1.847775802988704807e+00,-1.035338003548673669e-01
-1.563421910905402612e+00,4.992710173246808214e-01
-6.769774261594907472e-01,1.920494727741524521e+00
-1.717042102597957864e+00,3.005182299076240238e+00
-1.561104519567604987e+00,1.010393770805863234e+00
-1.258392142163674787e+00,3.324408380107866545e+00
-2.612967469425146128e+00,2.666980975605324211e+00
-1.504910417022449209e+00,2.790249644580362176e+00
-3.794987238788303685e+00,1.315475646372387120e+00
-2.199650193760322114e+00,2.388011392578405001e+00
-1.493358579990241353e+00,9.746122355617670152e-01
-4.379088506503888922e+00,1.166800789819403050e+00
-9.280296092763797855e-01,3.372485402966822310e+00
-2.032195269601076770e+00,2.484988076247124145e+00
-2.981289182638575230e+00,8.502644300455650672e-01
-3.586082454591270618e+00,2.045522608244391360e+00
-1.833521159475872020e+00,2.231314517972503797e+00
-2.295222320052719756e+00,2.147836506226684872e+00
-2.237036626698287289e+00,3.410907783804882243e+00
-1.792756390137464351e+00,2.457542203471950515e+00
-2.314836255202105786e+00,3.360827138525807722e+00
-1.493837454771301587e+00,3.061992216515919019e+00
-1.714594983059851030e+00,3.304552458242543622e+00
-2.437759844729057157e+00,1.157922609001024838e+00
-1.805315251921378872e+00,2.748127356441032898e+00
-1.325819251313530955e+00,1.242350507977385554e+00
-6.818965675938135629e-01,1.267112992881860523e+00
-1.188064701036998905e+00,2.574760371075234033e+00
-1.459818129692070920e+00,1.588144377391455198e+00
-1.157931251081270929e+00,1.109483110124934946e+00
-3.734793666157788294e+00,3.374151886820611512e+00
-1.946585077395683427e+00,1.731960754832307714e+00
-1.876267811936961794e+00,1.732214595489340425e+00
-1.065651629563139302e+00,1.913197040959960793e+00
-2.455183260291875502e-01,3.691122676658804558e-01
-2.381351052619550934e+00,9.574374170594834865e-01
-4.464943702932753222e-01,5.373633863666937849e-01
-3.416143727113715833e+00,1.653749912167352676e+00
-1.812330223967445031e+00,2.089532939885052620e+00
-2.696319624969327755e+00,2.188539473430261229e+00
6.757856909484409869e-01,1.361091652403389141e+00
-2.557716023531798832e+00,1.620341097373610761e+00
-2.118393172680179681e+00,2.773612528731712601e+00
-3.276781198987746002e-01,3.628354057365331009e+00
-2.830761064853795084e-01,2.555503273023218558e-01
-1.089114030823006063e+00,1.826772600643106426e+00
-7.250579038891125094e-01,5.519572950535849287e-01
-1.420329835329273038e+00,2.169211151764975476e+00
-8.113838090181297868e-01,1.886249160533997049e+00
2.212277520492591520e-01,1.510903508241662641e+00
-1.332216759294617248e+00,1.122960767865407661e+00
-1.774568787964202921e+00,7.608360834803680195e-01
-2.846577080248984704e+00,9.254005803826410581e-01
-3.757094182700928098e+00,2.493865498352406895e+00
-1.787765557112979797e+00,8.484873167579574105e-01
-1.215377018441184953e+00,3.358263852626882429e+00
-1.623343749741862796e+00,1.035875521067034288e+00
-2.815487690935953857e+00,2.478174967862295741e+00
-1.816282787052053704e+00,6.157623268394181171e-01
-2.863972205888774880e+00,7.290628138633885591e-01
-1.273404940694947696e+00,1.889425535558186153e+00
-8.080128191254356551e-01,4.382017837369598379e-01
-1.659789919168405348e+00,3.225825400195814652e+00
-1.018904370287216699e+00,8.657842821231660491e-01
-3.733282686368911474e+00,2.655648835237800487e+00
-2.161668338135900758e+00,2.496463906967773205e+00
-9.048406392980177237e-01,1.379816458041122740e+00
-2.157612808786968372e-01,1.428415002149320490e+00
-1.842176284080231596e+00,1.924297759439145050e+00
-2.143409638899589353e+00,3.200192485629515637e+00
-2.489345428198437293e+00,2.660397515733468943e+00
-2.371822173103887987e+00,3.614667429112112806e+00
-2.319726631694063013e+00,1.222900653008279770e+00
-2.154495883721505134e+00,4.269220703346581214e-01
-1.458061242429748994e+00,2.188605005899799227e+00
-1.969053758473177984e+00,1.137310854483709388e+00
-3.592290242821603918e+00,2.660156947846711528e+00
-2.739907304537067656e+00,1.087977160348090111e+00
-2.303459645310281356e+00,1.371776913893756333e+00
-8.198326782111158284e-01,3.657518324362303730e+00
-2.436052151948460587e+00,-1.365817236575764593e+00
-1.394037325346576317e+00,4.038243903082375574e+00
-1.326884371228195469e+00,7.357069901818515945e-01
-2.889111290676658950e+00,2.890888870908162378e+00
-1.751758045187016055e+00,2.304354466150247305e+00
-1.508525746096081477e+00,3.599183463146396811e+00
-2.104763731296685147e+00,3.293470298259708162e+00
-9.756974279424994734e-01,1.322730609853299377e+00
-1.940887322095905310e+00,1.497259369440979704e-01
-1.739176504793187306e+00,2.070158897422609279e+00
-3.438855566967336852e+00,1.638183495197399475e+00
-6.613637389976370073e-01,1.381396691941123134e+00
-2.005866442134768501e+00,2.033816523657100639e+00
-2.036639600876848810e+00,2.470679784498726939e+00
-2.073455359058528735e+00,7.645233114149714293e-01
-1.507150449981116802e+00,2.439084168342665393e+00
1.638247878925334078e-01,2.300313037166980656e+00
-3.111822822593025784e+00,1.555008441018270737e+00
-4.385209647860401461e+00,1.400533562944958454e+00
-2.483565745355486687e+00,3.723599304806817223e-01
-1.390918393556744848e+00,1.096140844333137521e+00
-2.528124593679358156e+00,1.497399590794743496e+00
-2.407539037889063316e+00,2.614679620410401029e+00
-1.750888813511336517e+00,5.599827623801614251e-01
-3.459742330665321219e+00,1.589145832612335330e+00
-3.208100086236810533e+00,2.156471671910337395e+00
-1.772880417797476627e+00,9.854780878993922855e-01
-3.450918528981500089e+00,2.817570155806127907e+00
-6.123009279965276885e-01,1.418564658428210556e+00
-9.097746457346498339e-01,3.976134238783146202e+00
-1.565066435341673889e+00,3.990730030378102811e+00
-6.930959634942015501e-01,2.136226218299137614e+00
-4.857041299222633057e-01,1.410034312286299496e+00
-1.478463981642375691e+00,1.676353115589388265e+00
-1.902540562885788322e+00,1.669099929742351884e+00
-7.198436012803148820e-01,1.556993913419280950e+00
-2.558143891629061528e+00,1.205323614051833747e+00
-2.315580835444746910e+00,2.822578019076228628e+00
-1.993699642035990927e+00,2.025256003228875112e+00
-1.674174436274058042e+00,3.293661004189370800e+00
-4.855376907475079662e+00,5.080981609110262198e-01
-2.778389665752776239e+00,2.069036510949382457e-01
-3.214931425622579830e+00,2.025460889790036578e+00
-1.496142936134184920e+00,7.062584631314228201e-01
-4.281440430608812520e+00,1.016507749567076901e+00
-3.022152197545299401e+00,-1.044821241527266853e+00
-3.167851056808393739e+00,2.369489429947914783e+00
1.127574209115438375e+00,1.959161451524576991e+00
-2.051976276634345453e+00,8.095785015985335065e-01
-1.854991476538801809e+00,1.092184572086508432e+00
-1.546028377511629692e+00,3.315180093102952252e+00
-3.103394811702597789e+00,7.746057843259770426e-01
-1.009664659825544319e+00,2.306223745713996465e+00
-2.038100619355178278e+00,1.889258876925127950e+00
-2.492537350271158747e+00,1.403851199745091538e+00
-9.841936378900086879e-01,2.691172563226708725e+00
-4.606961772923923171e-01,1.862113708521764499e+00
-3.256136628949222178e-01,3.389007678913381838e+00
-1.887521049040501220e+00,1.590594072281871219e+00
-4.351739307218847053e-01,2.315211064096885263e+00
-3.564676785833460926e+00,1.848989344515482358e+00
-2.314608571062084508e+00,1.500940414525254951e+00
-1.962584917705766818e+00,3.471911094002083420e+00
