x1,x2
9.664135638693003294e-01,2.535869787478941095e+00
-2.661828152070635944e+00,2.697620125315688622e+00
-4.324437550504152128e-01,2.823141541765624929e+00
-1.137235691211334832e+00,4.183564660940886526e+00
-6.373191514972620375e-01,2.429927804608465802e+00
-5.072574286098165963e-01,2.784494164905449320e+00
-4.124810694967201208e+00,1.916425701958255789e+00
-2.283475004848164680e+00,1.990777910855225041e+00
-2.392239102589641675e+00,1.518607615532971078e+00
-7.044012659374025986e-01,1.029294143092287062e+00
-1.040598391225168839e+00,8.950212832156700937e-01
1.524189522044703260e-01,-2.056522369798274852e-01
-2.621428688044477262e+00,2.251772545112083357e+00
-4.995480840739435990e+00,2.369793902093129123e+00
-1.821758686353677881e+00,2.344717620386612023e+00
-3.424312331553029054e+00,1.151375176910275799e+00
1.890508394862422392e-01,1.747785386825886800e+00
-1.120291083184437042e+00,2.509483012777995903e+00
5.208639840562172552e-01,1.194900775968170237e+00
-3.420913087291757471e+00,1.817659662299420109e+00
-8.233379664140696441e-01,1.076819513801514416e+00
-3.290690873468435029e+00,3.740349884232357702e+00
-2.086835528358350622e+00,1.725626473151150808e+00
-3.190361653579564027e+00,3.607763822311255808e+00
-3.751318161881817659e+00,2.578177166069638204e+00
-1.072701150323138286e+00,6.459387473935327417e-01
-4.931859344514263555e+00,3.338667724307313289e+00
-4.180535107137119510e+00,8.006003771036549477e-01
-2.268008727354711596e+00,1.959180076853039854e+00
-4.733670672356451448e+00,3.555326099435065501e+00
-4.181598560625055860e+00,2.328748326497771526e-01
-2.143218529960321916e+00,1.955677710499586386e+00
-4.256669580984617340e+00,1.685436535998184882e+00
-5.967513904498042976e-01,2.375255762441575769e+00
-2.463648667876157106e+00,3.689155977273691711e+00
4.542643095232326012e-01,1.616061605687793001e-01
2.608639766706191132e-01,2.746843383072660849e+00
-4.118259732123966899e+00,5.294346898660173828e-02
-1.051921528208616508e+00,1.196335359632968887e+00
-1.130377719186152596e+00,1.016791317060704358e+00
-3.609803926925017947e+00,1.151224258312733673e+00
-5.028309106959406805e+00,1.993017654684571704e+00
-1.164570513716091327e+00,2.849716324920167132e+00
-3.649144176146921659e+00,2.285206764720487449e+00
2.282675380135712473e-01,2.777963640204565543e+00
-7.197608807044701962e-01,-6.484117976660965788e-01
-5.775206885362607068e-01,1.822235823174386482e+00
-5.361293689171553467e-02,5.482462357995425695e-01
-4.777182432330293160e+00,2.513788155933347923e+00
2.646718887340948179e+00,1.520129932788474303e+00
2.085107726565074593e+00,2.799896781623715025e+00
-2.701146288380862792e+00,2.960015360842077836e+00
-1.256001609170017019e+00,2.221163339968948325e+00
1.022233148542654124e+00,3.072085431760957164e+00
2.135544111957718094e+00,1.641781880550908124e+00
-3.552350199109786111e-01,2.654235146822728986e+00
-9.074470380880264031e-01,2.648271639744909756e+00
-5.617719518172259896e+00,2.844211903218790471e+00
-2.926300473112934064e+00,2.442202555964345656e+00
-2.124938065878748006e+00,2.930575025276425993e+00
-4.725019245350020825e+00,2.061171280721861176e+00
-2.873328032909125085e+00,1.990095818897270608e+00
-8.816010571784902439e-01,2.753803818988033836e+00
-2.841989841749216872e+00,2.587307886605755947e+00
-2.430597606828895252e+00,1.914477358054120559e+00
-2.213122384480160854e+00,2.774749306567918516e+00
-4.527533586452120673e+00,-5.771391155756422364e-03
-1.726234272076165865e-02,3.243768109262834543e+00
-1.417754619608125211e+00,1.669031600379853764e+00
8.983374108800243896e-01,1.769679013296155512e+00
1.427018885093689349e+00,3.115101615242167998e+00
-3.952450133437346302e+00,1.661416136009882916e+00
-1.184422073450113189e+00,1.405264762687802538e+00
-2.864942369125172306e+00,5.736416880697821075e-01
1.517052473486059316e+00,1.961558628829072060e+00
-2.602986927605454248e+00,3.401250507285119351e+00
-4.496081919477950883e+00,4.466566917066199238e+00
-1.992301071820983260e+00,9.211221712775186088e-01
-3.651933613917622168e+00,4.132950577907767986e+00
-1.067243268406655510e+00,1.015956132887736230e+00
-3.910847901291109707e+00,-4.062333077812820825e-01
-6.222411113560948337e+00,1.332431091208596374e+00
-4.885840294620825475e+00,4.688916300033398876e+00
-1.058052588891165158e-01,2.032241466584002509e+00
-2.474749470143255969e+00,1.882963440212359396e+00
-3.416648676135860541e+00,3.335401836241071560e+00
-8.934980746800600393e-01,3.230596153119360547e+00
-1.459161107983297345e+00,1.205371011262959202e+00
-1.387361749661084609e-01,2.353402152683571558e+00
-5.517899409720552484e-01,2.415803134840446731e+00
-2.757919183732512991e+00,8.673006835977348228e-01
-5.408918053309420770e+00,2.270280695942275884e+00
-2.418928915802064594e+00,1.111861361611000465e+00
-4.819496428955776679e+00,2.989427327112935906e+00
-5.453083448129250499e+00,8.533523570976164763e-01
-5.902544671580196578e-01,2.752405852610185555e+00
-2.524462788897229082e+00,3.131672077793186126e-01
-1.421363944235818355e+00,2.076764223297229872e+00
-9.986683517548922140e-02,2.527908195423922422e+00
-3.869348620639510017e-01,1.860338311644544884e+00
-4.098679127416493984e+00,1.718307017064065523e+00
1.934506946459580323e+00,2.978770698345805990e+00
2.321948820924779611e-02,3.930108674266701740e+00
1.604992705855067481e+00,2.334791215848758483e+00
-3.591862572716620683e+00,1.567211845506162105e+00
-2.322515254158048492e+00,3.205308280563121670e+00
-3.178446543218536036e+00,3.832254931340976611e+00
-2.015448772377046893e+00,1.723754772666486357e+00
-2.842496706986083588e+00,2.362173303937073143e+00
-3.760252346921317823e+00,1.750803766293646646e+00
-3.780643889899563348e+00,9.446764471683064546e-01
-1.606492839760015556e+00,2.457221764978080980e+00
-7.344455181670372923e-02,1.588140590028704446e+00
-5.639398772891238920e+00,1.406878853809250707e+00
-1.872838550957353299e+00,2.502704853721499312e+00
-2.667443471389128185e+00,1.618538029111171506e+00
-8.293795853794012629e-01,2.001756788774139206e+00
-2.045176189650242726e+00,2.271307852199566657e+00
-8.075231776009907492e+00,1.734022715770358047e+00
-6.231641671458536536e+00,2.030795811698922648e+00
-6.351962562204045426e-01,2.055658035895103097e+00
-1.776407493643845203e+00,3.392453222186699868e+00
-2.393408530687848312e+00,2.352805334782723801e-01
-5.458004181439841673e+00,9.066885537353537305e-01
-6.127119165511716758e+00,1.279594307238478113e+00
-1.493457456814096140e+00,2.522446572140287557e+00
-2.096265995960939321e+00,2.348720804516016170e+00
-2.753864633464250034e+00,1.554973325388798955e+00
-4.230780340104297821e+00,1.762681005607195983e+00
-1.664927139930161726e+00,2.875176061723334620e+00
-3.447529564488473142e+00,2.645631837140431486e+00
-1.363037366185203325e+00,5.396367395788836951e-02
-4.532307610703420586e+00,2.710039946904159169e-01
-1.546183947726054164e-01,1.696891551815844501e+00
-4.687450985463836872e-01,6.689587527205784756e-01
-1.877641015648316980e-01,2.123815632096932582e+00
-2.361552295391717848e-01,3.702783988093683032e+00
-6.150643665052829334e+00,2.620288193910684349e+00
-1.065753567781484890e+00,1.349230673878496933e+00
-1.126768360753560572e+00,2.530214696297694132e+00
-2.229222207692380664e+00,1.399311467978984869e+00
-1.432276218803695489e+00,3.218142030457365799e+00
-5.719804969751724144e+00,1.466684923204868429e+00
-1.732116869042797269e+00,1.431077942185541740e+00
-2.048889422733347843e+00,1.996676080233254602e+00
-1.912643980011443201e+00,1.478008426395233776e+00
-2.042957884768951793e+00,1.090907812732011983e+00
-1.674107016650579816e+00,2.741338971418746162e+00
-1.075703746416981410e+00,2.282296477420540537e+00
-1.413324487295617882e+00,2.219819310578824645e+00
-1.593538967055971867e+00,2.737967443335642681e+00
-5.967347436079534440e+00,2.396105040998024904e+00
3.258532187309448602e-01,4.023024773935055975e+00
-6.177088805653205839e-01,2.291492039178984363e+00
-2.480482237822710267e+00,2.231371604062091230e+00
-3.542251544985544953e+00,2.634673976777505811e+00
-2.275956672804033687e-01,1.350165007661643601e+00
-3.705971367550248807e+00,1.700302170452633543e+00
-2.700813645130950569e+00,1.403644563696721637e+00
-2.648292410313478840e+00,3.910450691190621164e+00
-1.482150910605927852e+00,1.523146543481363357e+00
-4.828774880422148641e-02,2.422283304335285603e+00
-3.961097413992405336e+00,3.270548833286873958e+00
-3.225349908436692559e+00,1.273571700085817548e+00
-1.995149805341967397e+00,4.189258697532870279e+00
-4.330273317797447952e+00,2.206970386496206249e+00
-3.616653225729569598e+00,1.595570901200159764e+00
-1.219908202911251127e+00,1.385963211977832454e+00
-4.113017330412684913e+00,3.292390676763174540e+00
-1.964631399106402831e+00,6.063199478579399671e-01
1.433026413550610556e+00,9.802992603005604710e-01
-5.664986588300400250e-01,2.690502682217178254e+00
-3.113491040044839231e+00,3.920702941505684436e+00
-8.720437338466915378e-01,2.402626862070778468e+00
-2.217979443385287297e-01,2.629103648076077882e+00
-2.716907378700117448e-02,1.834268238843869803e+00
-6.049838959831985719e-01,3.137725873994272607e+00
-2.334173488020284459e+00,2.261503401183924566e+00
-5.829129078105935946e+00,3.272691064354777524e+00
-2.219607518734190599e+00,5.270736259731343409e-01
-1.756087729543926557e+00,2.727146355381382392e+00
-1.317639515685133489e+00,3.095449638139640580e+00
-2.402987850419191496e+00,2.117202930928688165e+00
-1.198362860702733457e+00,1.998226981692776683e+00
-2.836228202407347077e+00,1.359426769045533723e+00
-1.902853663548841556e+00,2.139969469561370907e+00
-1.448777026824812353e+00,1.511335921057865184e+00
-3.621483289804492856e+00,1.672619262090624170e+00
-4.154455794046819861e+00,1.114300728245399164e+00
-2.484525463414379409e+00,3.195087515498767683e+00
-1.131486634501376543e+00,1.603675560014834245e+00
-1.821088520609355221e+00,1.581044656224837031e+00
-2.339557770816639071e+00,2.033045333366160889e+00
9.643896282043256107e-01,1.921435678299268313e+00
-9.702125370268857019e-01,1.553676165978428170e+00
-1.072155536754943128e+00,2.055516874696503571e+00
-5.127525716284393020e+00,4.255702755766870293e-01
-1.640062264587820895e+00,2.700289343032113987e+00
-1.427116025142680211e+00,1.879898401743197445e+00
-1.282721618310489475e-02,2.777427547172087507e+00
1.489160383507540431e+00,8.281008504374964829e-01
-4.958590118825190629e+00,2.989393139785737397e+00
-5.823579886544353990e+00,1.813487014176576650e+00
-4.252462815126408557e+00,4.987476251249236547e-01
-1.268646801059611029e+00,2.787605121626422378e+00
-2.310035222449471348e-01,2.595660685398661016e+00
-2.588023479250185943e+00,5.105857510760687390e-01
-5.216187195147717226e+00,1.738674009516284258e+00
-3.672634517160396683e+00,1.853228050473414212e+00
-4.373977774936150809e-01,3.287810346102308934e+00
-3.351987139008876682e+00,3.378809868116522175e+00
-1.705443055102388250e+00,3.073736902114175606e+00
-2.592304968336383908e+00,2.847585482517463795e+00
-1.456513081919305730e+00,7.015312337991281844e-01
-2.870768333481606760e+00,1.869778233414532087e+00
-3.635011785488955205e+00,1.538816425056321213e+00
-2.953068537374194946e+00,3.416256363901215565e+00
-3.533492665714130787e+00,1.669299057139642883e+00
-3.192002769079914870e+00,1.621056707925864648e+00
-1.756741410333282793e+00,4.376138534894693510e-01
1.213376478125611779e+00,6.475553354220631164e-01
-3.891410690985252607e+00,2.408759296726575183e+00
-6.019191957063121379e+00,3.320402914921979587e+00
-1.900049859480138270e+00,1.390259450214859527e+00
-3.636084512917136635e+00,3.182551695659308066e-02
-3.557512317597187668e+00,8.713040970488632464e-01
1.189777153370365159e+00,2.986205792847544060e+00
-5.749743900243209360e+00,1.439153803013541788e+00
-2.988432204472803555e+00,3.887327647430983912e+00
-2.277149190396444922e+00,1.198473112749584235e+00
-1.886917814758777290e+00,3.635233491459792798e+00
-3.896346099934084428e+00,1.722153000589406124e+00
4.330900985008523385e-01,-5.179585208544703612e-01
-7.595616911829647933e-01,2.743951466505720749e+00
-1.297036155498257681e+00,1.689597455440250862e+00
-2.920788319714856307e+00,1.326073549674141150e+00
3.950245543742420651e+00,1.774993638843840094e+00
3.463869807772099740e-01,1.006029502232937523e+00
2.851025530143780351e-01,-1.013207355385783437e-01
-2.237734583225463147e+00,3.335841641066568108e+00
-4.564428200128867630e+00,4.201109977107020832e+00
1.114597676599172971e+00,1.234062877783665080e+00
-2.849536749944398650e+00,1.637349678509803841e+00
-3.310415006801299853e+00,1.730797577990587754e+00
-3.365082283353473258e+00,4.574088070530701877e-01
-7.128339546004401228e+00,1.324650036550573340e+00
-4.574708159691255105e+00,2.001983915419112137e+00
-3.275542563292642484e+00,1.965908597721937268e+00
-4.230401249399223573e+00,2.567229595882470239e+00
-4.879733279749574493e+00,4.817480527924478118e-02
-3.965162504671568833e+00,2.259146066661203989e+00
1.028274535552124558e+00,5.105006352668661762e-01
-2.200288327265437438e+00,3.552177243010707031e+00
-1.557407232215461512e+00,3.454948187426197137e+00
-2.951611752958780421e-01,3.857231519726477487e+00
-2.078166921550625545e+00,7.940074089612163544e-01
-6.010967358633390489e+00,1.825312090672756016e+00
-1.171936709459772352e+00,2.649152715958938309e+00
-8.497589975051100808e-02,7.651402166198013610e-01
-1.161670803269532648e+00,3.519886150489585752e+00
7.855142301398929661e-01,2.777119348409294197e+00
-1.700555805855823888e+00,2.124620432038208051e+00
-2.305210328489746274e-01,2.459424291840206944e+00
-4.820199149492932378e+00,1.211468840959463833e+00
-6.963024280049814330e-01,2.385422769531578613e+00
-3.651705846023570956e+00,4.003033321718096005e+00
-1.153067852083194289e+00,1.848395458889740439e+00
-4.316862939866830118e-01,8.045121196782538675e-01
-3.950157754677920963e+00,1.570768019912432756e+00
-1.393693236556158066e+00,2.594482450998536027e+00
-2.960992478951949280e+00,1.072864688958209189e+00
-1.464290581779483791e+00,2.476333601288644104e+00
5.948371153970049008e-01,1.357756277542564227e+00
-1.192082663179559798e+00,2.131058755143512062e+00
-7.570904130643434371e-01,3.707695277452800031e+00
-7.021593112171404805e-01,2.818081617813651185e+00
-1.624727116811378380e+00,1.030372766520059713e+00
-3.687100134559303299e+00,3.418906393849266756e+00
-1.199650114131079803e+00,2.428477821973668238e+00
-4.264712967759245466e+00,6.714910905562838650e-01
1.416686552770944019e+00,2.165031906506486692e+00
1.810162178607701122e+00,2.998278823212484845e+00
-7.270341859271432838e+00,4.052709234198343502e+00
1.506621498859501695e+00,1.652923977275715162e+00
-7.431863998068175547e-01,1.745614604441137363e+00
-5.749848488649274003e-01,1.409556535528214027e+00
-2.398700182400967940e+00,2.412620301727230743e+00
3.060407060077630526e+00,1.565785027327070811e+00
1.616983264302088052e+00,3.573050422782722002e-01
-3.864856757660454889e+00,1.379638868735311164e+00
2.400099680505425326e-01,1.384922618361438929e+00
-6.017858975461747306e-01,3.045072643288787795e+00
-2.590706647286365794e+00,1.458128357351941018e+00
-5.855097573927388055e-01,2.432794943655913311e+00
-1.918195135569060739e-01,2.228999844357931970e+00
-3.580432136773979757e+00,-9.573212450472379231e-02
-4.082073182346348972e+00,1.816714094797000856e+00
-4.844822039133871883e+00,2.301063822133092351e+00
-2.371337191117192766e+00,1.130504828281105212e+00
-2.381996445205299295e+00,2.200754628257313161e+00
-5.907584210167415861e-01,3.442904190464002312e-01
-2.200648250832858643e+00,2.292769744499628448e+00
-3.475246090381108210e+00,1.031790562164885294e+00
9.040317885042892243e-01,8.323230151444203084e-01
-1.826500310177918696e+00,2.297910444636875660e+00
-5.720744389033258770e-01,7.224261446660049657e-01
1.027705197653868474e+00,1.564735248276872603e+00
-2.222841758917579291e+00,4.126678731347437790e+00
-1.363785071921819636e+00,2.023969033187215771e+00
-3.754813281874864295e+00,3.337847798598617466e+00
-3.857885482511180797e-01,2.955024426714931707e+00
1.403644811652408730e+00,3.303112097418151372e+00
-2.570847189915528297e+00,2.379001582971008499e+00
-2.053470589969860427e+00,2.657765399555963359e+00
-2.637530888459860279e-01,2.760915638273656825e+00
-3.091910860085790524e+00,5.145249654088837055e-01
-5.260708812806051071e+00,1.162018985245345970e+00
-6.537711218332859175e+00,2.222317467372201705e+00
-2.474828599557524100e+00,1.302062119931610473e+00
-9.968921968018653601e-01,2.077671427887974875e+00
-1.531406098090471790e+00,8.967559619011946648e-01
-2.648701618078026954e+00,2.358610211719998517e+00
-3.018761728296981417e+00,2.505209385454174598e+00
-4.117041019085565523e-01,2.559080975598769570e+00
6.592392025060727079e-01,1.287846408551822641e-01
4.095057639714365649e-01,2.480973226913647078e+00
-3.007558963903703919e+00,4.589247447577625039e+00
-1.218831630941577870e+00,8.858760899289797042e-01
-1.813536335079105388e+00,2.610852592467203692e+00
-2.553460885792481427e+00,8.582967626215856072e-01
-1.112814018111965453e+00,3.183254897144875972e+00
5.250883909603798472e-01,2.338190727833545424e+00
-2.883948284084606684e+00,1.154081188255625667e+00
-8.186548889645681726e-01,2.814520757678548257e+00
-1.000921269133380420e+00,1.893214587365906754e+00
-2.956414711711792265e-01,2.070523404052665661e+00
-4.144252507607169456e+00,2.213371230738878204e+00
-1.974097039596450998e+00,1.077018630857194070e+00
7.114547441543552786e-01,1.751304516495447050e+00
-5.622418378261118121e-01,2.148353599356163990e+00
-1.640020392056315224e+00,1.667031711261528493e+00
-2.353475644536421107e+00,2.626014722610904961e+00
-7.665441538685362488e-01,3.033619637218026632e+00
-3.613749916875255153e+00,2.781665079602718915e+00
-4.034039422385829354e+00,9.754255541250120842e-01
-1.375322649457886293e-01,2.966960557601656667e+00
-1.537010929824923267e+00,1.260614606287775885e+00
-1.892455318981890677e+00,8.714770304523606903e-01
-3.111265191951677167e+00,1.357203121551683545e+00
-1.709876091630241568e+00,3.459211898878333358e+00
-9.143515745899364333e-01,1.058299808571426581e+00
-3.693249081942959755e+00,4.585935587075598896e+00
-1.232886833000162330e+00,1.575179778616164539e+00
-2.066222660207759354e+00,1.180029157651161231e+00
4.498838961489779464e-01,1.573050088019607218e+00
-8.236289600504971276e-01,2.658891651482188312e+00
-1.545862202601051560e+00,3.375215601814945732e+00
-4.225559371495303473e+00,3.616788011543377035e-01
-1.436886328254427081e+00,1.244867449742302234e+00
-2.250808400148347488e+00,1.171879263279517636e+00
-6.612991885004984027e-01,8.742176965567127755e-01
1.427964153440194561e+00,2.483353891555178272e+00
-1.655244231264193733e+00,1.806706654513192678e+00
-9.821466673033292238e-01,2.681826700723047630e+00
-4.372320754288558931e+00,3.540281262017115793e+00
-1.943636028442634167e+00,1.693857528388542866e+00
-6.909570618482515414e+00,1.416940577265909162e+00
-3.321519737634643477e+00,4.129749316359438538e+00
-4.176875145445327675e+00,2.263772898803118938e+00
-3.915668534995718986e+00,1.841656518003828680e+00
-4.512153025768162351e+00,2.622167969451149716e+00
1.867269490741882976e+00,3.185416027141064088e+00
1.562482586406781504e+00,4.424966816091494337e+00
-4.333612157975226253e+00,1.905520382505738519e+00
-2.888164346518176551e+00,2.354175591000871925e+00
-4.749406096730812266e+00,9.486556387995814799e-01
-3.499439419207091007e-01,1.130948216962721631e+00
-5.418702052241881617e+00,1.296945171698209442e+00
-2.961916648114588213e+00,4.092221562202498220e+00
-2.169186377490448514e+00,7.568352837303342628e-01
-2.289709072308115267e+00,1.680446263765622117e+00
-5.073307188292943692e+00,2.478734196962995462e+00
1.782608619569832520e+00,-9.118430799554788635e-02
1.433569614523508839e+00,1.104859857262942668e+00
6.836876953194361839e-01,1.648703583192749011e+00
-3.443943504930579991e-02,7.626397316662998360e-01
1.953341049661925233e-01,3.685410411110739304e+00
-4.646875616872176984e+00,1.624961789463754691e+00
8.952339171972432119e-01,2.826635731214242497e+00
-1.504980738573920451e+00,2.585254739156732207e+00
-4.136555665255320591e+00,4.049748501703080983e-01
1.925715876881500144e+00,3.089050291701350925e+00
-6.495249064789774707e+00,2.691336326024843739e+00
-1.589026970463587318e+00,5.214830332143551850e-01
-1.344544312117861296e+00,1.739629823454242219e+00
-9.300216165436352433e-01,1.638454054208355215e+00
-3.421005869484901041e-01,2.652297602181172387e+00
-1.985695471856528727e+00,3.150197464842541706e+00
-1.807492166538500200e+00,3.095770992073621386e+00
8.472047548933336891e-01,1.228519587770200427e+00
-2.985263434588268261e+00,5.804189088980866718e-01
-2.085058240403467877e-01,1.776588173464056064e+00
-2.031308520795242600e+00,2.091632183615475871e+00
-4.052958697400435462e+00,2.820316816223415124e+00
-2.335975193521228732e+00,1.952681838096563594e+00
-2.165850121999169708e+00,1.379341433130206296e+00
-3.007723274583973705e+00,1.252689055077116587e+00
-3.986683480812854619e+00,1.803097108086142430e+00
-3.706563676460938872e+00,1.470980866993482294e+00
2.254463394422949740e-01,1.279412132370006505e+00
-1.540497108047933494e-02,3.115535574695328158e+00
-2.711009541728793160e+00,3.393128351086412309e+00
-4.194087422648930641e+00,6.443467739797983374e-01
-1.361256033590525050e+00,3.177887493646839978e+00
-3.744405488416368222e+00,1.144538847855098407e+00
-2.619559307506033718e+00,9.433834957294544576e-01
1.073168592620934447e-01,3.288808492857059562e+00
-3.464008953349916098e+00,2.954867231655550874e+00
6.565527805394477667e-02,1.223679768224279929e+00
2.609364124717963307e-01,4.111260943602436768e+00
-4.517560761058223129e+00,1.075622690987259045e+00
1.162455946804122231e+00,2.470535960018489074e+00
-1.813188784232417916e+00,1.060075879555901990e+00
-4.503757537277101264e+00,1.069193984433532973e+00
-2.650869666246482126e+00,1.048533661235975467e+00
-1.344822624887719087e+00,1.527892123300203631e+00
-1.505719337261346880e+00,2.163439580445136734e-02
-1.943441546926450769e+00,1.462807485690159837e+00
-4.248690668145538751e+00,1.474364636166412001e+00
-2.324716159214228917e+00,1.478758843474799356e+00
-2.374577839770133814e+00,2.120741560855968988e+00
-3.464285664247621632e+00,9.264145934231278190e-01
1.096311050933152842e+00,2.147958698614085726e+00
-2.803041517813197991e+00,2.347733612593672525e+00
-2.208393505364641740e+00,1.837815308857745134e+00
-4.373335745358840398e+00,2.888650963342784372e+00
-5.740165778823299370e+00,2.796443464725117956e+00
-2.176313832755317534e+00,2.939106383373093045e+00
3.278788980229424332e+00,3.291994848923261774e+00
-2.409748749424238667e+00,1.423953567043561019e+00
-2.518624831404540743e+00,1.464033589607190988e+00
-2.319656949318404493e+00,1.108888001542494894e+00
3.658652884693491814e-02,3.074298490503933223e+00
-1.184456441652870229e+00,2.458272136420922127e+00
3.471620538652460120e-01,3.005433460846939298e+00
6.784925686444820414e-01,2.905509079123549387e+00
-6.337694313208736219e+00,2.318309867732253338e+00
-7.146273694662754750e-01,1.719189674510694932e+00
-2.887668104363049437e+00,1.664846369141030902e+00
-1.071174214514636347e-01,1.137211797075003528e+00
-2.203770544996634051e+00,9.731495546307906697e-01
1.140921949636481969e+00,1.449539260758870407e+00
3.690511962326752382e-01,2.549968754397045068e+00
-1.967753500172856107e+00,1.751607943748173746e+00
-3.520552287378446721e-01,1.270084811171799943e+00
-1.649433144591017086e+00,2.438902934698754965e+00
-1.372695118154947380e-01,2.857284879870164218e+00
-2.847725300250652403e+00,3.621338553912080371e+00
-2.250411336275718099e+00,1.281126526476354721e+00
4.648694032376104346e+00,2.176821336765343062e+00
-3.748735986692519617e+00,2.085283235283434511e+00
-2.449103221859080470e+00,1.779706416745626019e+00
-6.036369761433961756e-01,2.929760333447239518e+00
-1.562250631109693089e+00,1.657180278539612583e+00
-4.046385455478630711e+00,1.813911873036774036e+00
-3.022543300302864111e+00,2.002716093109481843e+00
-4.648286615487400297e-01,2.028142605059740866e+00
-2.186006971218172446e+00,1.984372740943224800e+00
-5.260595832553089934e+00,1.966024249979551719e+00
-3.316735966736912289e-01,6.940142669803106568e-01
8.361601658388808644e-01,2.413963760994050300e+00
-1.313794725101828931e-01,2.663904831144961349e+00
-1.679982192402301511e+00,1.256529000210826474e+00
-1.920057835382268152e+00,1.558793120557979472e+00
-2.275334959842562732e+00,2.485024047979339290e+00
1.200014221248098867e+00,3.814796447219634956e+00
-9.835846638748373394e-01,3.587982648503670102e+00
-1.443830291785074493e+00,7.978627754436207198e-01
1.318293453376080837e+00,2.119939778025315302e+00
-2.855386083771965566e+00,1.115007791174828400e+00
-6.202823261056371607e-01,2.080438765893898090e+00
2.003815325799910063e+00,2.130032901306993409e+00
-3.822877695369173878e+00,2.657110336972540399e+00
1.209097821294724540e-02,2.235594139249528656e+00
4.890729441463079752e-01,2.724952237736212091e+00
-3.528462509151081505e+00,1.858990898811176740e+00
1.066861906586443975e+00,1.012301950383851512e+00
-2.113900314499097099e+00,3.340512397781523646e+00
-1.347469066404618498e+00,3.345918845350499105e+00
-2.047073146088717266e+00,2.417754153066590472e+00
-1.337842206563563785e+00,1.372965530377523002e+00
-2.122512155536878886e+00,2.439645796418146606e+00
-1.495681354456841028e+00,7.841339672815021977e-01
7.466585914373196076e-01,1.061274612641210702e+00
-2.775096361411221402e+00,1.400462947670995995e+00
-2.213092255426767352e+00,2.828234837047942651e+00
-4.236644798843025583e-02,3.047945782692647043e+00
3.814489216037664221e-01,2.788407516376747886e+00
-1.277414154602299234e+00,1.651291666465288355e+00
-1.035243789112762602e+00,2.297356675314889962e+00
-7.235642699573054948e-01,2.592836102958531619e+00
-3.960201523910615862e-01,9.789177097288428442e-01
-1.319306513583667684e+00,4.187033286533537790e+00
-1.803525273751382940e-04,1.756501904590447749e+00
-2.370898294540362272e+00,1.848054628773614150e+00
-1.989049446197053150e+00,1.028258037517005841e+00
-2.437034096612152645e+00,2.043062577308392580e+00
-2.471801889157672072e-01,1.058800929876358321e+00
-5.038367859696322171e-01,1.909256075954974818e+00
-4.287159733968748832e+00,1.900686446023008402e+00
-1.136970360179576645e-01,8.856483242968380409e-01
-2.812568338771014531e+00,6.307272465724238497e-01
-4.185461194713795408e-01,2.916371199145927573e+00
-2.899861718908701036e+00,2.144884075771610998e+00
9.994043620992991706e-01,2.490090065310417877e+00
-5.422470678859427018e+00,1.766068232625957357e+00
-2.671529149304359585e+00,1.009702891917392709e+00
-8.471867241320865105e-01,2.144543050627730096e+00
-3.850818297817175662e+00,1.432401783936096962e+00
5.482553008736483768e-01,3.109403358724538435e+00
-5.270820123584581296e+00,3.042935783516711457e+00
-3.478630722538008868e+00,1.924611749777659142e+00
-4.141835251503374948e+00,2.456266615673250886e+00
-1.558445116650378104e+00,2.051315586963364801e+00
9.594300239061381852e-01,2.363889836206909401e-01
-5.345411569748322655e+00,1.915125999751125851e+00
-2.768765927969756291e-01,1.367285597218838689e+00
-2.012793405349927234e+00,1.696391802296652429e+00
-3.874627078307552708e+00,2.079912901803601777e+00
-2.690214281472728786e+00,1.440843314892033433e+00
-2.704462064853851544e+00,1.505565385418902169e+00
-2.068236359571892891e+00,2.230498243216245235e+00
4.499978799428219212e-01,1.217450896799572746e+00
-4.853667153697748482e+00,1.958120450411624747e+00
-2.181170103880505806e+00,1.309188021439125382e+00
-9.550760769607231637e-01,8.354561864338450050e-01
1.237586286942668146e+00,1.310486059876929898e+00
-1.475014888382228051e+00,2.583590758363494722e+00
-2.608168462384847786e+00,2.492692180671525204e+00
-8.794118939878297070e-01,2.101567657184089111e+00
-4.252011474730506890e+00,2.922678103312806641e+00
-3.484808962401302779e+00,3.367315531275216767e+00
-2.241374042566199876e-01,2.565310116894795378e+00
-1.871749832465669172e+00,2.885721329557717763e+00
1.040312167898243434e+00,5.687319710326583788e-01
-8.614442201570886581e-01,4.888153943486681641e+00
8.190874630573219406e-03,1.689024645831426863e+00
-4.625643379414308143e+00,1.303212403176833956e+00
-4.251856407753512812e+00,2.069395487302621017e+00
-3.545547429901084513e+00,1.803417602474060022e+00
-5.435752161281673267e+00,1.734191470539194757e+00
-1.025331807651416405e+00,1.519278017571404904e+00
-7.003534160403290798e-01,8.622780115554333769e-01
-7.366323813569124468e-01,2.510349401240628886e+00
-7.310734326508644187e+00,3.865639126074918774e+00
-4.046477350583829846e+00,8.536199704827713841e-01
-9.234994496456190305e-01,1.149017914351134984e+00
-3.178430409307479998e+00,1.861655132696082404e+00
-1.713263000720141704e+00,1.115167657770049559e+00
-3.836099847385593620e+00,3.324703533583166060e+00
-1.744960919636842966e+00,4.696996333464058537e+00
-1.240581451368274468e+00,1.712159042554359134e+00
-9.465121053085669978e-01,1.985296960730277505e+00
-7.546050169926775908e+00,2.526657304598722398e+00
-7.772427203126191841e+00,3.634771883938589188e+00
6.909976269458217857e-02,1.980734135931348616e+00
-2.254079371129972920e+00,1.979730677593708688e+00
-2.608716038909252077e+00,1.538057999762886929e+00
-3.757863005504898268e+00,2.392454901950588297e+00
-2.522723155823070940e+00,1.839628077731609190e+00
-2.696343952246434306e+00,2.162142485294867633e+00
-1.685967801361880181e+00,1.302666491115672676e+00
-3.951130458530820455e+00,2.863810648906003120e+00
-3.318127191460320979e+00,4.187731901462100836e+00
-5.597981391791987171e+00,1.840468800098578717e+00
-4.833900268402652856e+00,1.665746697785191577e+00
2.677581354223444343e+00,2.281458560629616716e+00
-8.012376556587945231e+00,1.528002474943938038e+00
-5.734065785229248036e+00,1.443734486520599880e+00
-3.536371800972304413e+00,1.746623211127370734e+00
-1.105872598623880876e+00,1.747920606775806185e+00
-9.126867690848450287e-01,1.965893147241636107e+00
-4.310572938534413368e+00,2.633960230881925213e+00
-3.711438725539712991e+00,2.919888294338714996e+00
-5.240888621325630936e+00,2.326999552668339799e+00
-2.253421866441480681e+00,3.087437841065251654e+00
-5.466289856296056016e-01,1.704547370900886039e+00
-4.155150788676584384e+00,3.102118270582824078e+00
-2.408922852266862868e+00,2.035909184278994921e+00
-9.602405875114712330e-01,4.636073426690681121e-01
-3.250194534100411481e+00,2.115769478489904376e+00
-2.108644857332520495e+00,1.941344681014443463e+00
-1.069330862551818750e+00,7.206571031807087468e-01
-3.537694625583224450e+00,5.734659977149814125e-01
-3.728872267286854836e+00,2.066047893911355349e+00
-1.466516461105989766e+00,3.025832126148890744e+00
-5.056029707204613644e+00,1.398217223803155385e-01
-1.181323777584265322e+00,2.186057516512732501e+00
-1.429169562154324780e+00,1.488457879844558462e+00
2.115136947043403381e-01,3.029647164199797515e+00
-1.228981569565561482e+00,2.036004812928772445e+00
-4.182949817673074833e+00,4.066196037307394207e+00
-1.194282489488794674e+00,3.328569405533802872e+00
-9.505807100442709157e-01,2.402919402832583540e+00
-2.346464232581242371e+00,3.356495174006812299e+00
-1.409542246791431808e+00,1.468546961368184078e+00
-3.965835238362803494e+00,1.761435133554540400e+00
2.464294355153526794e+00,1.911532550071931569e+00
-3.357068048642375402e-02,1.929966216744391838e+00
-3.140330965427351906e+00,-2.318456123755980869e-01
5.704847331250815223e-01,4.735033902045469922e+00
-1.134614643734916495e+00,1.124833404849613583e+00
-4.768216181442180179e+00,3.235345856313987412e+00
-2.839059182039820328e+00,3.159114135321870798e+00
-2.460560589408890664e+00,6.848107163753258675e-01
-3.065485828174026928e+00,8.883054270435921662e-01
-2.396419891305436423e+00,3.542381150268638645e+00
-2.129441547069430563e+00,3.746793022789109529e+00
5.437283004834769784e-02,7.764132500510370072e-01
-1.015601904074112660e-01,8.795429578918845248e-01
2.647667187539823885e-01,3.350145713439281359e+00
-3.735706018434587605e+00,3.025669700822236408e+00
-1.747242172706764407e-01,9.150349463616431755e-01
-1.560876710453798832e+00,1.824722177769771303e+00
-9.336502987399004638e-01,2.211620554299208674e+00
-3.806133584910131873e+00,1.799308387555224265e+00
-1.992386471440652507e+00,2.261773848940592302e+00
-1.486590946425050852e+00,-7.324801374636980000e-01
6.500174533822455913e-02,1.940420689341206595e+00
-1.803475847114427211e+00,2.600446528799780666e+00
-4.582391878278384567e-01,1.590905534693227263e+00
-4.871214973939228088e+00,2.702635902881397101e+00
-3.140260861834383022e+00,2.792134546551750862e+00
-1.760096844410875327e+00,2.106581514182389370e+00
-4.510824509747273225e+00,9.874851550666736699e-01
1.627912910702189464e-03,2.630850193289190120e+00
-9.945391327429229378e-01,2.073157898756681217e+00
-4.822863297393294779e+00,2.663988160276326678e+00
-8.902231967286846626e-01,1.564369926877178685e+00
-2.731173646615933315e+00,3.394394802123898991e-01
2.264502659903343762e+00,1.231897582098573141e+00
6.125106386169543171e-02,2.421801055021090221e+00
-3.902266134177830637e+00,2.139617213459492184e+00
1.254074682212339642e+00,2.247901763861623436e+00
1.327762449999163152e+00,3.347979116029816460e+00
-1.013361198770821758e+00,3.039042276923387575e+00
-7.292036227364889100e+00,2.051834263202004127e+00
-1.044019302974762642e+00,2.901080640740975269e+00
-8.907087408179581445e-01,2.214090009808605153e+00
-7.046823649991861060e+00,2.177001072527214198e+00
-3.854066049008894268e+00,2.106774574479623574e+00
1.224206531424270938e+00,3.325263485302925037e-01
-3.044184707899713516e+00,2.014201324183562569e+00
-2.975666672879772712e+00,1.051292222624942596e+00
-4.941386964297427298e+00,2.378208866649433872e+00
-2.308585978301071151e+00,1.128508544817313552e+00
-1.280223437545584986e+00,2.016987523580847430e+00
-8.336414118210497826e-01,1.322476315354870202e+00
-6.702478742819105051e+00,1.240645143925533045e+00
-1.338275663539456595e+00,9.852435021696390738e-01
-1.666732074666779084e-01,2.532274047127426098e+00
-2.469217633805245171e-01,3.271741747394424582e+00
8.526207678141140001e-01,2.895708637163522781e+00
-1.294972534077598159e+00,1.608388016765765594e+00
-1.251779873347027561e+00,3.693888677170740653e+00
-1.389881686416674977e+00,9.625253801226518746e-01
-2.228482627517060166e+00,7.953332681536484650e-01
-2.168792133741793471e+00,2.099848905997235171e+00
-1.600840587644109636e+00,3.958041750663751746e+00
-2.102329583549695791e+00,3.803675607702763806e+00
-1.329595537079220957e+00,1.222888131736010520e+00
-8.152551837837798132e-01,2.113512183402995959e+00
-3.878900153585820298e+00,8.336370009171889528e-01
-5.225127021150048456e+00,7.897193278255068005e-01
1.664703750152597195e+00,1.402846762254935875e+00
7.294370097511211348e-01,1.210072453656493963e+00
-5.035885737810007257e+00,1.604275148480242219e+00
1.400577302655342748e+00,1.883204472468552160e+00
-5.309263071574363835e-01,2.804726391212745362e+00
-2.109188980098844368e+00,1.653176497704998305e+00
-4.414525345434404002e+00,2.783825499324658725e+00
-2.977680533780038274e+00,3.122931390033380161e+00
-2.567622406774280108e+00,1.470449576965752625e+00
-3.977382235676660827e+00,2.990842286623271562e+00
-3.799606765092471861e+00,3.825185555571351426e+00
-1.014799530727592991e+00,2.563520178702172636e+00
-2.252043392790676002e+00,1.757257406102616271e+00
-1.285743022761028698e+00,3.438730528194624103e+00
-2.477545066902377968e+00,2.662232767803085931e+00
-2.746993731848292875e+00,2.772103503731417895e+00
-1.340937373299814439e+00,2.904250256180682221e+00
-1.009380272006369594e+00,4.988118426310419462e-01
-3.302471217907956280e+00,-3.887220422056802960e-02
-3.748738308931698349e+00,2.265485986634070414e-01
-4.712244603010232957e+00,3.252521891955294731e+00
-1.810005374319966887e+00,-1.659535133698271103e-01
-2.442772302554488739e+00,3.631284860427448358e+00
-5.372452462789274463e+00,-9.563169938425497563e-02
-3.224475318874421959e+00,2.726785447482455549e+00
-2.049828622279102674e+00,2.108142645687473671e+00
-1.315213959505570074e+00,1.499099506087820499e+00
-1.772619933866171671e+00,3.777048977755443460e+00
-2.023090613329679321e+00,3.201762711791699356e+00
-4.000550144242174255e+00,2.223719870466291049e+00
-4.045935318186093532e+00,2.835350275656594476e+00
-3.696045134036034518e+00,3.043156395860133756e+00
-1.339844046519080845e+00,2.825025439011426442e+00
-1.060858991104079774e+00,3.151210936406671159e+00
-5.670290840963658319e+00,5.302593229968550759e-01
-1.007065266643648371e+00,1.991800390975101642e+00
2.437396023960094915e+00,3.036355341687429821e+00
-3.899127924632086462e-01,2.320327237335831683e+00
-3.382470919879484228e+00,1.757541351733307167e+00
-3.019207266625072883e+00,2.206824002301364107e+00
-2.411906429040389099e+00,2.806992963476293124e+00
-1.573245033826729866e+00,2.960328145475076056e+00
-8.761572408370970066e-01,1.680451980500475617e+00
1.137305214592873259e+00,3.048418771566643315e+00
-4.887983178170228094e+00,1.038800429659962887e-01
-3.822941791641735421e+00,3.555077958369535107e+00
-3.056740643904801047e+00,3.692727567620719853e+00
8.878899146925833818e-01,2.520671298591185217e+00
-7.152080502424862374e-01,1.984645573308425837e+00
-3.383071369416628116e+00,3.382924687518549689e+00
-2.945733822078571151e+00,2.944121896927390569e+00
-6.083572268163428554e-01,8.447812776269203461e-01
-4.471705002321779254e+00,2.235110668042202597e+00
-2.666550054177916351e+00,2.143325805984379162e+00
-2.625368605268011635e+00,2.384824784879617354e+00
-5.177200170071302843e+00,8.471389759601644087e-01
-1.081832229627486264e+00,2.253950775257142158e+00
-4.656765070194479605e-01,3.554564477980618253e+00
-3.381779266286963903e-01,2.062386721447818871e+00
-2.712855650323929169e+00,3.101455488464913035e+00
-1.598744270887424435e+00,1.137875289226972342e+00
-5.272352726357805608e+00,1.737041580004004215e+00
-2.976477987233169920e+00,2.248070289946333400e+00
-3.296134076918864508e+00,-8.147057776319779343e-01
1.059153987819031695e+00,3.250264884370055896e+00
-1.805200591573004942e+00,1.942171764370471454e+00
-4.006075004227023229e+00,1.900903847390136514e+00
4.353439163395252720e+00,7.461157003097895757e-01
6.880050805072444042e-01,2.655115060583824516e+00
-6.810071523697224904e+00,2.943180771711964017e+00
-7.387123973693685564e-01,5.884769449361957339e-01
-2.050114747159197393e+00,2.478867525333009247e+00
-1.472129802928364040e+00,1.167089797856336375e+00
-4.835301857433714545e+00,1.526564961935056308e+00
-5.198036385187368325e+00,2.983970426368151241e+00
-6.238051011952183700e-02,2.111604220026331635e+00
-3.654226059944758020e+00,2.378661092722635040e+00
-6.706933219430741389e+00,1.730393846706356653e+00
-1.723648682625759321e+00,-3.406149305426398044e-02
-4.710646743774262291e+00,1.652390596689978342e+00
1.363692052732046189e+00,1.994995094106581490e+00
-2.434924421455471055e+00,2.125034670970397332e+00
-2.288393360180155156e+00,3.097807803360630885e+00
-2.818005451000201944e+00,2.160584979459334587e+00
-3.199020709017480257e+00,-1.355313888465468075e-01
2.402811838199543359e-01,2.263254704563951059e+00
-6.584503920684410261e-01,1.357769961854552676e+00
7.423669360395717121e-01,2.925618771006804231e+00
-7.383648481820341836e-01,1.996761840617092831e+00
-3.237617153626787925e+00,2.801320177199005279e+00
-4.428313992833534662e-01,4.348942462901250749e+00
-2.227853810151260383e+00,2.274145578647341015e+00
-3.424695783348989053e+00,3.856823608092442957e+00
-2.135781877061646128e+00,2.034599154572767077e+00
1.227688759307040467e+00,3.139506890935806815e+00
-4.612562030862742191e+00,1.946008202031809020e+00
-9.243802325158814170e-01,2.871029467451394535e+00
-2.461106363490863203e+00,1.500875759882551286e+00
1.478685520575839352e+00,2.402602884676764639e+00
-2.598296808960092186e+00,1.447387631358584503e+00
1.352991255757514111e+00,1.592262245864521919e-01
8.987146055264583211e-02,1.482275811924971487e+00
-2.077639048574467573e+00,4.304998327019486926e-01
-7.161125730215736063e-01,1.001990237314027699e+00
-3.008347710983567680e+00,2.743312493948419917e+00
-4.069212163105834001e+00,1.434979167297895319e+00
-1.083534618531112770e+00,2.128127660189058634e+00
-2.194580206740139872e-01,1.777319740150544281e+00
-3.110267022893460798e+00,2.654114828663590941e+00
-2.121634844987734247e+00,2.718813031456265072e+00
-1.092652127928364969e+00,1.313836989456274029e+00
-1.422934964177966499e+00,3.552941519336421106e+00
-1.519573217912415508e+00,-4.308395851788500153e-01
-1.969313136186137569e+00,1.649719835142383850e+00
7.086363347977098215e-02,2.966955372115045897e+00
-4.556545923550485711e+00,1.282096441301109113e+00
-9.996037256024941087e-01,3.043138236078652969e+00
-2.298786240395179092e+00,1.409819837422464417e+00
1.019624549585225193e+00,2.605159008301256129e+00
-3.226277068293004646e+00,1.917283182598599645e+00
-1.041075113190623291e+00,1.603315437087978079e+00
1.409229863788242998e+00,1.311501630023329756e+00
-1.960229486763889639e+00,2.006578460957943122e+00
-1.878489863192553955e-01,4.768835407593261522e-01
-4.010836297008046891e+00,1.405269927030318833e+00
1.664695544330646815e+00,1.577418565509870030e+00
-5.470290132331427913e+00,1.330127096406641174e+00
-4.021872163029692970e+00,1.389810030682260056e+00
-2.333133490257198517e+00,3.173785180852093823e+00
-4.079340101313460920e+00,7.025512741920898474e-01
-3.307827396559298805e+00,2.256725675202621240e+00
-1.463481228511903431e+00,2.871026036920486746e+00
4.665934960673352450e-01,2.845318617504533965e+00
5.838341387811283312e-01,3.603426057233549251e+00
-3.305299081436047004e+00,1.589139280135437815e+00
-7.985353160787971305e-01,9.605685768797627144e-01
-8.371161874361856547e-01,1.951513345057222626e+00
-2.816850957623246998e+00,2.125471086298281076e+00
-1.250850819856216045e+00,2.791226801915074773e+00
-3.654238566494640850e+00,5.548217334348213292e-01
-2.848294159718950169e+00,1.819579869081602075e+00
-3.363267616441716790e+00,3.233241022988602609e+00
-4.383211374211088973e+00,3.907009102245355692e+00
-7.633221629982500644e-02,2.686672212319689557e+00
-1.229075822265330853e+00,2.751743290623231974e+00
1.689658503599284600e+00,2.336559672066076843e+00
-9.701487674936415395e-01,2.516170620096357169e+00
-1.749745415963586126e+00,8.780713583497063990e-01
-4.751111865074733487e+00,3.766478548867087994e+00
-5.903870299725166859e-01,4.933653174208612047e-01
-3.768823818109959589e+00,2.133100464319873879e+00
1.269301572012828228e+00,1.344838310358970723e+00
-2.632093741062053738e+00,2.587606016002326648e+00
-2.132496201646794987e+00,1.483121109412552929e+00
-9.661178995340602427e-02,3.390390148791303293e+00
-1.440678859329312722e+00,2.156953129750130760e+00
-2.183166961097371406e+00,2.443160144741862716e+00
-5.755715578923834563e-01,1.546026510126033315e+00
-2.750021211485433881e-01,4.013665364838749916e-01
-2.866359100043765373e+00,8.202309709901507428e-01
4.031857491939815574e+00,1.585727554435288011e+00
-3.377796605763370152e+00,2.588290544356293132e+00
3.084003225345157695e-01,1.325482769631511015e+00
-4.896598812613532914e+00,1.035478126456146120e+00
-2.361273534131204777e+00,1.361684449607040603e+00
-1.417160566838414404e+00,1.006637114212838302e+00
-4.616955656797370189e-01,1.754479228695847493e+00
-4.737683427244938628e-01,1.438438431324423838e+00
-4.494609168521362719e+00,8.458215808011508852e-01
-7.601933137229792692e+00,1.719636336770507867e+00
-4.518140481800573482e+00,1.956968892107127989e+00
-5.961818214260654614e-01,2.061155656098617950e+00
-3.747647088125349413e+00,2.709313684454358384e+00
-4.009045476494719651e+00,2.326364468254228157e+00
1.257584840202574661e+00,5.073757864309409449e-01
-5.411299674452255459e+00,1.538803462501176833e+00
-3.087158478166375453e+00,1.697095048149666274e+00
-7.778372569414537807e-01,1.610420502899323703e+00
-1.589183997587729102e+00,1.027478898493980886e-01
-2.378607164992592615e+00,3.198756463565647579e+00
-1.154409486330953527e+00,4.086713180673837709e-01
-1.035994090380105259e+00,3.259096555203156775e+00
-2.990674665840564295e+00,6.930835915568536176e-01
-1.248549980724758868e+00,1.011213953868687732e+00
-3.819579925901588346e+00,2.263908988234943909e+00
-2.520536230268893618e+00,2.343480318592694012e+00
-4.289028220832912908e+00,1.834646762961613664e-01
-2.510675202210321366e+00,2.729976730737622148e+00
-1.650921421145757684e+00,1.954964027688038675e+00
-7.372085626945317216e-01,1.909321061081391990e+00
-2.848820982553478487e+00,2.534826723412826333e+00
-1.318279557477014752e+00,1.260244622135545223e+00
-2.678513527944799577e+00,-7.098780676768301490e-01
-8.615436048374931488e-01,1.527442105452594179e+00
-1.356968981317625111e+00,1.862182349840795004e+00
-3.527016569527228640e+00,2.410120516857463979e+00
-1.216737578198440417e+00,3.465752230838434755e+00
-2.762332513521117860e+00,4.902737520991853337e-01
-6.290999528012209296e+00,1.529694206325321826e+00
9.269545654120698863e-01,2.102277622884540342e+00
-1.983637489362713779e+00,1.113613808825179241e+00
1.975848520127100993e+00,2.092486042361153764e+00
-1.900932348183114851e+00,3.532773091847448477e+00
-1.996735036370441474e+00,1.535121707989098860e+00
-2.945726831531664480e+00,1.919356389403466423e+00
-1.467695071135930451e+00,1.818032595813610319e+00
-4.443366476346980676e+00,1.603766242894283156e+00
-6.738135114759689515e+00,1.941657103577914434e+00
-2.744380076931812518e+00,2.474447812420625947e+00
-1.714142474273354644e+00,1.683238938892054559e+00
-3.202859245227109852e+00,2.716457928645264364e+00
3.576513367271334509e-01,3.783086408106660414e+00
-1.192243750066225516e+00,7.918893012803700504e-01
-1.218727819071929730e+00,3.217920093108877388e+00
-3.633594474874737301e+00,1.570795954527290705e+00
-5.498235781935893129e+00,3.648776441369149470e+00
-7.360634762968434330e-01,2.534940430100681930e+00
-4.690301436971511251e-01,2.375991782635084704e+00
-2.043621089822265091e+00,2.260227126296960876e+00
-3.896639659170419989e-02,2.245587313411012254e+00
-1.882410890208277898e+00,2.636709856111203898e+00
-3.502810194086579898e+00,2.834514820415937386e+00
-2.684001843123497544e+00,2.742746161813810701e+00
9.496449160455258109e-01,1.957636680551852804e+00
-2.555248045631731024e+00,4.249189933753648063e+00
-1.818255141038379374e+00,2.242989330624495459e+00
-1.229563326051204442e+00,3.135993916433246209e+00
-2.791589903387952987e+00,1.777872200353448839e+00
6.021941142415472292e-01,2.531241001371526522e+00
-1.686393323657743970e+00,2.497391643649737425e+00
-3.311342072800647074e+00,2.810297761651662451e+00
9.552542269368786698e-01,2.993138920998969166e+00
-3.655497129856904337e+00,3.684859337704639692e+00
-2.777441019092674601e-01,3.813810558804693329e+00
-1.944452502783039272e+00,1.058472889718742316e+00
1.326864179728397097e+00,2.863715612830916690e+00
-3.176513695055413145e+00,3.394797175919200605e+00
-6.400078123736417268e+00,1.722806515242381709e+00
-3.274801955448228163e+00,1.449191605609595257e+00
-3.323875746956329813e+00,1.406788414098889106e+00
-1.336050895906763625e+00,3.161934255994630405e+00
-3.006096932238500052e+00,2.035058823649193549e+00
-2.839405730227966274e+00,1.515257229889901858e+00
-1.164591172948527209e+00,2.256667754309898299e+00
-3.798619500373020763e+00,1.647707458576149531e+00
-1.238786399780088310e+00,2.530767410299896270e+00
-4.071302451467218475e+00,1.372610610151007160e+00
-6.326052491548129098e+00,1.012505042665102994e+00
-1.433599202211014223e+00,1.138699045363488871e+00
-2.467418407878950504e+00,2.023923837158335903e+00
-4.333607042634680440e+00,1.685314026051201841e+00
-6.955143564668628819e-01,3.605370169407967396e+00
-3.813734587465347659e+00,1.528306398422987655e+00
1.847296455491909128e-02,-8.125403200050662633e-02
2.244586760525962177e+00,1.041269436231385237e+00
1.253305742943255474e+00,1.107606954201251881e+00
-3.231148700788217809e-01,1.675604050522301991e+00
-9.254525073713035788e-01,1.801939046271438194e+00
2.989671575648840118e+00,2.162350364656094204e+00
-2.678397574205646947e+00,-1.082981168023877672e-01
-5.124343441418297118e+00,3.457548721846028350e+00
-3.059758375598484292e+00,3.175094979993701827e+00
-9.380240421153405173e-01,2.553100058865406918e+00
-6.551389413969066489e-01,2.972882083185125701e+00
1.874164780318441359e-01,3.463535348345733400e+00
-6.095591663404581695e+00,1.956475735889836365e+00
-5.505419635120400557e+00,2.221872324069502636e+00
-1.664926503841269945e+00,1.542338659779196819e+00
-5.657881694831589314e+00,2.045457237601724820e+00
-7.344024518824587844e-01,2.783890449786802002e+00
-1.615268444375051349e+00,9.881891938850524415e-01
-2.945036901451802080e+00,3.327751652837344309e+00
-4.421319868973219158e-01,9.048633204557730014e-01
-1.422319243003141498e+00,1.310806357914879650e+00
-7.014376263336748352e+00,2.793457832063523050e+00
-5.990303872218909476e+00,3.948844816645871170e+00
-4.760175503991183277e+00,2.639748511937446196e+00
-1.168799675206242394e+00,3.195880110076422032e+00
-4.029017205666161061e+00,1.402873701446162968e+00
-8.037857039872022824e-01,4.034831532483820205e-01
-2.288227177728850315e+00,1.453434438911836990e+00
-2.404094925626728774e+00,1.062528654953470930e+00
-4.737053483275443178e+00,3.466003398482527587e+00
-2.721741876196687393e+00,3.143727703430068132e+00
-2.410132417322699894e+00,2.202823344195317112e+00
-2.462619205984835524e+00,9.150494876190744531e-01
-3.333657789792416892e-01,2.100563857571145832e+00
-2.830827688333597436e+00,1.311901978243936506e+00
-2.317076241940076997e+00,7.618690874675024816e-01
-3.012725201370538564e+00,3.408837151155541534e-02
-3.603433693551794548e+00,1.453549894440461898e+00
-4.644009681693316516e+00,3.332802427604897311e-01
-1.044109583416203080e+00,2.481279223159710057e+00
-4.548892785813030137e+00,2.883006474236793792e+00
-3.775651688862768474e+00,3.301923835170479382e+00
-1.448068770671771865e+00,2.619415169570026958e+00
-8.813419043786545615e-01,2.040209963862108733e+00
-5.930127941906144784e-01,1.508275215825300775e+00
-1.984751487999969921e+00,3.740069015704770017e+00
-1.709384677711415890e+00,2.351105797478792780e+00
-3.031159941567163507e+00,8.073106604078443826e-01
-2.223356851321807603e+00,1.104370993673237322e+00
-2.280148471829962276e+00,2.604163409053798617e+00
-1.286124202584707721e+00,2.172483809484513362e+00
-1.339595107445683997e+00,1.537689456842183056e+00
6.308546704105806313e-01,4.320840415764730658e+00
-3.752941761286384903e+00,-4.651828238188437936e-01
-1.015352001057984310e+01,1.147830637296627154e+00
-1.340755771774181593e+00,2.491285004838539319e-01
-2.166976114779822993e+00,1.497788313729982335e+00
-5.547274614597330178e+00,2.066359836031127273e+00
9.338002753638323661e-01,1.835502930187169701e+00
-3.578607043644361774e+00,2.898873777913202332e+00
-2.759342580066021178e+00,1.338793633519512305e+00
6.606357077800639743e-02,3.381743111243533662e+00
-1.495926295567937547e+00,3.080247280363819229e+00
-5.505920846499765098e+00,3.618227302574313242e+00
-4.265649603325192274e+00,3.146428624799595397e+00
-4.008926997825445149e+00,2.583584718249081646e+00
1.906003141772216747e+00,2.010606635460423952e+00
-4.040871692082577127e+00,3.035395562403075065e+00
-5.211314808578479507e+00,2.915642801872257994e+00
-5.126042230435121638e+00,1.045245120987542187e+00
2.338101954206209143e+00,1.215531389145013019e+00
-2.989526266451069780e+00,1.437818881647336955e+00
2.114250290304275026e+00,3.552348879425564210e-01
-8.493289905405703166e-01,4.018474670241958258e-01
-5.792300119539493863e+00,6.922885820899287168e-01
-5.039296408532880633e+00,2.499003631462809683e+00
-4.391874194740042370e+00,6.542485269150617455e-01
9.893795999204582081e-01,3.351647257001802771e+00
-3.485932402890761672e+00,1.722540029820089469e+00
-4.862928615907454954e+00,2.232393476637612117e+00
-1.371449618633271417e+00,1.528374234961685785e+00
-2.836987942420003961e-01,1.969911076374880166e+00
-3.629244100411034069e+00,1.527366314613226583e+00
-6.152539804330237061e-02,3.298016362035595783e+00
1.362619534480421279e+00,8.467575082842042633e-01
-2.359897048691494525e+00,2.352011314600604752e+00
-5.810340322146561043e-01,1.862192813309825334e+00
-2.355248887744921582e+00,2.422460633884413461e+00
-1.861106362987452023e+00,3.936563586674703963e-01
-1.887624552760030383e+00,4.273821773912571231e+00
-2.849015723799340094e+00,1.376087073101255775e+00
-1.103784399632762092e+00,1.471606508373162425e+00
-7.036959050950435390e-01,7.897772630414037209e-01
-2.680826635511487588e+00,1.678401363423975168e+00
-8.507503809240267501e+00,1.945455216684377264e+00
-2.705116700518549244e+00,2.238246508071036978e+00
-4.223396235898695394e-01,2.454193115026532368e+00
-5.986342489120979771e+00,3.806266799057173689e+00
4.367449998274564038e-02,1.691377068843195275e+00
-2.999763689346610640e+00,2.189448943034760120e+00
-3.477549956332397940e+00,1.891688379915803742e+00
1.093226315447078267e+00,1.107649217094775373e+00
-2.038363468005233159e+00,2.407601196144143252e+00
-1.918108295876877367e+00,3.917127480483745927e+00
-9.554432908954915149e-01,4.800599507289653900e+00
-4.501685040286112383e+00,2.680277499340067759e+00
-1.245046079861974242e+00,2.192380238660835534e+00
-1.910832662566614992e-01,3.701821565803808944e-01
-2.600517870120732766e+00,1.137945297054824501e+00
-3.545681289525040469e+00,1.679136826879232380e+00
3.457782005159157457e+00,1.730630364359998508e+00
-1.568125523040603042e+00,1.642713006301860457e+00
-1.903966756793960879e+00,2.310845597353972991e+00
-4.192899500407150981e+00,3.857357682889900552e+00
-5.800438283856738764e+00,2.275104200435633217e+00
-2.419889053476682150e+00,8.870536461651588045e-01
-3.944994804391075860e+00,3.492652013199929684e+00
-1.130631625029802301e+00,2.148456081239531912e+00
-1.003902290199680358e+00,2.180873831827240483e+00
-4.172997109752614620e+00,2.192028625101876571e+00
-3.977475486122632020e+00,3.306508464779584600e+00
1.093854531366312166e+00,3.378771177512517987e+00
-7.493455390126211313e+00,-1.106078509232029106e+00
-1.002257861785497361e+00,2.987546100390011006e+00
-3.766443965667006566e+00,1.692935975837483120e+00
1.017089097188424773e+00,1.149604207766991237e+00
-4.209367576819525780e+00,4.061212302026671050e-01
-1.773483408478127465e+00,3.175225176488581269e+00
-2.877532792409827067e+00,4.818396670503847901e+00
-7.384231538824906238e+00,3.881113711661703380e+00
1.130263694678969255e+00,1.185266581958142051e+00
-2.718727555532740148e+00,1.660980593111875958e+00
-2.906672554594474711e+00,2.440761925101255336e+00
-4.150622415272796850e+00,1.778140795159717014e+00
-3.075974452118640734e+00,2.609314410641498050e+00
-2.776454510569817735e+00,5.940103648051708873e-01
5.251141694133889537e-01,2.288539726002528862e+00
-1.290401863846647679e+00,2.142394695307067831e+00
-2.623319031161699399e-01,3.278098883763471250e+00
1.860338316109261037e+00,2.893131777324439824e+00
-4.041079736923379073e+00,4.447072858029487818e+00
-2.148183481561946273e+00,2.011961354542649794e+00
-2.997801574486467224e+00,1.454100877700496008e+00
-1.971271487109312659e+00,1.978707206953603359e+00
-1.590218252003844590e+00,2.694730678655006262e-01
1.548985901716894986e-01,6.728602206493647930e-01
-4.075718313403429605e+00,3.257875370848246632e+00
-1.438592229840484293e+00,1.994857235341902957e+00
-2.577400337459577528e+00,1.091575937106098237e+00
-1.857642320043622508e+00,7.723887971524678875e-01
-3.040800622792678709e-01,2.430102989424864468e+00
5.997389276843296813e-01,1.959730681329606261e+00
-5.961068331960477806e+00,2.047710338867302582e+00
-2.178059910363116636e+00,2.693210063968223267e+00
-3.414800578915925477e+00,1.622401894090668595e+00
-3.748938996084764774e+00,1.913656082128538216e+00
-3.204591885042720634e+00,2.531449906501707758e+00
-5.666229453976625585e-01,2.204156743839930765e+00
-1.188902251482265360e+00,2.098739360011689037e+00
-2.693727275808329047e+00,1.307673438237625829e+00
-1.449970549981625556e+00,2.149913448130548854e+00
2.167969004450435833e+00,1.125396576329996012e+00
1.969032015174306149e+00,1.769066171324972458e+00
1.758309278673070519e+00,1.611749328358083932e+00
-2.313041076516640260e+00,1.220666945902550093e+00
-3.702697055526710912e+00,2.937522812733881494e+00
-6.439064027404768353e+00,9.115803099617096894e-01
-5.217995594229181577e+00,1.742346682676690683e+00
-4.522601571257101938e+00,1.319651008892818833e+00
9.446487683691620063e-01,1.992667132798715324e+00
-2.567393711473314966e+00,7.667000478738625890e-01
-6.794634542275490574e-01,1.788374400796180597e+00
-1.655915299962317455e+00,8.885526911445318365e-01
-5.024807403780312320e+00,2.101700400468832886e+00
-1.830577311433929211e+00,5.919926672282658231e-01
-4.675515098133132597e+00,1.906406734136466774e+00
-1.398248953534908523e+00,4.180671340435572425e+00
-2.706352161031051473e-01,1.155651560974439107e+00
-1.843944200261868893e+00,1.879317572528414804e+00
-9.731563913912424368e-01,2.448075417196472703e+00
-4.429849863928756015e+00,5.342608648345577027e-01
4.632411418315589557e-01,1.808097236180715939e+00
-1.034736208074336528e+00,1.357684087237099657e+00
-2.512235150283339102e+00,4.962683491585193618e-01
-3.378835418283436809e+00,1.821363952684705190e+00
-4.960964198710325235e+00,2.335797081693485211e+00
-2.671537194454310260e+00,1.946150543148283507e+00
-9.152438929063828610e-01,1.433363165043998633e+00
-2.296176898220061879e+00,1.761590481405937769e+00
1.070145917170114647e+00,1.101211914681801129e+00
-1.541057442402072652e+00,1.896062192553406245e+00
-3.959129187781602610e+00,1.480844077598619357e+00
-3.107234334344205706e+00,9.650192810467690396e-01
3.315579285966703260e-01,3.352791104924589316e+00
6.308032099897560308e-01,1.105540133511901502e+00
-2.714006332669791632e+00,2.591453566925301821e+00
-4.969773239995795677e+00,1.564609327122360671e+00
-9.399026155889571577e-01,2.162242020167256751e+00
-3.581866147871759942e+00,6.652452958638277458e-01
-3.965978675552239707e+00,1.983692788758816050e+00
-2.011776706344958754e+00,7.940328952074746649e-01
4.558727781026194137e+00,8.960947712746776261e-01
7.486548553143230755e-01,2.366064266690693252e+00
-2.024352974853068865e+00,1.459646598925038674e+00
-1.809730981510051073e+00,1.250520650598620609e+00
-5.633681858486581540e+00,4.167540494742693724e+00
-7.841012252161075224e+00,3.605784531223468647e+00
-2.253769740032868896e+00,3.819809066711234991e-01
-3.405100132149480707e+00,1.693588863801169797e+00
-1.037755967807344248e+00,1.545990088072289659e+00
-4.815951745508121107e+00,2.243677046648374418e+00
-1.707406071099454969e+00,1.416336408786221579e+00
-2.955049604178427991e+00,1.356960228906798793e+00
-1.244013246347360990e+00,1.708938840034140982e+00
-2.048675483069528624e+00,2.632634469711837788e+00
-8.781740155812567394e-02,3.226516767462635382e+00
-2.117784162777578416e+00,3.314970255971816826e+00
-7.489650433967600662e-01,1.954988042610346755e+00
3.787221213565237221e-01,2.913327106926383081e+00
-3.996528521266593081e+00,2.166362523735603673e+00
1.833970774273863125e+00,-2.168099208102614028e-01
-2.941029586110044391e-02,4.097753153110048174e+00
-1.274971410134779326e+00,2.689504975433602230e+00
-4.459582670283134931e+00,1.046216267148505352e+00
6.243321258313252464e-01,1.727866628814401784e+00
-1.818030052667204188e+00,1.537029421791356487e+00
-1.512301760082661595e+00,2.860180457879353266e+00
-5.803906464724959413e+00,1.568133598378505855e+00
-4.207661895250176087e+00,3.146185473817721956e+00
7.448278701759702969e-01,1.641551351652645652e+00
-1.949325861697425832e+00,3.577265991948337387e+00
1.378433746843372720e+00,1.862166125951431939e+00
-2.575377796247465767e+00,2.969263178446313045e-01
-3.620696796333408685e+00,1.113586463852525910e+00
-6.031834922755452411e-01,1.194466928670281147e+00
-2.681972706103178616e+00,1.142851165801548774e+00
-2.557301329642868382e+00,3.398952967919211865e+00
-6.009564033607173172e-01,2.375045761001930433e+00
7.277057170163816480e-01,2.141006099979881228e+00
-9.420598615067188319e-01,3.897652746570426707e+00
-2.609569942286193545e+00,-6.807765048097103033e-02
-2.878777689550469532e+00,2.279681400157552940e+00
-2.768811519521050535e+00,2.297971555821753498e+00
-5.681784769034775806e+00,1.953291320416326693e+00
-1.481418717492009485e+00,2.102330996972817445e+00
-1.084091247590814877e+00,1.555883947311435422e+00
-1.376644603191300664e+00,3.270629251927356762e+00
-9.009920712151280320e-01,8.389258305338640476e-01
-3.714946802360696410e+00,2.295498916692138458e+00
-6.412967122881013893e+00,1.665691707071239147e+00
-2.669618558981917467e+00,2.253559236915247510e+00
-3.413754186182705652e+00,9.097577493770316881e-01
-2.908503363335293024e+00,2.973233725531454041e+00
-2.768407541998866961e+00,8.163725429022368196e-01
-3.494279584117388815e+00,3.625259699313068129e+00
-1.115979988478477125e+00,1.696377793705468040e+00
1.607685910664654827e+00,7.710920950763360260e-01
-3.546162668650850947e+00,1.604659533859395193e+00
-2.067865384878145640e+00,1.921589917876602271e+00
-3.935323975073581337e-01,3.878722995982878174e+00
-5.883334375801743121e-01,2.931551102368135098e+00
6.433416578210908732e-01,8.047790573465409825e-01
-2.434241108379452179e+00,1.828565158721239259e+00
-6.338874296712138090e-01,1.192506865332564114e+00
-3.104828148911032315e+00,6.031450905087079040e-01
-2.935077671752946316e+00,3.107019172570560261e+00
-4.174250267556933736e+00,1.080918964490348966e+00
-3.408126105656528182e+00,2.076063974881796170e+00
-6.674487078136408513e+00,2.801955622114698841e+00
-3.635293776044910885e+00,2.752655498832083047e+00
-4.107351528470952751e-01,4.242539378213645129e+00
-3.849046430734446744e+00,1.654151673759336694e+00
-4.256718012293180031e+00,2.229508558338312518e+00
-4.124941380230168875e+00,2.424852575277454125e+00
-2.352199653053370199e+00,1.603447703289945458e+00
-4.884317393603264890e+00,9.160956722642574768e-01
-3.913659538952675376e+00,1.317395436116560958e+00
-3.535248911364373470e+00,3.306666819928029355e+00
-4.696780674478997497e-01,3.747378231390007031e+00
-4.466807110623012278e-01,2.282574040774887347e+00
-2.007470855692510270e+00,2.613089839220381183e+00
-1.291570675248985278e+00,7.185902815910611974e-01
-1.809896787197189383e-01,2.992561724755212538e+00
8.884866913225151208e-01,2.558042238916167221e+00
-2.387197052184180990e+00,1.857692870559068954e-01
-8.786691581937718709e+00,2.937949276723450520e+00
-3.692393822987227736e+00,3.008174288151717501e+00
-5.905556818390314433e+00,2.858311710493986357e+00
8.739024839477975704e-01,2.038398558579400000e+00
-1.620515599883425750e+00,1.482774304429332446e+00
4.488646073844484441e-01,2.950320204014667880e+00
-2.691126786359362200e+00,3.566126530958461771e+00
-2.485346937500547249e+00,2.001825233933294701e+00
-1.206751776916504593e+00,2.886557470298359629e+00
-1.058306183643010989e+00,1.231711956671105224e+00
-6.174668328827559449e-01,2.254188983175002381e+00
-2.658299001028475494e+00,3.037084311539020476e+00
-3.292928893141612079e+00,1.705942920733338752e-03
-5.049160576412342394e+00,1.819400143497466704e+00
-1.699171618227499625e+00,2.886943170401596870e+00
-7.581763691653886639e-01,1.737030815291430663e+00
-5.948733925227897679e+00,4.279825489278128892e+00
-5.511962262158816017e-01,-5.174002748341752778e-01
-3.057729601383094575e+00,3.402752471317314953e+00
-3.714588652419344328e+00,2.769629956671996851e+00
-8.662004587092457797e-01,-7.436637499255551731e-01
-2.245084893693780614e+00,2.390388982797293060e+00
-1.596345344822118761e-01,2.007889487335041689e+00
-1.001222289875387528e+00,1.593126945202828271e+00
-2.917422503180219451e+00,2.009973879912299477e+00
-2.966435213413619820e+00,3.165672199662573849e+00
-4.144030773489184583e-01,2.655827337197738558e+00
-3.195790051582733327e+00,2.926697955355923586e+00
-8.778697144366098826e-01,-3.559290813863311698e-01
-1.427375146617215762e-02,2.623283431931903831e+00
-3.848767069513417738e+00,1.617810354868198353e+00
-3.562796754055975512e+00,1.904147052514617355e+00
-5.685735500145844945e+00,1.824976658456955336e+00
-5.551102192839577398e+00,3.253505491084542900e-01
-3.462882159922522796e+00,4.824415064832723310e-01
-3.663699241103790527e-01,2.867292530217468993e-02
6.277996440350164242e-01,3.671926104322169593e-01
-3.176224577591391096e+00,2.247065929623999203e+00
-9.250173074339769208e-01,-6.123566775335049783e-01
-2.920369269669663481e+00,9.033676643632133629e-01
-4.921685988130370504e+00,1.761040767800655882e+00
-1.810745611760676610e+00,5.751280079238545451e-01
-3.231755170086350049e+00,2.194396593994455635e+00
9.049385674599847995e-01,2.036054672296725432e-01
-2.960035582585685887e+00,3.032630871002941930e+00
-4.325514319967737720e+00,1.702721935569994294e+00
-4.585024193268361969e+00,2.720887310264300751e+00
-2.763621923635904309e+00,6.953357195265965629e-01
-2.128888419145785527e+00,1.722034711842231003e+00
2.656492163614339042e-01,1.944565016480638064e+00
6.462415762161022315e-02,3.994431945969265207e+00
7.634572326317119462e-01,-2.112418817418464378e-01
-1.468673889516106890e+00,3.429657832195170730e+00
-2.096979557095839830e+00,2.274792240311996672e+00
-2.334306929106231721e+00,2.024232009343969629e+00
-5.355998670930173233e-01,2.105343252989960945e+00
-3.823923767781466587e+00,2.285098924366661510e+00
-3.505500908380092540e-01,2.738387782934439407e+00
-1.525603871952236013e+00,2.384614298984313763e+00
-2.749520621074807991e+00,1.365171753806184718e+00
-2.300517984880735334e+00,3.908361910911820392e+00
-4.832557268608525192e+00,1.849909857261583079e+00
-4.685381629482915145e+00,1.226026869160833588e+00
-2.308733927342265346e+00,1.987852186127042398e+00
-3.310161837641079075e+00,1.601741858996825085e+00
-1.579210651036739854e-01,2.212489784415502925e+00
-3.887465382268590730e+00,2.191343841201772502e+00
-3.822093016009316280e+00,3.227487981537206174e+00
-2.799691662332403297e+00,1.998134960367523583e-01
-3.189933658425529117e+00,2.156477394842950979e+00
-7.932110268138590214e-01,1.441381311836911427e+00
-2.266354375272799260e+00,2.579986369350566466e+00
-2.867928540204812471e+00,1.146775983319237913e+00
-9.071042659826540344e-01,2.247681088273184802e+00
-2.189254013220534034e+00,2.830756953168851453e+00
-2.872786799583151307e+00,2.847291891624824434e+00
-4.069281281065975975e+00,1.759089454671510788e+00
-1.147638108317947214e+00,5.999344644565971496e-01
-7.116872203648956230e-01,3.369625932258577095e+00
-3.316366131926461236e+00,1.015022527170138300e+00
-8.954284447174334360e-01,1.870357584678377982e+00
-2.863474078683235113e+00,1.010609159862311035e+00
-5.025285870662116849e+00,2.278975950544935625e+00
-1.474949974568553479e-01,7.012462477381435910e-01
-1.284523986744954271e+00,2.208491952311128159e+00
-3.023004367766480627e+00,1.500474792551339975e+00
1.358237333219080689e+00,1.559141581083305805e+00
-2.864315227159268673e+00,1.075372298587319975e+00
1.131373611938628621e-01,1.685761199325587434e+00
-1.845964663230931446e+00,2.415970555421278032e+00
-8.743593601857515552e-01,2.378020618705798395e+00
-5.260728513503871717e-01,8.149209723739141431e-01
-1.746408447610825476e-02,2.375547995781520871e+00
-3.686707442104641075e+00,3.812732746106612947e-01
-2.913179198456536056e+00,2.747712831810207756e+00
-2.625251860667630055e+00,2.878636216726321972e+00
2.023860030354430073e+00,1.694844722536895443e+00
5.385760746611453875e+00,2.971053194321764401e+00
8.442625871156277384e-01,2.495233816860985776e+00
-5.610142997002562915e+00,4.078738706097730926e+00
-3.770087262619877144e+00,2.494223282784802986e+00
-3.469871745326931212e-01,2.572998469652099107e+00
2.015318518737021947e+00,-1.239394930460332223e+00
-1.479042848420927481e+00,3.201092151256381690e+00
-3.134753671319964852e+00,2.899643672785249926e+00
-9.244031820942062438e-01,1.023386103364881006e+00
-4.779041786711502482e+00,1.436142932368183134e+00
5.963553907042919988e-01,2.556390727536520302e+00
-2.034283224460838646e+00,1.575382803847655389e+00
-1.359994067417722441e+00,1.069204104145236034e+00
-3.681953593157654581e+00,6.458874282376694254e-01
-2.362836451461667764e+00,2.132955348191772238e+00
-6.868687502732235828e-01,1.510814446529414434e+00
-2.755098508710751126e+00,1.963709154579212246e+00
5.548385891540532633e-01,1.419861300729455822e+00
-3.040575185807419700e+00,2.847872651192028925e+00
-3.497468358265305888e+00,3.983508942079537096e+00
3.647255141041938487e-02,2.126164278413871678e+00
-5.253657407241636434e+00,1.688207125718111268e+00
1.212511433425524920e-01,3.276162286074637997e+00
-1.030634971592252036e+00,2.750566581817800671e+00
1.600652451752671013e-02,2.658005325177063227e+00
1.459858864065258999e+00,2.101200640801788921e+00
-9.628930485231395053e-01,1.995635671351879470e+00
-2.013515989970228404e+00,2.292910095900910772e+00
-3.367891862275213199e+00,2.345929047050470562e+00
-2.743777305433156677e+00,1.715915000940065438e+00
-2.102168534654960119e-01,3.063956332401962968e+00
-2.781022409016382646e+00,9.311799293142553058e-01
-2.172424612813667721e+00,3.013647192896232951e+00
-2.721574377416873247e-01,2.300216781062617510e+00
-3.677203014199918130e+00,1.037774541240341186e+00
-8.287990323187948150e-01,2.094174212972063298e+00
-1.213889492570208617e+00,1.934823732655468476e+00
-1.333296726004698396e+00,1.266659250912697043e+00
-2.491032754004547378e+00,2.155082049720658421e+00
-1.661893757683364115e+00,3.255133714360863184e+00
1.017404883699026374e+00,1.606579726811947051e+00
-3.504668401407984746e+00,6.865883296121879642e-01
-3.593146350688800617e+00,4.125861073923777766e+00
7.982364595363606874e-01,2.339553064204717536e+00
-1.938122070935666130e-01,3.932680656031939392e+00
1.340491301296503845e+00,1.760155301945617534e+00
-1.567192770629227905e+00,3.817992581461433943e+00
-4.531973314265792752e+00,2.684918320295889949e+00
-7.354146517970725938e+00,6.683744617337561422e-03
-9.016330209166070198e-01,2.568535653474635083e+00
-4.334277745722405761e+00,2.164682983278586104e+00
-1.791707560131910348e+00,2.097801976154249459e+00
-1.832665359982630804e+00,3.432011097608282491e+00
-5.684864544720175772e+00,1.432761602127825107e+00
-7.450435691962153939e-02,2.751285698391876977e+00
-2.988500997124189595e+00,3.061471884765017748e+00
-3.948680950116132848e+00,1.690698195023758954e+00
-2.377983319045046784e+00,3.282011787485116017e+00
-1.663371581338064953e+00,2.200983856289037366e+00
-1.160717718486729222e+00,2.156157574160221024e+00
8.703000426241813692e-01,1.418942355436026093e+00
-1.401402387965022811e+00,6.036819638636481411e-01
-2.524973196080386728e-01,2.238441739855706825e+00
2.453699882039624747e+00,1.243715470946771262e+00
-1.288363667326406947e+00,1.954621206195709782e+00
1.526565194845236118e+00,2.049678653184725530e+00
-2.872024242416459927e+00,3.373502905254607054e+00
-6.209623920364686356e+00,2.386995051410964575e+00
-2.884593943413630512e+00,4.999123949710426729e-01
-3.026775008226330499e+00,2.326055472785744094e+00
-1.078033773138495022e+00,2.462273118174711506e+00
-2.942213944207997756e+00,2.075049398420621305e+00
-3.364197938822056422e+00,3.273373356216392249e+00
-2.954543026608902778e+00,2.150684341015943080e+00
-7.127003199997199445e-01,1.567089481825128416e+00
-4.232739719270098178e+00,2.661097156440784595e+00
4.464317020153414362e-01,2.322654515046190138e+00
1.061052029463382951e-01,2.275814791768798528e+00
-3.528450791893117611e+00,1.886482240629001828e+00
-4.062448882658397764e+00,1.902610619888042809e+00
-6.251575978380645715e-01,3.700520201876859705e+00
-9.430261827962853616e-01,4.065054194306498836e-01
-2.528699646121135736e+00,2.259255131897496494e+00
-8.755128421823101803e-01,2.336959433600741320e+00
-5.433325219608725831e+00,1.474161503228049730e+00
-1.290884660411748541e-01,1.303635769160845337e+00
2.199882448571524485e+00,4.506098399826266032e+00
8.005175848900227820e-01,8.737302592709756954e-01
1.135836874529845719e+00,1.783164715466126315e+00
-3.544367483182715439e+00,1.641596041208831513e+00
-1.180923386715235335e+00,1.367512052788174781e+00
2.844574442663789782e-01,2.045622991039398375e+00
3.869181366670080280e-01,7.331918918883599812e-01
-3.550558943806705336e+00,2.325218858907479813e+00
-2.193528550063564175e+00,8.135204169420027220e-01
-2.351169554797394312e+00,2.625758100174183429e+00
-3.595498872870956042e+00,1.147095918313974838e+00
-4.944020378312304231e+00,2.244540957682589433e+00
-2.626034354575240037e+00,1.373462597258345852e-04
-4.309380945958944942e-01,4.682675907304214569e-01
-3.698456819546941610e+00,1.841785269124509128e+00
5.267319275054891392e-01,1.527048264359370355e+00
-1.649067407602670343e+00,1.168869476292508924e+00
1.199199207926550770e+00,3.628918984120103275e+00
-2.337141188180268614e+00,2.606745748205495428e+00
-2.032187067330969654e+00,1.273213277851112935e+00
2.782250710139923200e+00,2.632741607202082612e+00
-4.236052544099262462e-01,2.265421906572639976e+00
-2.030157686986846066e+00,4.150740106688726172e+00
-6.522382207143828659e-01,4.317209350169992632e-03
2.796909229471541636e+00,1.135922692399115697e+00
-1.718921050572951970e+00,1.304501068071757919e+00
-2.506678686959732616e+00,2.558117009036875444e+00
2.515278576046841685e+00,1.453131287200956745e+00
-7.298449632844985047e+00,2.443731797802856764e+00
-3.498332518805331581e-01,2.780650689776920981e+00
-2.025410497044166647e+00,2.645987042065855555e+00
-2.075536795978569771e+00,1.203480026306930295e+00
-8.979262781624282042e-01,4.403587511832428802e+00
-2.404799713966659702e+00,2.701913718950297305e+00
-4.613691790177719909e+00,1.791724065000959598e+00
-2.252430676367176865e+00,1.853025178869632139e+00
-2.360978111901983034e+00,1.488785576461888027e+00
-2.413603088319851153e-01,2.458890163293381281e+00
-4.750430229725677300e-01,1.338890338250316336e+00
-2.931079018353995203e+00,1.264386809456973904e+00
-1.860725689570876362e+00,2.833258802488267669e+00
-4.179382516421391358e+00,2.022887698550889013e+00
-1.170275837936655350e+00,1.679576679153953922e+00
-4.777891411376926634e+00,1.869628360361687447e+00
2.631116768753201107e-01,2.002792170223298474e+00
-2.992952071855889962e+00,1.439980512137208457e+00
9.383289569224051441e-01,1.082097506416241028e+00
-2.358558503684590413e+00,2.561761438913891631e+00
-1.459751793226354177e+00,6.570241205493940750e-01
-1.997321510283539325e+00,3.324929438636806012e+00
1.271858379296885388e+00,2.651660217169609091e-01
-3.900502338865923235e+00,1.726499847792517084e+00
-3.467144021933755482e+00,1.684031239655622070e+00
-3.771508200573133074e+00,1.707025873999774346e+00
-3.683217435232037928e+00,2.613751287296355308e+00
-1.461965378376189229e+00,3.090825353116853691e+00
-1.970618867567416554e+00,1.578643615646057263e+00
-1.266485260850539696e+00,3.888575875767781298e+00
-1.007768266219368769e-01,3.677561075302662630e+00
-1.782966239501773575e+00,2.644993651443478644e+00
5.309215763343901884e-01,1.482592676329145043e+00
-5.603953593675184308e+00,9.227362292584693204e-01
-3.102274932324829315e+00,9.512954297684064198e-01
-4.315956792796064256e+00,1.816271817866927707e+00
-3.797134264993808017e+00,1.925844398652702960e+00
1.359394468484906415e+00,1.022188772142154312e+00
2.318166394188874158e+00,1.894942258542919422e+00
-1.816785462111376148e+00,-3.857669143349733432e-01
2.550391454485484211e+00,1.786040947133614498e+00
-3.098862316436960640e+00,2.042340931825249228e+00
9.866614232691817143e-01,1.628785310448471968e+00
-4.419862377545062060e+00,3.245427677072780348e+00
-4.461629220543348318e+00,3.302642701085412913e+00
-2.523840892282452231e+00,2.347645481626815744e+00
-2.437437313184790177e+00,-5.912767504094196269e-02
3.175730401291918525e-01,8.896857055242184398e-01
-2.355170294756359084e+00,2.265899813362720394e+00
-3.546508529208028726e+00,3.571802760915778752e-01
-5.261824828515497821e-01,2.292773900919529151e-01
-1.913902458903985693e+00,1.702225373417096899e+00
-2.763735275268864200e+00,1.680599514070121758e+00
-3.077263865018085909e+00,1.008894378114950197e+00
-3.894780383270701307e+00,2.469752697795039253e+00
-2.315846254569580154e-01,2.492889771247497332e+00
-4.552327352150200568e+00,1.730983842708027520e+00
-1.883248172640902496e+00,2.114931616328794561e+00
-2.683243688758065737e+00,1.642926121161311759e+00
-1.602004940710659575e+00,1.939105323348173204e+00
-2.393214865781572165e+00,4.165769225617777849e+00
2.240401051178390723e+00,2.218899047593042795e+00
-4.200929062033113226e+00,4.199356672755698572e-01
-2.202316125379913281e+00,1.354650821094668833e+00
-3.515916869561255709e+00,4.149681205144964302e+00
-1.784958163562120337e+00,2.749232011668088393e+00
-1.720818827676541929e+00,1.333072237876994803e+00
-1.980841081770146062e-01,2.687422543068914038e+00
-1.779196824588226367e+00,1.585417219659901678e+00
-2.890255762154454011e+00,2.257209638389315209e+00
-2.756064102356341472e+00,1.638286170771982686e+00
-2.118622923247093226e-01,1.817355671696980757e-01
5.127375112547878366e-01,2.288875657169167965e+00
-1.765419185894150811e+00,2.084285945589289479e+00
-9.308726953136980953e-01,3.185150081230689434e+00
-2.113811542139950816e+00,6.647655254242472722e-01
-5.829151625433285133e+00,1.168285613073975160e+00
-2.718347277830543085e+00,-1.397250408948518707e+00
-6.427809431301596987e+00,1.018569025866149946e+00
-3.864478837015276724e+00,2.531520512987539995e+00
6.671283944134551724e-01,2.403733331222411174e+00
-2.683450753717777637e+00,1.632376888562845796e+00
-2.086320087498202192e+00,1.965634220957615863e+00
1.195928008636092166e+00,4.235550195790200867e+00
4.501427075336810191e-01,1.250150123473436015e+00
-8.579760734719705795e-01,1.006568685221908233e+00
-7.181530818962649221e-01,1.724242188574365287e+00
-1.389943065333301142e+00,1.642082427434237824e+00
-3.144588367387179950e+00,7.348142118288116809e-01
-3.168365810712101549e+00,3.125357413985319077e+00
2.836981863780565938e+00,1.215831097200477551e+00
-5.005462489406848015e+00,4.575961346367495963e+00
-2.490442968873085583e+00,2.455349723114749860e+00
-2.652141225795621615e+00,1.333670315368779669e+00
-4.449861424155482581e+00,1.655068259598641234e+00
-1.808758926186928129e+00,1.402831142751661542e+00
-3.603105182585760069e+00,2.510105495540213560e-01
1.073434296659887544e-01,2.801725102050662386e+00
-1.314229174329275551e+00,1.224024347736464735e+00
1.645455751176173376e+00,1.205304217136954570e+00
-4.629047093533515067e+00,1.835022252681786759e+00
-1.522286894903064791e+00,2.421646054260325531e+00
-4.303520691033787315e+00,2.540688584324294563e+00
-1.693070815525231421e+00,3.661060754837447639e+00
-2.544019588847546309e+00,2.412065192603237929e+00
-1.067966507724402714e+00,3.153427587682635203e+00
-5.844786656757765542e-01,2.933217833238447980e+00
-8.347572447278576391e+00,4.599870151974048138e-01
2.664716116179888239e-01,2.294275353361471481e+00
7.585494823964471500e-01,3.081350338035088843e+00
-3.550251466149826562e+00,1.269217243275270635e+00
-3.181859596496453335e+00,4.148445306888719486e+00
-3.019142305141262028e+00,1.741589430162320706e+00
-2.111971696628819117e+00,2.006866914542460911e+00
-6.264336257929210561e-01,1.108835120219796355e+00
-5.975756121385149555e-01,2.387225225976263854e+00
-3.705553468501933345e+00,2.851917096778697758e+00
-1.179472801449765740e-02,1.031455536808423723e+00
-2.673494267788680823e+00,1.638332584014429161e+00
-8.106353806646193760e-01,2.288494880168453260e+00
-2.873454602485256970e+00,1.996153571434719831e+00
-1.626654855357001050e+00,1.145655689529397447e+00
-6.575549165961214193e-01,6.688041088510743304e-01
-4.165984752260642132e+00,2.989817960991794976e+00
-2.739954015855530223e-01,1.051696238455158250e+00
-3.233789605034423253e+00,1.519170795078394587e+00
-1.477839130710299820e+00,2.205174844243598997e+00
-2.416239755798589961e+00,1.151269513174407289e+00
-3.113569085091864252e+00,2.836765158437081880e+00
-2.317927144892030000e+00,2.916173840469442613e+00
1.267163651077748199e+00,2.761153150268738976e+00
-4.483982219082244036e+00,1.406540464890455810e+00
-3.906855921934375253e+00,2.824167893482155023e+00
4.203189212699482979e-01,1.033182581196117278e+00
-1.859472047271033102e+00,2.457166177953622910e+00
3.894495778675235442e-01,3.499612275994439692e+00
-2.373760305502198520e+00,4.116481322469836002e+00
-1.184060875554354464e+00,1.625614249933435840e+00
-1.728375381374846143e+00,2.716830272049707951e+00
-2.069073602013753010e+00,9.527469342297674171e-01
-4.305889831231799469e+00,1.578287951243374510e+00
-3.711540979170682597e+00,2.396254062570165377e+00
-1.075833869979588631e+00,1.648422502509996779e+00
-4.214533317959906711e+00,1.979528285287340372e+00
-2.362247362500837333e+00,1.192854539251585688e+00
-7.101612111851146381e+00,2.646678643109932061e+00
-6.969060194286647025e-01,3.056334961227575420e+00
7.862205401270525584e-01,2.721321093037569305e+00
-5.075981033668867326e+00,3.128269155815008418e+00
-1.395829972525735485e+00,2.012215707947961896e+00
-3.562306729898610413e+00,2.875586965899119996e+00
-3.843126044643381256e+00,2.313449817728082891e+00
-6.493134064928394622e+00,2.836292928032706051e+00
3.686782679173026267e-01,4.044904822147468160e-01
-2.932519930759275084e+00,1.980325301086479639e+00
-4.211400057511145434e-01,2.653803117445560744e+00
2.850272876105207409e+00,1.154284413502645545e+00
-2.839999542677755784e+00,1.735598629384541347e+00
-1.973415173209043250e+00,7.134287433899031416e-01
-5.665003944344886300e+00,3.528444915675503779e-01
-3.859321931862330857e+00,9.970254170575671981e-01
-2.472239991336849130e+00,2.198788513481900964e+00
-1.665861969402503640e+00,2.683188685480878188e+00
-9.165069951662996317e-01,3.179825012430574027e+00
8.200198292495084473e-01,9.485398169633867393e-01
-3.378503014811890637e+00,2.480840969183350175e+00
-1.579450772777590828e-01,1.620073200737821129e+00
-1.613777633082129181e+00,2.766226621940280239e+00
-7.476699478503130436e-01,1.586826846908834243e+00
-6.229911936102563885e+00,3.996112286231184196e+00
1.609628072437072177e+00,1.624166279914121436e+00
-3.815080572220352906e+00,1.018821001384841773e+00
-2.841185326148779389e+00,8.171507632403456345e-01
-2.333300091941530319e+00,8.993237073747546440e-01
4.047555852721567149e-01,2.149141036174289976e+00
-6.046838235250017846e+00,-8.995867306776621497e-01
-2.464240645459175205e+00,2.661674017470664566e+00
-1.166667016281159874e+00,2.268094283305687853e+00
-2.043794889933908898e+00,2.772997525716998535e+00
-1.982234314556619026e+00,1.147908093932834994e+00
-3.789279246625718578e+00,2.267910388377827768e+00
-2.256923246140948081e+00,2.905644135182385845e+00
-5.525668913770775958e-01,1.561824508507581921e+00
-1.995004938591416366e+00,1.189790462933224990e+00
-1.024718099202022614e+00,1.375503647058814893e+00
-5.414540624053920226e+00,2.983626583943523869e-01
-1.935645941061225894e+00,1.604308417646244989e+00
2.381078317497546948e-01,1.098830952230989144e+00
-2.322133216921510090e+00,8.156458683957130695e-01
-2.890532471720598018e+00,2.154165309626948854e+00
-5.644252705816539262e-01,1.536018878204614246e+00
-6.680260240486273204e+00,9.217689631019696517e-01
-6.941031331531632986e-01,3.281641826680925078e+00
-2.910846756263112844e+00,1.401144775422430655e+00
-4.524788902847908467e+00,1.484424869710471384e+00
-9.011401490516410817e-01,1.967965346200474031e+00
-3.945083900119790599e+00,1.436979420385902095e+00
-2.681268817186555076e-01,8.559220975867920522e-02
-4.343253235787230437e+00,1.634288842983125711e+00
-4.582181006308806204e+00,2.442281292870240872e+00
-4.695560956854254897e+00,2.388645102783081953e+00
1.588523708948667679e+00,1.769299725098665510e+00
-2.554469817048769187e+00,3.025380319709497279e+00
-2.770996220453329606e+00,2.249662466761644275e+00
-3.988013522233480046e-02,8.429593864473297060e-01
-1.291693448719600568e+00,2.247290441409980133e+00
-4.817147206948698468e+00,2.553271065672522599e+00
-5.534649624005085755e-01,1.909537531365834262e+00
-2.568899829557158121e+00,1.166155837887068003e+00
-3.139021404156515871e+00,3.559700202924546808e+00
-2.013340966045932490e+00,1.996338926562657434e-01
-2.971952231431707503e+00,3.064673912847321269e+00
-2.675947477873138247e+00,1.453259033614133777e+00
-1.235489256656328916e+00,2.623521546869075571e+00
-3.142378732930413143e+00,1.623623031301571595e+00
-4.332229928180195699e-01,1.147241572643633578e+00
1.093771211199820570e+00,1.518148943147424657e+00
-2.923045283488467483e+00,2.403251001141267551e+00
-3.963872632965952825e+00,1.099101432334399941e+00
1.200734280500776574e+00,2.875647126146748001e+00
3.552381792376421821e+00,2.798476652257752662e+00
-4.331489289106674079e+00,2.275527784201749615e-01
-1.181236808944063021e+00,1.612293935916362164e+00
-2.828669745685214565e+00,2.685830464120840588e+00
-2.549451259957199234e+00,2.439673017090714602e+00
-3.233841149250700653e+00,1.819859928295080476e+00
-3.717060428548530915e+00,3.784125296512215186e-01
-5.042080083381626388e+00,2.447312790332066168e+00
-4.877999738633680415e+00,2.698561261459703431e+00
-4.370260832609419666e+00,1.012334997038989215e+00
-4.533446518621895294e+00,3.664247812567161589e+00
-3.485490483402077011e+00,-4.644124223446146615e-01
-7.201457397980881581e-01,1.468863496074558128e+00
-1.128847499494213924e+00,2.138360351617652810e+00
4.570536966729314088e+00,3.531470842565804347e+00
-3.441111142500103526e+00,2.393769832811122100e+00
1.291150795427813414e-01,1.954122194140567315e+00
-1.084803766815029213e+00,5.147956417428478648e-01
-8.099384105858171701e-01,8.093782189260851911e-01
-1.455643407023483604e-01,1.263005186101740618e+00
-2.307822215392730136e+00,1.591230185680153841e+00
-8.034119415988918433e-01,1.176128501909278867e+00
-6.262022312991932793e-01,1.856352339892236580e+00
-2.405186005522859993e+00,9.875356653793097017e-01
-1.091977615798121359e+00,1.532508371918520185e+00
-1.658611469513910919e+00,2.760598234266830708e+00
-2.514096333571859354e+00,1.341751952460966901e+00
-1.831693432700303159e+00,2.229691030629283865e+00
-2.501829616050180505e+00,2.823522815943324549e+00
-7.561871630058045746e-01,2.291849860667844574e+00
-6.225192895213154110e-01,6.647591691441887551e-01
-1.397988036413799762e+00,2.511449708691257943e-01
9.778043485546650260e-02,3.018094231534606209e+00
-3.004549729861006213e+00,2.022339334887831352e+00
-2.559776882857461189e+00,8.126708199366106111e-01
-2.197116151450548394e+00,-1.921145407072732958e-01
-3.050877685415668061e+00,3.774448157441252505e+00
-2.737185349879810659e+00,5.370327929792848565e-01
-5.342373961036518182e+00,2.707035804948823898e+00
-5.797493470241839475e+00,1.459095370029323213e+00
-4.651585307755061294e+00,1.794388534095581633e+00
-8.151021373831004446e-01,2.789972320116074656e+00
-2.717222133988917321e+00,1.375048232959646510e+00
-1.496976638093405754e-01,3.722418732573838707e+00
-2.347881872121327262e+00,5.266101192814336418e-01
-6.129238452321070341e+00,1.751590486691780413e+00
-1.939760070831176186e+00,2.563207749129499113e+00
-3.050207543247863917e+00,1.284236552480392479e+00
-5.097734102948089152e+00,7.975001240392207702e-01
-1.981486691363239849e+00,2.367767771947832500e+00
-4.405942718015894322e+00,2.220987337077496626e+00
-5.880322520378356899e+00,2.127198170124219967e+00
-2.759021299119783777e-01,1.684827165519556136e+00
-2.653046623693963824e+00,1.085414286413708185e+00
4.428408024122445497e-01,2.343073363361735773e+00
-1.659298600246907895e+00,1.311647597678391675e+00
-2.360610799650679326e+00,1.350037528537851861e+00
-1.794743856908226132e+00,2.941057066127229724e+00
-4.560041717588071641e+00,1.278290782156821459e+00
5.002717547095376638e-01,9.873553789921709622e-01
-1.338748719488227934e+00,4.087388644092305512e+00
-2.268359803156935861e+00,5.996271796011209965e-01
-1.512632587596001166e+00,2.137580702168704772e+00
-3.966150617813534396e+00,-2.570167599438697437e-01
-1.673704383321836797e+00,1.709965485290296572e+00
-1.793924842353884497e+00,2.793091486612618191e+00
-2.411283609707295383e+00,2.083945105726144220e+00
-1.239031713986014083e+00,1.972383101566075547e+00
4.565762437368650062e-01,2.159247283590371325e+00
-3.520907731955499997e+00,3.773129908976015301e+00
-1.956944264831151692e+00,6.007886779056144100e+00
-4.437334593657792148e+00,2.823372666310447698e+00
-3.552983731763519337e-01,2.014291171354413379e+00
-5.456003830006780575e+00,1.546768746898341984e+00
-2.863138395467537123e-01,3.258579375907264541e-01
1.452262465870601371e+00,3.884806076123988205e+00
-2.907843553184228824e+00,2.826534208455272701e+00
1.633801220066941617e-01,1.052901579614088812e+00
-2.102346716334540844e+00,2.694316376198529817e+00
-1.340615127411261653e+00,3.660197028684442522e+00
-2.273015443812631098e+00,8.170608788513675780e-01
-6.142001022695252388e+00,1.889906697009284597e+00
-3.359830305341897194e+00,1.988133437128944747e+00
-2.695044967404101932e+00,1.866842303376847312e+00
-4.569618677270956830e+00,1.197715708492179232e+00
-1.133523774762869252e+00,7.211326155551134320e-01
-2.536562015507951351e+00,2.886411947876571737e+00
-1.645413130641494082e+00,2.790126776835752498e+00
-2.747693825692975267e+00,2.161915230892413220e+00
-2.635021571789833317e+00,1.183467865506910632e+00
-1.788352415951078189e+00,3.125354437694180199e+00
-4.579838407368880482e+00,1.192941741171166470e+00
4.913019759558934219e-01,2.410123311080468511e+00
-1.291478643658071856e+00,1.993188293602843775e+00
-9.272521088072300799e-01,1.630951355843057060e+00
-3.640191551523352942e+00,1.445658999248718324e+00
-2.811407336428470849e+00,1.041188684624525518e+00
-6.382460448993388269e+00,6.349580715344638193e-01
-7.626248385073672864e-01,1.909191613017103828e+00
-2.302205101472092785e+00,2.625637322562219822e+00
-2.653663374056197455e+00,2.471080960922246383e+00
-3.442773559562668950e+00,1.695195997411063749e+00
-4.700773228885015698e+00,5.940770511734636550e-01
-2.928900240529144661e+00,1.391234740178623142e+00
-4.467545060431241666e+00,1.949884106175842069e+00
-4.772060769680185999e+00,2.806723701953802497e+00
-5.219897349817732568e-01,2.588641737724343805e+00
-4.300914150612124232e+00,3.954066453649296431e-01
-5.180793344446446014e+00,3.662588121150049503e+00
-1.616037712324644104e+00,4.142810033219683774e-01
1.078668256859119268e+00,3.965341314662706562e+00
-5.563113612272483799e+00,2.193682365431447678e+00
5.743963848300590591e-01,4.002259345161953696e+00
-9.513835164263655386e-01,2.012433302893955389e+00
-1.950560746077276697e+00,2.710644855494318772e+00
-3.322776505538038272e+00,1.956955555860913076e+00
-2.212531877368634881e+00,1.710482323354113765e+00
-2.181933448931522079e+00,3.999139238116873329e-01
-3.779897775887332223e+00,2.003683337362159644e+00
-1.654363522001079723e+00,3.740996544760938569e+00
-4.081517392308762204e+00,4.247906687636353595e+00
1.312962826078584389e+00,2.949787838392244232e+00
-1.898880201688816882e+00,1.002403354585036599e+00
-1.206444992222685642e+00,3.009633681606338484e+00
-6.881478212750957724e-01,3.249201086799570426e+00
1.122119308785285430e+00,4.498054871423495804e-01
7.224071269361100889e-01,2.905972472564850584e-01
-1.049933305338878409e+00,7.655911730654485492e-01
-7.219440086737853868e-01,1.669315047580844702e+00
-1.425099503154805269e+00,2.035504724698929735e+00
-4.902937412034370723e+00,2.050626391844488694e+00
-1.535870439013087285e-01,2.763286803661242352e+00
-1.239610009094093357e+00,3.641411302750776624e-01
-2.657688797142020221e+00,2.860047668817500277e+00
-4.571280136969383179e+00,3.133016104709058336e+00
-4.006910664069211592e+00,1.491997839382714464e+00
5.405195676014709072e-01,2.988674929926816048e+00
-1.169668973065117523e+00,2.996603169227849861e+00
-1.434624248223811183e+00,1.802697954456646823e+00
-3.845030155897483759e+00,3.470792337608781253e-01
-3.276432360864298232e+00,1.479121629096443513e+00
-2.037884418830353539e-01,1.162711678256577619e+00
-5.126435684835518813e+00,4.192160709503176541e-01
-7.963872454973660808e+00,1.104510336618644839e+00
-4.934587840758982935e+00,2.385585538644107828e+00
-3.358869796155679488e+00,1.516104383721027737e+00
-5.731178775331324360e+00,2.366753714915071249e+00
-3.262671758471649142e-01,1.162285286379154847e+00
-7.306888011612485911e+00,2.649733020877510725e+00
-1.573512776491306386e+00,2.231625821643605345e+00
-2.703800093732833254e-01,1.716007471488359748e+00
-2.845477693877079162e+00,1.375976421449407683e+00
-4.340998254998768680e+00,4.199269196662118731e+00
-3.853380824796378334e+00,2.014199081689955317e+00
-4.663610322742441028e+00,3.015986725648565958e+00
-3.304763324246894562e+00,1.260581674752802250e+00
-9.413331510344318254e-01,2.890273828864663663e+00
-2.014859016807457159e+00,2.329894730843699246e+00
-3.214374897832597000e-01,1.217570708667492951e+00
-2.346899862969848094e+00,1.212934977021684624e+00
-3.505294462962731394e+00,1.001484715211952814e+00
-3.164536158691117151e+00,1.135110919958366216e+00
-3.207917577194641545e+00,4.036613812180064542e+00
3.533356949747349596e+00,1.596898551720391746e+00
-2.150408350877238917e+00,4.533298565752190701e-01
4.173670016567858632e-01,3.695001953631521729e+00
-5.704405504453234244e+00,2.730955538757060985e+00
-1.568594056680144178e+00,2.982802345219786933e+00
-2.477161745891520717e+00,4.769181131746050184e+00
-3.341435250753097996e+00,9.244104709417237942e-01
1.554847623435434034e+00,2.697843261559546235e+00
-1.269106300391098507e-01,7.036306417114275291e-01
-2.663443404695482464e+00,4.266935334316321882e-01
-1.770359118143034927e+00,9.110903296677537178e-01
-3.460509380816693792e+00,2.301048839281145231e+00
1.689520841319547273e-02,3.064273205069265593e+00
-3.875808146117094566e+00,3.444725888185977691e-01
-1.713227915026049875e+00,2.069777272580704430e+00
-2.555742958702909462e+00,2.066986539265245337e+00
-1.677040568941400078e+00,1.342655515510321251e+00
-1.701107986966429841e+00,2.327941733638375865e+00
-5.092402242412186197e+00,1.073293921256615713e+00
-1.437306899137696270e+00,1.260338069245090509e+00
-2.681904349960728240e+00,1.582072200531732475e+00
7.322617414286676230e-01,3.303820645013044732e-01
-9.789535499665412033e+00,3.942064446116999576e+00
-1.536319440040347928e+00,1.806880429051088033e+00
-2.116947087365184998e+00,4.737002484827386173e-01
2.139799659852092972e-02,2.034854901340964251e+00
2.283769082058069166e-01,2.264762183349438018e+00
4.981422081870485741e-01,2.199119716614758246e+00
-5.146373295942993309e+00,1.989728924037361013e+00
-3.082436878025612614e+00,1.449459031137350085e-01
-6.517374212813990653e+00,1.878932106400631685e+00
-1.273963598061023550e+00,2.143105532455901852e+00
-2.868594080934137480e+00,3.703469711397848751e+00
-5.980588501807676316e+00,2.584906460047549981e+00
-3.666955134857396104e+00,2.680359971833204735e+00
-4.135093353176953812e+00,9.438415406752003189e-01
-2.771124961745521809e+00,9.614414160143671673e-01
-4.000247184333318273e+00,1.905863327568088739e+00
-3.642285543574530493e-02,1.848662524367157056e+00
-1.461120705293556199e+00,2.592912152064573483e+00
-3.532323653239384242e+00,1.442491545331830327e+00
-1.188846989925484543e+00,2.997387909052036115e+00
-8.147031113574199068e-01,3.184136618268706087e+00
-2.894817820906262718e+00,2.799128724951235547e+00
-1.795241139710626488e+00,2.756593795029910421e+00
-2.353386850658858442e+00,1.834292097543483990e+00
-9.438569399253395886e-01,1.640136646624798189e+00
9.354590253367800479e-01,8.941003471539992198e-01
-3.201976475725985871e+00,1.639790838561934860e+00
-3.539814390536827560e+00,2.610061652477515093e+00
-4.072099782642299104e+00,1.660326644982032196e+00
-1.695551605977409615e+00,-1.035338003548673669e-01
-1.126843821810805224e+00,4.992710173246808214e-01
6.460451476810185056e-01,1.920494727741524521e+00
-1.434084205195915729e+00,3.005182299076240238e+00
-1.122209039135209974e+00,1.010393770805863234e+00
-5.167842843273495745e-01,3.324408380107866545e+00
-3.225934938850292255e+00,2.666980975605324211e+00
-1.009820834044898419e+00,2.790249644580362176e+00
-5.589974477576607370e+00,1.315475646372387120e+00
-2.399300387520644229e+00,2.388011392578405001e+00
-9.867171599804827054e-01,9.746122355617670152e-01
-6.758177013007777845e+00,1.166800789819403050e+00
1.439407814472404290e-01,3.372485402966822310e+00
-2.064390539202153541e+00,2.484988076247124145e+00
-3.962578365277150461e+00,8.502644300455650672e-01
-5.172164909182541237e+00,2.045522608244391360e+00
-1.667042318951744040e+00,2.231314517972503797e+00
-2.590444640105439511e+00,2.147836506226684872e+00
-2.474073253396574579e+00,3.410907783804882243e+00
-1.585512780274928701e+00,2.457542203471950515e+00
-2.629672510404211572e+00,3.360827138525807722e+00
-9.876749095426031744e-01,3.061992216515919019e+00
-1.429189966119702060e+00,3.304552458242543622e+00
-2.875519689458114314e+00,1.157922609001024838e+00
-1.610630503842757744e+00,2.748127356441032898e+00
-6.516385026270619107e-01,1.242350507977385554e+00
6.362068648123728742e-01,1.267112992881860523e+00
-3.761294020739978095e-01,2.574760371075234033e+00
-9.196362593841418409e-01,1.588144377391455198e+00
-3.158625021625418583e-01,1.109483110124934946e+00
-5.469587332315576589e+00,3.374151886820611512e+00
-1.893170154791366855e+00,1.731960754832307714e+00
-1.752535623873923587e+00,1.732214595489340425e+00
-1.313032591262786042e-01,1.913197040959960793e+00
1.508963347941624900e+00,3.691122676658804558e-01
-2.762702105239101869e+00,9.574374170594834865e-01
1.107011259413449356e+00,5.373633863666937849e-01
-4.832287454227431667e+00,1.653749912167352676e+00
-1.624660447934890062e+00,2.089532939885052620e+00
-3.392639249938655510e+00,2.188539473430261229e+00
3.351571381896881974e+00,1.361091652403389141e+00
-3.115432047063597665e+00,1.620341097373610761e+00
-2.236786345360359363e+00,2.773612528731712601e+00
1.344643760202450800e+00,3.628354057365331009e+00
1.433847787029240983e+00,2.555503273023218558e-01
-1.782280616460121259e-01,1.826772600643106426e+00
5.498841922217749811e-01,5.519572950535849287e-01
-8.406596706585460765e-01,2.169211151764975476e+00
3.772323819637404263e-01,1.886249160533997049e+00
2.442455504098518304e+00,1.510903508241662641e+00
-6.644335185892344953e-01,1.122960767865407661e+00
-1.549137575928405841e+00,7.608360834803680195e-01
-3.693154160497969407e+00,9.254005803826410581e-01
-5.514188365401856196e+00,2.493865498352406895e+00
-1.575531114225959595e+00,8.484873167579574105e-01
-4.307540368823699062e-01,3.358263852626882429e+00
-1.246687499483725592e+00,1.035875521067034288e+00
-3.630975381871907715e+00,2.478174967862295741e+00
-1.632565574104107409e+00,6.157623268394181171e-01
-3.727944411777549760e+00,7.290628138633885591e-01
-5.468098813898953914e-01,1.889425535558186153e+00
3.839743617491286898e-01,4.382017837369598379e-01
-1.319579838336810695e+00,3.225825400195814652e+00
-3.780874057443339709e-02,8.657842821231660491e-01
-5.466565372737822948e+00,2.655648835237800487e+00
-2.323336676271801515e+00,2.496463906967773205e+00
1.903187214039645525e-01,1.379816458041122740e+00
1.568477438242606326e+00,1.428415002149320490e+00
-1.684352568160463193e+00,1.924297759439145050e+00
-2.286819277799178707e+00,3.200192485629515637e+00
-2.978690856396874587e+00,2.660397515733468943e+00
-2.743644346207775975e+00,3.614667429112112806e+00
-2.639453263388126025e+00,1.222900653008279770e+00
-2.308991767443010268e+00,4.269220703346581214e-01
-9.161224848594979875e-01,2.188605005899799227e+00
-1.938107516946355968e+00,1.137310854483709388e+00
-5.184580485643207837e+00,2.660156947846711528e+00
-3.479814609074135312e+00,1.087977160348090111e+00
-2.606919290620562712e+00,1.371776913893756333e+00
3.603346435777683432e-01,3.657518324362303730e+00
-2.872104303896921174e+00,-1.365817236575764593e+00
-7.880746506931526341e-01,4.038243903082375574e+00
-6.537687424563909389e-01,7.357069901818515945e-01
-3.778222581353317899e+00,2.890888870908162378e+00
-1.503516090374032110e+00,2.304354466150247305e+00
-1.017051492192162954e+00,3.599183463146396811e+00
-2.209527462593370295e+00,3.293470298259708162e+00
4.860514411500105325e-02,1.322730609853299377e+00
-1.881774644191810619e+00,1.497259369440979704e-01
-1.478353009586374611e+00,2.070158897422609279e+00
-4.877711133934673704e+00,1.638183495197399475e+00
6.772725220047259853e-01,1.381396691941123134e+00
-2.011732884269537003e+00,2.033816523657100639e+00
-2.073279201753697620e+00,2.470679784498726939e+00
-2.146910718117057471e+00,7.645233114149714293e-01
-1.014300899962233604e+00,2.439084168342665393e+00
2.327649575785066816e+00,2.300313037166980656e+00
-4.223645645186051567e+00,1.555008441018270737e+00
-6.770419295720802921e+00,1.400533562944958454e+00
-2.967131490710973374e+00,3.723599304806817223e-01
-7.818367871134896951e-01,1.096140844333137521e+00
-3.056249187358716313e+00,1.497399590794743496e+00
-2.815078075778126632e+00,2.614679620410401029e+00
-1.501777627022673034e+00,5.599827623801614251e-01
-4.919484661330642439e+00,1.589145832612335330e+00
-4.416200172473621066e+00,2.156471671910337395e+00
-1.545760835594953253e+00,9.854780878993922855e-01
-4.901837057963000177e+00,2.817570155806127907e+00
7.753981440069446229e-01,1.418564658428210556e+00
1.804507085307003322e-01,3.976134238783146202e+00
-1.130132870683347779e+00,3.990730030378102811e+00
6.138080730115968997e-01,2.136226218299137614e+00
1.028591740155473389e+00,1.410034312286299496e+00
-9.569279632847513817e-01,1.676353115589388265e+00
-1.805081125771576644e+00,1.669099929742351884e+00
5.603127974393702360e-01,1.556993913419280950e+00
-3.116287783258123056e+00,1.205323614051833747e+00
-2.631161670889493820e+00,2.822578019076228628e+00
-1.987399284071981853e+00,2.025256003228875112e+00
-1.348348872548116084e+00,3.293661004189370800e+00
-7.710753814950159324e+00,5.080981609110262198e-01
-3.556779331505552477e+00,2.069036510949382457e-01
-4.429862851245159661e+00,2.025460889790036578e+00
-9.922858722683698396e-01,7.062584631314228201e-01
-6.562880861217625039e+00,1.016507749567076901e+00
-4.044304395090598803e+00,-1.044821241527266853e+00
-4.335702113616787479e+00,2.369489429947914783e+00
4.255148418230876750e+00,1.959161451524576991e+00
-2.103952553268690906e+00,8.095785015985335065e-01
-1.709982953077603618e+00,1.092184572086508432e+00
-1.092056755023259385e+00,3.315180093102952252e+00
-4.206789623405195577e+00,7.746057843259770426e-01
-1.932931965108863892e-02,2.306223745713996465e+00
-2.076201238710356556e+00,1.889258876925127950e+00
-2.985074700542317494e+00,1.403851199745091538e+00
3.161272421998262416e-02,2.691172563226708725e+00
1.078607645415215366e+00,1.862113708521764499e+00
1.348772674210155564e+00,3.389007678913381838e+00
-1.775042098081002440e+00,1.590594072281871219e+00
1.129652138556230589e+00,2.315211064096885263e+00
-5.129353571666921852e+00,1.848989344515482358e+00
-2.629217142124169015e+00,1.500940414525254951e+00
-1.925169835411533636e+00,3.471911094002083420e+00
