x1,x2
9.664135638693003294e-01,3.462076434541994097e+00
-2.661828152070635944e+00,2.546306021197558778e+00
-4.324437550504149907e-01,3.349141538877803193e+00
-1.137235691211334832e+00,4.590238367960206567e+00
-6.373191514972620375e-01,2.867841535803683506e+00
-5.072574286098165963e-01,3.285433330112798700e+00
-4.124810694967201208e+00,1.273323859504810418e+00
-2.283475004848164236e+00,1.905111001800953607e+00
-2.392239102589642119e+00,1.368341853334466229e+00
-7.044012659374025986e-01,1.352249380827903247e+00
-1.040598391225168617e+00,1.108026060038906024e+00
1.524189522044703260e-01,2.907335325611883903e-01
-2.621428688044477262e+00,2.082390910174136245e+00
-4.995480840739435990e+00,1.496187590755403862e+00
-1.821758686353677659e+00,2.421530094866084504e+00
-3.424312331553029054e+00,6.666229362595699204e-01
1.890508394862422392e-01,2.387423735729291341e+00
-1.120291083184437264e+00,2.807891674595802023e+00
5.208639840562172552e-01,1.896648453653111854e+00
-3.420913087291757471e+00,1.379039868399382085e+00
-8.233379664140696441e-01,1.367311580886824807e+00
-3.290690873468435029e+00,3.470977927945721131e+00
-2.086835528358350178e+00,1.680998579847397423e+00
-3.190361653579564027e+00,3.359513518086354900e+00
-3.751318161881817659e+00,2.091928836001777814e+00
-1.072701150323138508e+00,8.324478596907798345e-01
-4.931859344514263555e+00,2.549748201235507050e+00
-4.180535107137119510e+00,6.523110494675199433e-02
-2.268008727354711596e+00,1.876013630425386713e+00
-4.733670672356451448e+00,2.840532645402547018e+00
-4.181598560625055860e+00,-5.412529374807424354e-01
-2.143218529960321472e+00,1.909711185681393308e+00
-4.256669580984617340e+00,9.871372536668734377e-01
-5.967513904498042976e-01,2.821638096876496249e+00
-2.463648667876157106e+00,3.664430454560916317e+00
4.542643095232326012e-01,7.734118046910269939e-01
2.608639766706191132e-01,3.475669717309045392e+00
-4.118259732123966899e+00,-7.143654139130579672e-01
-1.051921528208616508e+00,1.426344516178475796e+00
-1.130377719186152374e+00,1.211107079662204100e+00
-3.609803926925017503e+00,6.108143206804088621e-01
-5.028309106959406805e+00,1.084052163180624806e+00
-1.164570513716091549e+00,3.157877615205280986e+00
-3.649144176146921659e+00,1.809774241648856252e+00
2.282675380135712473e-01,3.499118127773999554e+00
-7.197608807044704182e-01,-4.436582649397240452e-01
-5.775206885362607068e-01,2.236943590801621085e+00
-5.361293689171531263e-02,1.033867264627555738e+00
-4.777182432330293160e+00,1.715420904887634324e+00
2.646718887340948179e+00,2.881654640359785802e+00
2.085107726565074593e+00,4.079588371063962882e+00
-2.701146288380862792e+00,2.814672026572035080e+00
-1.256001609170017019e+00,2.459337345981901457e+00
1.022233148542654124e+00,4.051343949340247441e+00
2.135544111957718094e+00,2.858190944321969962e+00
-3.552350199109786111e-01,3.191961479812253977e+00
-9.074470380880266251e-01,3.019930591186497537e+00
-5.617719518172259896e+00,1.816055799744653365e+00
-2.926300473112934064e+00,2.194252987394077259e+00
-2.124938065878748006e+00,2.956100816662617259e+00
-4.725019245350020825e+00,1.247807281499422549e+00
-2.873328032909125085e+00,1.727426818461649249e+00
-8.816010571784904659e-01,3.140361919047981232e+00
-2.841989841749216872e+00,2.374476273807713422e+00
-2.430597606828895252e+00,1.779507523913670397e+00
-2.213122384480160409e+00,2.763269181849217659e+00
-4.527533586452120673e+00,-8.998378858412072745e-01
-1.726234272076165865e-02,3.922802240181803235e+00
-1.417754619608124989e+00,1.821296063948175448e+00
8.983374108800243896e-01,2.623585703451806417e+00
1.427018885093689349e+00,4.218708386018820811e+00
-3.952450133437346302e+00,1.052756318899035426e+00
-1.184422073450113189e+00,1.609669911162691758e+00
-2.864942369125172306e+00,2.175833580710260229e-01
1.517052473486059316e+00,3.014071589235079784e+00
-2.602986927605453804e+00,3.315230053416542866e+00
-4.496081919477950883e+00,3.884748222895358261e+00
-1.992301071820983260e+00,8.503833782885483750e-01
-3.651933613917622168e+00,3.781787938628378143e+00
-1.067243268406655510e+00,1.229155682219089218e+00
-3.910847901291109707e+00,-1.142408502369821832e+00
-6.222411113560949225e+00,2.050811815281838868e-02
-4.885840294620825475e+00,4.005224886475662771e+00
-1.058052588891162937e-01,2.602682888501029801e+00
-2.474749470143255969e+00,1.732614308236905210e+00
-3.416648676135860097e+00,3.000824387504464230e+00
-8.934980746800600393e-01,3.645867719946394025e+00
-1.459161107983297345e+00,1.313820078197221575e+00
-1.387361749661084609e-01,2.935709391374048405e+00
-5.517899409720550263e-01,2.878419278521521019e+00
-2.757919183732513435e+00,5.632323211553103004e-01
-5.408918053309420770e+00,1.265905398066089482e+00
-2.418928915802065038e+00,9.260487511861916765e-01
-4.819496428955776679e+00,2.210570370941566942e+00
-5.453083448129250499e+00,-2.602096955163757386e-01
-5.902544671580196578e-01,3.226273276413122559e+00
-2.524462788897229082e+00,4.161659126756256377e-02
-1.421363944235818355e+00,2.255552578639347328e+00
-9.986683517548899935e-02,3.133691660690338665e+00
-3.869348620639507796e-01,2.334801663842614339e+00
-4.098679127416493984e+00,1.069630459589542504e+00
1.934506946459580323e+00,4.225393217641224552e+00
2.321948820924779611e-02,4.667757981469772943e+00
1.604992705855067481e+00,3.438957012727510421e+00
-3.591862572716620683e+00,1.060349928976721312e+00
-2.322515254158048492e+00,3.190162506691961219e+00
-3.178446543218536480e+00,3.602778964994225674e+00
-2.015448772377046449e+00,1.700416177387875649e+00
-2.842496706986083588e+00,2.133946258597460233e+00
-3.760252346921318267e+00,1.205855527184182874e+00
-3.780643889899562904e+00,3.390296175505618237e-01
-1.606492839760015556e+00,2.606231404392279405e+00
-7.344455181670372923e-02,2.138221119545092197e+00
-5.639398772891238920e+00,2.749002790513150885e-01
-1.872838550957353076e+00,2.574890340798834387e+00
-2.667443471389128185e+00,1.392477027247850607e+00
-8.293795853794014850e-01,2.353061861507557140e+00
-2.045176189650242726e+00,2.276124659937459160e+00
-8.075231776009907492e+00,-1.065555605012384888e-01
-6.231641671458537424e+00,7.633884276968607718e-01
-6.351962562204047646e-01,2.468867643594517158e+00
-1.776407493643845203e+00,3.553810953464900280e+00
-2.393408530687848756e+00,-2.227342899898232531e-03
-5.458004181439841673e+00,-2.047384409928678650e-01
-6.127119165511716758e+00,-7.318545135874821028e-03
-1.493457456814095918e+00,2.709783056280508085e+00
-2.096265995960939321e+00,2.343452133004600313e+00
-2.753864633464250034e+00,1.298682147054218028e+00
-4.230780340104297821e+00,1.077378550586175709e+00
-1.664927139930161726e+00,3.034954187553414506e+00
-3.447529564488473142e+00,2.255087295368570555e+00
-1.363037366185203325e+00,1.132905766997245323e-01
-4.532307610703420586e+00,-6.057548478250236457e-01
-1.546183947726054164e-01,2.229983219556817886e+00
-4.687450985463834652e-01,1.038213315047710861e+00
-1.877641015648319200e-01,2.675869688802917423e+00
-2.361552295391720069e-01,4.347229219856469484e+00
-6.150643665052829334e+00,1.417093459003706535e+00
-1.065753567781484890e+00,1.585442427763457340e+00
-1.126768360753560794e+00,2.828083872048681613e+00
-2.229222207692380664e+00,1.289873491543666262e+00
-1.432276218803695489e+00,3.470936912487051718e+00
-5.719804969751724144e+00,3.146338282815124288e-01
-1.732116869042797047e+00,1.472922406227995751e+00
-2.048889422733348287e+00,1.981784198034694189e+00
-1.912643980011443423e+00,1.468872318168661817e+00
-2.042957884768951793e+00,1.016467792392253155e+00
-1.674107016650580038e+00,2.889301315916661839e+00
-1.075703746416981188e+00,2.578699034044095839e+00
-1.413324487295617882e+00,2.410705451847082958e+00
-1.593538967055971867e+00,2.909871923877822564e+00
-5.967347436079534440e+00,1.232720221052138188e+00
3.258532187309448602e-01,4.857755347329537621e+00
-6.177088805653203618e-01,2.725915667046223234e+00
-2.480482237822710267e+00,2.102892600840082338e+00
-3.542251544985544509e+00,2.214970907962470204e+00
-2.275956672804031466e-01,1.837887393405399195e+00
-3.705971367550248807e+00,1.168218871930807978e+00
-2.700813645130950569e+00,1.153022540517276928e+00
-2.648292410313478840e+00,3.845315429554912789e+00
-1.482150910605927852e+00,1.646214559818112155e+00
-4.828774880422126436e-02,3.036388863850153275e+00
-3.961097413992405336e+00,2.768245707405382117e+00
-3.225349908436693003e+00,8.567818472016126563e-01
-1.995149805341967619e+00,4.338943701147270460e+00
-4.330273317797447952e+00,1.521901905908081609e+00
-3.616653225729569598e+00,1.083191918752689276e+00
-1.219908202911251127e+00,1.578415655592759981e+00
-4.113017330412684913e+00,2.745990439675805916e+00
-1.964631399106402609e+00,5.225674827664938960e-01
1.433026413550610556e+00,1.941165464922670392e+00
-5.664986588300400250e-01,3.167305519478020415e+00
-3.113491040044839231e+00,3.716702248522839369e+00
-8.720437338466915378e-01,2.768274731115944576e+00
-2.217979443385285077e-01,3.205159504613106503e+00
-2.716907378700117448e-02,2.414896179592803005e+00
-6.049838959831985719e-01,3.633263649804796991e+00
-2.334173488020284015e+00,2.178957181355225092e+00
-5.829129078105935946e+00,2.210123485045916603e+00
-2.219607518734190599e+00,3.614627288831844254e-01
-1.756087729543926557e+00,2.849553534845461034e+00
-1.317639515685133489e+00,3.374328296052092391e+00
-2.402987850419191496e+00,2.004242131363545010e+00
-1.198362860702733457e+00,2.238598076268329073e+00
-2.836228202407347077e+00,1.065186487972059615e+00
-1.902853663548841556e+00,2.178590398875554612e+00
-1.448777026824812575e+00,1.643616430970358255e+00
-3.621483289804492856e+00,1.164008037372036064e+00
-4.154455794046819861e+00,4.079952185568522793e-01
-2.484525463414379409e+00,3.130646653076288644e+00
-1.131486634501376543e+00,1.837395303758176723e+00
-1.821088520609354999e+00,1.606351544857783864e+00
-2.339557770816639071e+00,1.933415429776504491e+00
9.643896282043256107e-01,2.805433147399650107e+00
-9.702125370268857019e-01,1.832392788732438493e+00
-1.072155536754943128e+00,2.337629140517795800e+00
-5.127525716284393020e+00,-6.192886518844984423e-01
-1.640062264587820895e+00,2.855685732085401440e+00
-1.427116025142680211e+00,2.043631776179005044e+00
-1.282721618310467271e-02,3.426217310789183124e+00
1.489160383507540431e+00,1.795502222715482654e+00
-4.958590118825190629e+00,2.168805761903970009e+00
-5.823579886544353990e+00,6.537846595710239406e-01
-4.252462815126408557e+00,-2.786377527968260104e-01
-1.268646801059611251e+00,3.060338111212711709e+00
-2.310035222449469128e-01,3.166690518292526235e+00
-2.588023479250186387e+00,2.333337076798185361e-01
-5.216187195147717226e+00,7.561240364872625630e-01
-3.672634517160396239e+00,1.341500085822026511e+00
-4.373977774936148588e-01,3.843785850662903680e+00
-3.351987139008876682e+00,3.066569943952645261e+00
-1.705443055102388250e+00,3.234804376065957499e+00
-2.592304968336383464e+00,2.727282161711552799e+00
-1.456513081919305730e+00,7.766608129696823681e-01
-2.870768333481606760e+00,1.599730700760438218e+00
-3.635011785488955205e+00,1.017087152530792959e+00
-2.953068537374194502e+00,3.226227441018802988e+00
-3.533492665714130787e+00,1.186860215791704087e+00
-3.192002769079914870e+00,1.237798451020235557e+00
-1.756741410333282571e+00,4.048056622817559624e-01
1.213376478125611779e+00,1.519997191913596168e+00
-3.891410690985252607e+00,1.869012292443917200e+00
-6.019191957063122267e+00,2.204046937564284825e+00
-1.900049859480138270e+00,1.378960285806704711e+00
-3.636084512917136635e+00,-5.922606507857137714e-01
-3.557512317597187668e+00,3.276288568652010458e-01
1.189777153370365159e+00,4.009912788295090458e+00
-5.749743900243209360e+00,2.762569566691790435e-01
-2.988432204472803555e+00,3.718584836542436101e+00
-2.277149190396444478e+00,1.061058713253089980e+00
-1.886917814758777512e+00,3.779876250438224616e+00
-3.896346099934084428e+00,1.134436754539873693e+00
4.330900985008523385e-01,4.148301329703629747e-02
-7.595616911829650153e-01,3.166454295004613506e+00
-1.297036155498257681e+00,1.879469927561114861e+00
-2.920788319714856307e+00,1.004206959461254378e+00
3.950245543742420651e+00,3.544832610595812561e+00
3.463869807772099740e-01,1.642646015746219046e+00
2.851025530143780351e-01,4.419341733081738610e-01
-2.237734583225463147e+00,3.354968198431328652e+00
-4.564428200128867630e+00,3.580813886651190714e+00
1.114597676599172971e+00,2.116582243975804190e+00
-2.849536749944399094e+00,1.357934388949166848e+00
-3.310415006801299853e+00,1.319445965416524924e+00
-3.365082283353472814e+00,-5.656137280491169150e-02
-7.128339546004400340e+00,-2.595783045269213218e-01
-4.574708159691255105e+00,1.229705794110150574e+00
-3.275542563292642484e+00,1.580937574027771797e+00
-4.230401249399223573e+00,1.936515103390756387e+00
-4.879733279749574493e+00,-9.478990177568480391e-01
-3.965162504671568833e+00,1.687143531843309008e+00
1.028274535552124558e+00,1.318132233304977641e+00
-2.200288327265437438e+00,3.597185290285122683e+00
-1.557407232215461512e+00,3.686237395315424159e+00
-2.951611752958780421e-01,4.494432274237100344e+00
-2.078166921550625545e+00,6.889021969457034267e-01
-6.010967358633389601e+00,6.101941446529097757e-01
-1.171936709459772130e+00,2.941524421743292539e+00
-8.497589975051100808e-02,1.256037776331165201e+00
-1.161670803269532648e+00,3.874293095314734980e+00
7.855142301398929661e-01,3.665390678455329621e+00
-1.700555805855823888e+00,2.222891468710642471e+00
-2.305210328489748495e-01,3.021374601631503509e+00
-4.820199149492932378e+00,3.120193662280450475e-01
-6.963024280049814330e-01,2.802628178638834733e+00
-3.651705846023570512e+00,3.643142597933960669e+00
-1.153067852083194067e+00,2.092210289495287867e+00
-4.316862939866827897e-01,1.194062347048962414e+00
-3.950157754677920519e+00,9.566583296296937711e-01
-1.393693236556158066e+00,2.816625593910226044e+00
-2.960992478951948836e+00,7.217926296929564334e-01
-1.464290581779483791e+00,2.669297938969228845e+00
5.948371153970049008e-01,2.092722486463709508e+00
-1.192082663179559798e+00,2.382307659474240946e+00
-7.570904130643432151e-01,4.196192486879484207e+00
-7.021593112171404805e-01,3.262824351629330266e+00
-1.624727116811378158e+00,1.077303280239990890e+00
-3.687100134559303299e+00,3.008847419575826798e+00
-1.199650114131080025e+00,2.697594089207955736e+00
-4.264712967759245466e+00,-9.787324879290748569e-02
1.416686552770944019e+00,3.201211823816450419e+00
1.810162178607701122e+00,4.208918764860853479e+00
-7.270341859271433727e+00,2.610591154438868244e+00
1.506621498859501695e+00,2.681410664254751719e+00
-7.431863998068177768e-01,2.105434802602363042e+00
-5.749848488649271783e-01,1.797083437983949095e+00
-2.398700182400967940e+00,2.320947870271550695e+00
3.060407060077630526e+00,3.054507393880038890e+00
1.616983264302088052e+00,1.331176718509410994e+00
-3.864856757660454889e+00,7.781785383986883353e-01
2.400099680505425326e-01,2.015280056934218411e+00
-6.017858975461745086e-01,3.535296469881306969e+00
-2.590706647286366238e+00,1.244227412703082791e+00
-5.855097573927388055e-01,2.886445620831945558e+00
-1.918195135569062959e-01,2.786959071724190995e+00
-3.580432136773979757e+00,-7.117592298954704688e-01
-4.082073182346348972e+00,1.179682250061413695e+00
-4.844822039133871883e+00,1.468001587036904754e+00
-2.371337191117192766e+00,9.602320438442382144e-01
-2.381996445205299739e+00,2.099748353974489223e+00
-5.907584210167418082e-01,6.549583978470217005e-01
-2.200648250832858643e+00,2.252398071935117319e+00
-3.475246090381108210e+00,5.236613796735909432e-01
9.040317885042892243e-01,1.624471682511386295e+00
-1.826500310177918696e+00,2.370131219895160513e+00
-5.720744389033258770e-01,1.064302065713962575e+00
1.027705197653868474e+00,2.443575977846279113e+00
-2.222841758917578847e+00,4.203818995477453413e+00
-1.363785071921819858e+00,2.216456402719997776e+00
-3.754813281874864295e+00,2.901986578932067129e+00
-3.857885482511183017e-01,3.503950489188331296e+00
1.403644811652408730e+00,4.412436427025948404e+00
-2.570847189915528297e+00,2.233408798927861039e+00
-2.053470589969860871e+00,2.686260087262807961e+00
-2.637530888459860279e-01,3.333309654650422615e+00
-3.091910860085790524e+00,8.637342339743603326e-02
-5.260708812806051071e+00,1.270684693329802162e-01
-6.537711218332860064e+00,8.760567340927836177e-01
-2.474828599557523656e+00,1.112357684078038922e+00
-9.968921968018655821e-01,2.383862732310131793e+00
-1.531406098090471790e+00,9.626358779860626491e-01
-2.648701618078026954e+00,2.188280443827785859e+00
-3.018761728296981861e+00,2.233787495726392791e+00
-4.117041019085563303e-01,3.073423901996440222e+00
6.592392025060727079e-01,7.998604791526124913e-01
4.095057639714365649e-01,3.236390607280332787e+00
-3.007558963903703919e+00,4.462292071994752973e+00
-1.218831630941578092e+00,1.044791693688788659e+00
-1.813536335079105610e+00,2.708151192499120619e+00
-2.553460885792481871e+00,6.149562536535744250e-01
-1.112814018111965453e+00,3.529526307457920176e+00
5.250883909603798472e-01,3.118615403807132758e+00
-2.883948284084606684e+00,8.316213799886149616e-01
-8.186548889645679505e-01,3.224073720074398963e+00
-1.000921269133380642e+00,2.185707998573019228e+00
-2.956414711711794485e-01,2.586605949015639450e+00
-4.144252507607169456e+00,1.584542380450972399e+00
-1.974097039596450776e+00,1.022296457770591083e+00
7.114547441543552786e-01,2.547902309415819300e+00
-5.622418378261118121e-01,2.589725747581792969e+00
-1.640020392056315224e+00,1.752481034952543704e+00
-2.353475644536421107e+00,2.562358124663104419e+00
-7.665441538685360268e-01,3.473640528780747694e+00
-3.613749916875255153e+00,2.350464947117274939e+00
-4.034039422385829354e+00,2.958420199203646295e-01
-1.375322649457886293e-01,3.591171674530335256e+00
-1.537010929824923267e+00,1.349449150345083392e+00
-1.892455318981890677e+00,8.273305987979435727e-01
-3.111265191951677167e+00,9.803011852790834979e-01
-1.709876091630241568e+00,3.645049135572843824e+00
-9.143515745899362113e-01,1.320233864239444888e+00
-3.693249081942959755e+00,4.253048937208982139e+00
-1.232886833000162330e+00,1.776550075423903641e+00
-2.066222660207759798e+00,1.104643917123414143e+00
4.498838961489779464e-01,2.279107406853440043e+00
-8.236289600504971276e-01,3.056415084233397472e+00
-1.545862202601051560e+00,3.604569798618935561e+00
-4.225559371495303473e+00,-4.169161756522798967e-01
-1.436886328254427081e+00,1.362673168547931191e+00
-2.250808400148347488e+00,1.040566489146054874e+00
-6.612991885004984027e-01,1.199603668588246963e+00
1.427964153440194561e+00,3.544469978387907894e+00
-1.655244231264193733e+00,1.897045913084785429e+00
-9.821466673033294459e-01,3.033347703603432421e+00
-4.372320754288558931e+00,2.932874130182860917e+00
-1.943636028442634167e+00,1.690038478900629526e+00
-6.909570618482515414e+00,-9.540829375636405985e-02
-3.321519737634643477e+00,3.877494089507598218e+00
-4.176875145445327675e+00,1.628569844495005636e+00
-3.915668534995719430e+00,1.256234864704061094e+00
-4.512153025768162351e+00,1.910647701843286583e+00
1.867269490741882976e+00,4.425858815522285994e+00
1.562482586406781504e+00,5.657900821320844820e+00
-4.333612157975226253e+00,1.199039725686610325e+00
-2.888164346518176551e+00,2.111706746052121719e+00
-4.749406096730812266e+00,5.264956954388200216e-02
-3.499439419207091007e-01,1.567123428168151200e+00
-5.418702052241881617e+00,2.237322426027701372e-01
-2.961916648114587769e+00,3.945306339587950184e+00
-2.169186377490448514e+00,6.219073911753130179e-01
-2.289709072308114823e+00,1.571897253557222873e+00
-5.073307188292943692e+00,1.589156091801844362e+00
1.782608619569832520e+00,9.020087362821087584e-01
1.433569614523508839e+00,2.074322749303248781e+00
6.836876953194361839e-01,2.430024375404908454e+00
-3.443943504930602195e-02,1.268528928389870414e+00
1.953341049661925233e-01,4.458126116111619908e+00
-4.646875616872176984e+00,8.055060827986184613e-01
8.952339171972432119e-01,3.751175613969131906e+00
-1.504980738573920451e+00,2.773386843162684468e+00
-4.136555665255320591e+00,-3.439875334455546607e-01
1.925715876881500144e+00,4.340502281553734854e+00
-6.495249064789773819e+00,1.389570485706976610e+00
-1.589026970463587318e+00,5.446677737282930032e-01
-1.344544312117861296e+00,1.918637431417215211e+00
-9.300216165436352433e-01,1.934968079544703290e+00
-3.421005869484903261e-01,3.193833078125529745e+00
-1.985695471856528727e+00,3.232366192184226161e+00
-1.807492166538499978e+00,3.227715612906053799e+00
8.472047548933336891e-01,2.030445753339305437e+00
-2.985263434588268261e+00,1.887231301436076425e-01
-2.085058240403465657e-01,2.298909697352543802e+00
-2.031308520795242156e+00,2.088443843248120935e+00
-4.052958697400435462e+00,2.259971074607328489e+00
-2.335975193521228732e+00,1.848685470205103876e+00
-2.165850121999169708e+00,1.287562954774009505e+00
-3.007723274583973705e+00,8.997732738706991640e-01
-3.986683480812854619e+00,1.193760197254591482e+00
-3.706563676460938872e+00,9.231930290684831064e-01
2.254463394422949740e-01,1.898256596817706310e+00
-1.540497108047911290e-02,3.786444571070529896e+00
-2.711009541728793160e+00,3.274151179448659299e+00
-4.194087422648930641e+00,-1.056677844783178166e-01
-1.361256033590525050e+00,3.449262884098477144e+00
-3.744405488416368222e+00,5.632957871726920196e-01
-2.619559307506034163e+00,6.859744978997508458e-01
1.073168592620934447e-01,4.008265970790364285e+00
-3.464008953349915654e+00,2.580316529263707803e+00
6.565527805394477667e-02,1.790813397085738723e+00
2.609364124717963307e-01,4.932490754271606548e+00
-4.517560761058223129e+00,2.577668854094168349e-01
1.162455946804122231e+00,3.451131710592445057e+00
-1.813188784232417694e+00,1.052479026234941051e+00
-4.503757537277101264e+00,2.550438722504053679e-01
-2.650869666246481682e+00,7.888510448103331907e-01
-1.344822624887719087e+00,1.692479938241276738e+00
-1.505719337261346658e+00,3.596776210928842588e-02
-1.943441546926450991e+00,1.443402884752903237e+00
-4.248690668145538751e+00,7.641678083877216920e-01
-2.324716159214228473e+00,1.346051890595844736e+00
-2.374577839770133814e+00,2.016543357422117655e+00
-3.464285664247621632e+00,4.144387610997020133e-01
1.096311050933152842e+00,3.086869975597076987e+00
-2.803041517813197991e+00,2.130365443908459167e+00
-2.208393505364641296e+00,1.764316084529869100e+00
-4.373335745358840398e+00,2.236818863827739534e+00
-5.740165778823299370e+00,1.728319185971912919e+00
-2.176313832755317090e+00,2.949797084399067515e+00
3.278788980229424332e+00,4.963109704386330812e+00
-2.409748749424238223e+00,1.262026091024787799e+00
-2.518624831404541187e+00,1.272157020156202689e+00
-2.319656949318404493e+00,9.526556613190000355e-01
3.658652884693491814e-02,3.758012863569041961e+00
-1.184456441652870229e+00,2.733963813633314643e+00
3.471620538652460120e-01,3.777657790026916373e+00
6.784925686444820414e-01,3.770366900166039592e+00
-6.337694313208735331e+00,1.038553642654480136e+00
-7.146273694662752529e-01,2.085788407237348263e+00
-2.887668104363049881e+00,1.375853414377722128e+00
-1.071174214514634127e-01,1.646659057808595339e+00
-2.203770544996634051e+00,8.424925806669847361e-01
1.140921949636481969e+00,2.354545346136090345e+00
3.690511962326752382e-01,3.297921301556746343e+00
-1.967753500172856329e+00,1.744463807769771835e+00
-3.520552287378446721e-01,1.715047272532156164e+00
-1.649433144591017086e+00,2.573790154505174232e+00
-1.372695118154949601e-01,3.474148921121051892e+00
-2.847725300250652403e+00,3.476798271240261418e+00
-2.250411336275718099e+00,1.157329766105132496e+00
4.648694032376104346e+00,4.183401734640066039e+00
-3.748735986692519617e+00,1.566436781663007149e+00
-2.449103221859080914e+00,1.630059850759543405e+00
-6.036369761433963976e-01,3.411621290742071100e+00
-1.562250631109693311e+00,1.765293511429878670e+00
-4.046385455478630711e+00,1.187396614020380881e+00
-3.022543300302864111e+00,1.696137003776114982e+00
-4.648286615487402518e-01,2.490599481179263996e+00
-2.186006971218172446e+00,1.927512561853152784e+00
-5.260595832553089934e+00,9.855450760700950052e-01
-3.316735966736912289e-01,1.106086734249122960e+00
8.361601658388808644e-01,3.292840396715530638e+00
-1.313794725101831151e-01,3.269442541650583678e+00
-1.679982192402301289e+00,1.302195537992813623e+00
-1.920057835382268152e+00,1.552902611671619804e+00
-2.275334959842562732e+00,2.435263483486470815e+00
1.200014221248098867e+00,4.897676634221674874e+00
-9.835846638748375614e-01,4.000426100931710138e+00
-1.443830291785074493e+00,8.833195908376578753e-01
1.318293453376080837e+00,3.123548675563579735e+00
-2.855386083771965122e+00,7.984710682619713396e-01
-6.202823261056369386e-01,2.499800401962906982e+00
2.003815325799910063e+00,3.339981743999316688e+00
-3.822877695369174322e+00,2.154738540196695418e+00
1.209097821294724540e-02,2.855172999512602061e+00
4.890729441463079752e-01,3.520759060373366722e+00
-3.528462509151081505e+00,1.390904726490509002e+00
1.066861906586443975e+00,1.865485635462900804e+00
-2.113900314499097099e+00,3.397105482543416599e+00
-1.347469066404618498e+00,3.632807363347705376e+00
-2.047073146088717266e+00,2.431917434413690238e+00
-1.337842206563563785e+00,1.529157728142917172e+00
-2.122512155536878886e+00,2.432659610492254210e+00
-1.495681354456841028e+00,8.531059161307212868e-01
7.466585914373196076e-01,1.821713135631376046e+00
-2.775096361411220958e+00,1.127340689305736943e+00
-2.213092255426767352e+00,2.820385139993898171e+00
-4.236644798843025583e-02,3.706189978173029864e+00
3.814489216037664221e-01,3.556223551165549335e+00
-1.277414154602299234e+00,1.844457137190755214e+00
-1.035243789112762602e+00,2.606916912376266104e+00
-7.235642699573054948e-01,3.015906465204561737e+00
-3.960201523910613641e-01,1.390976402783832055e+00
-1.319306513583667684e+00,4.539320599936479184e+00
-1.803525273751382940e-04,2.339961072350949856e+00
-2.370898294540362272e+00,1.726497249776084431e+00
-1.989049446197053372e+00,9.657486687195435682e-01
-2.437034096612152645e+00,1.914868021781939600e+00
-2.471801889157672072e-01,1.520920331080346966e+00
-5.038367859696324391e-01,2.351960966416598353e+00
-4.287159733968748832e+00,1.207814221079407835e+00
-1.136970360179578865e-01,1.376088885018124763e+00
-2.812568338771014531e+00,2.942462646966350626e-01
-4.185461194713797628e-01,3.452852864277469624e+00
-2.899861718908701036e+00,1.884735345776062054e+00
9.994043620992991706e-01,3.423094306416036403e+00
-5.422470678859427018e+00,7.234880177533080658e-01
-2.671529149304359141e+00,7.411932836328616325e-01
-8.471867241320867326e-01,2.500173728994333544e+00
-3.850818297817175218e+00,8.387254537920805220e-01
5.482553008736483768e-01,3.948995237678921022e+00
-5.270820123584581296e+00,2.132304660169777488e+00
-3.478630722538008868e+00,1.475918158547832482e+00
-4.141835251503374948e+00,1.844608860482266799e+00
-1.558445116650378104e+00,2.187256518760563040e+00
9.594300239061381852e-01,1.004807724369205513e+00
-5.345411569748322655e+00,9.057558948534878418e-01
-2.768765927969756291e-01,1.841382903192735565e+00
-2.012793405349926790e+00,1.671997129911338309e+00
-3.874627078307552264e+00,1.522935507098129415e+00
-2.690214281472728342e+00,1.195919747353762386e+00
-2.704462064853851100e+00,1.260749673504312440e+00
-2.068236359571892446e+00,2.225633870105991896e+00
4.499978799428219212e-01,1.899465562890057857e+00
-4.853667153697748482e+00,1.099184731079184463e+00
-2.181170103880505806e+00,1.208063613582344598e+00
-9.550760769607231637e-01,1.070084634375302990e+00
1.237586286942668146e+00,2.235076456626755359e+00
-1.475014888382228051e+00,2.780599952906264605e+00
-2.608168462384848230e+00,2.343600758003927975e+00
-8.794118939878294849e-01,2.444621014166652007e+00
-4.252011474730506890e+00,2.309547188631514647e+00
-3.484808962401303223e+00,3.014450803543934576e+00
-2.241374042566199876e-01,3.136344814198083863e+00
-1.871749832465669172e+00,2.984166644778396105e+00
1.040312167898243434e+00,1.383917575877980477e+00
-8.614442201570884361e-01,5.425271299804885317e+00
8.190874630573219406e-03,2.270426443298071195e+00
-4.625643379414308143e+00,4.683414165431287746e-01
-4.251856407753512812e+00,1.398537182500739329e+00
-3.545547429901084513e+00,1.326443206894035942e+00
-5.435752161281673267e+00,6.854685047044595247e-01
-1.025331807651416627e+00,1.779129835318401964e+00
-7.003534160403290798e-01,1.175139305219971231e+00
-7.366323813569126688e-01,2.923914334885278521e+00
-7.310734326508645076e+00,2.398737195962728386e+00
-4.046477350583829846e+00,1.620578666527097145e-01
-9.234994496456188084e-01,1.414349933151340055e+00
-3.178430409307479998e+00,1.498758979810674408e+00
-1.713263000720141704e+00,1.141278683992224430e+00
-3.836099847385593620e+00,2.863566374665307279e+00
-1.744960919636842966e+00,4.956115813892675526e+00
-1.240581451368274468e+00,1.920495521910845493e+00
-9.465121053085669978e-01,2.300347818324878446e+00
-7.546050169926775020e+00,8.985010743424124424e-01
-7.772427203126192730e+00,2.013730571965438365e+00
6.909976269458217857e-02,2.600159614982975764e+00
-2.254079371129973364e+00,1.902134474516245621e+00
-2.608716038909252077e+00,1.324166099884072079e+00
-3.757863005504898712e+00,1.891668268200501046e+00
-2.522723155823070496e+00,1.671952696904249525e+00
-2.696343952246434306e+00,1.964217614673283485e+00
-1.685967801361880181e+00,1.349661215379282408e+00
-3.951130458530820455e+00,2.336958251771488193e+00
-3.318127191460320979e+00,3.940420313199514801e+00
-5.597981391791987171e+00,7.502728719636113652e-01
-4.833900268402652856e+00,7.929450531044661687e-01
2.677581354223444343e+00,3.703789913921684995e+00
-8.012376556587945231e+00,-3.076684179552513498e-01
-5.734065785229248036e+00,2.858512227986325094e-01
-3.536371800972304413e+00,1.268556079504160605e+00
-1.105872598623880876e+00,1.999091079694906847e+00
-9.126867690848450287e-01,2.289777815691390384e+00
-4.310572938534413368e+00,1.983712417819891272e+00
-3.711438725539713435e+00,2.468740312516293223e+00
-5.240888621325630936e+00,1.376873394824220886e+00
-2.253421866441480681e+00,3.085039332394924116e+00
-5.466289856296056016e-01,2.120554220245155719e+00
-4.155150788676584384e+00,2.530195065197647697e+00
-2.408922852266863313e+00,1.915663661371285187e+00
-9.602405875114714551e-01,6.715093609296898247e-01
-3.250194534100411481e+00,1.748549617873232709e+00
-2.108644857332520495e+00,1.904779799729579448e+00
-1.069330862551818750e+00,9.132363191824550697e-01
-3.537694625583224450e+00,1.557009516697682727e-02
-3.728872267286854836e+00,1.551858172981283701e+00
-1.466516461105989766e+00,3.255334050102139276e+00
-5.056029707204613644e+00,-9.029358154488038579e-01
-1.181323777584265322e+00,2.444257933043225695e+00
-1.429169562154325002e+00,1.625071606742737318e+00
2.115136947043403381e-01,3.762816442825638763e+00
-1.228981569565561482e+00,2.269748149639356782e+00
-4.182949817673074833e+00,3.551208732134883306e+00
-1.194282489488794452e+00,3.660239203767275296e+00
-9.505807100442711377e-01,2.745025986317240374e+00
-2.346464232581242371e+00,3.344401242362983417e+00
-1.409542246791431808e+00,1.609700757887398748e+00
-3.965835238362803938e+00,1.155531853768801742e+00
2.464294355153526794e+00,3.244830917982093332e+00
-3.357068048642353197e-02,2.515153177443480104e+00
-3.140330965427351906e+00,-7.250583146069056184e-01
5.704847331250815223e-01,5.691362519347326732e+00
-1.134614643734916495e+00,1.325193384881076852e+00
-4.768216181442180179e+00,2.488523583186053045e+00
-2.839059182039820328e+00,2.985877477974776539e+00
-2.460560589408890664e+00,4.575939334279679471e-01
-3.065485828174026928e+00,4.933892567663820117e-01
-2.396419891305436867e+00,3.527886456196001053e+00
-2.129441547069431007e+00,3.826232115321334781e+00
5.437283004834769784e-02,1.309878701279129531e+00
-1.015601904074112660e-01,1.373211191214987359e+00
2.647667187539823885e-01,4.120991159029779638e+00
-3.735706018434587605e+00,2.574403760111280359e+00
-1.747242172706764407e-01,1.389157056977188720e+00
-1.560876710453798610e+00,1.944591484484081922e+00
-9.336502987399006859e-01,2.545853832177118914e+00
-3.806133584910131873e+00,1.243879919467039130e+00
-1.992386471440652507e+00,2.281782045515216684e+00
-1.486590946425050852e+00,-7.634677089096331137e-01
6.500174533822455913e-02,2.555887227390865490e+00
-1.803475847114427433e+00,2.700058703281254857e+00
-4.582391878278384567e-01,2.025734881796316333e+00
-4.871214973939228088e+00,1.888845359593366302e+00
-3.140260861834383022e+00,2.503689995416723768e+00
-1.760096844410875327e+00,2.185768863391272632e+00
-4.510824509747273225e+00,1.656826240061706201e-01
1.627912910702189464e-03,3.274052061778986555e+00
-9.945391327429227157e-01,2.379749521155050118e+00
-4.822863297393294779e+00,1.862086365351276473e+00
-8.902231967286844405e-01,1.867807403014345891e+00
-2.731173646615933315e+00,7.654444814609862036e-03
2.264502659903343762e+00,2.459241835820203725e+00
6.125106386169543171e-02,3.068735606283463202e+00
-3.902266134177830637e+00,1.578390551090406824e+00
1.254074682212339642e+00,3.240909057820415828e+00
1.327762449999163152e+00,4.437576585395182960e+00
-1.013361198770821536e+00,3.405385210156733677e+00
-7.292036227364889100e+00,4.677329802249519108e-01
-1.044019302974762642e+00,3.248885060365761746e+00
-8.907087408179579224e-01,2.561372956525075573e+00
-7.046823649991861949e+00,6.749383352090949639e-01
-3.854066049008894268e+00,1.557784234001960533e+00
1.224206531424270938e+00,1.186887293433036117e+00
-3.044184707899713516e+00,1.701907452589122016e+00
-2.975666672879772712e+00,6.943572804016493460e-01
-4.941386964297427298e+00,1.521400477193579848e+00
-2.308585978301070707e+00,9.769259602134605647e-01
-1.280223437545585208e+00,2.234070680594417713e+00
-8.336414118210497826e-01,1.626510236597621395e+00
-6.702478742819105051e+00,-2.215127447824372098e-01
-1.338275663539456373e+00,1.115053847528962638e+00
-1.666732074666781305e-01,3.118311203030489587e+00
-2.469217633805242951e-01,3.883772086316373606e+00
8.526207678141140001e-01,3.812141351345759155e+00
-1.294972534077598159e+00,1.793381060834211116e+00
-1.251779873347027339e+00,4.033044233634072384e+00
-1.389881686416674977e+00,1.075315723982309013e+00
-2.228482627517060166e+00,6.452231153906504701e-01
-2.168792133741793471e+00,2.055971818148682129e+00
-1.600840587644109636e+00,4.210364322964892381e+00
-2.102329583549696235e+00,3.895099685407345191e+00
-1.329595537079220957e+00,1.371392916072547319e+00
-8.152551837837798132e-01,2.476621291340137976e+00
-3.878900153585820298e+00,1.909950527761439254e-01
-5.225127021150048456e+00,-2.597642507178261617e-01
1.664703750152597195e+00,2.461825940259988688e+00
7.294370097511211348e-01,1.975419280350866114e+00
-5.035885737810007257e+00,6.667157580620053370e-01
1.400577302655342748e+00,2.895469692102548009e+00
-5.309263071574361614e-01,3.299934772898093449e+00
-2.109188980098844368e+00,1.596937138605617257e+00
-4.414525345434404002e+00,2.112539015592368230e+00
-2.977680533780038274e+00,2.905658472170857820e+00
-2.567622406774279664e+00,1.264308147454421771e+00
-3.977382235676661271e+00,2.464715392266832339e+00
-3.799606765092471861e+00,3.408882870603514803e+00
-1.014799530727592991e+00,2.897235045241898899e+00
-2.252043392790676446e+00,1.665208815148454757e+00
-1.285743022761028920e+00,3.750420936483725320e+00
-2.477545066902377968e+00,2.563807588218569578e+00
-2.746993731848292875e+00,2.600282833246302161e+00
-1.340937373299814661e+00,3.163193862476106233e+00
-1.009380272006369594e+00,6.943555756729831163e-01
-3.302471217907956280e+00,-5.676611724078437504e-01
-3.748738308931698349e+00,-4.181494315040485965e-01
-4.712244603010232957e+00,2.523654044375828853e+00
-1.810005374319966664e+00,-2.556071275471691884e-01
-2.442772302554488739e+00,3.608903919847437525e+00
-5.372452462789274463e+00,-1.249258103013087151e+00
-3.224475318874422403e+00,2.408651913858450566e+00
-2.049828622279102674e+00,2.100516162354954197e+00
-1.315213959505569852e+00,1.670620435150181660e+00
-1.772619933866171449e+00,3.965583119158860637e+00
-2.023090613329678877e+00,3.276204267418428628e+00
-4.000550144242174255e+00,1.638702413077637532e+00
-4.045935318186093532e+00,2.278129430648310638e+00
-3.696045134036034518e+00,2.604972706559749884e+00
-1.339844046519080845e+00,3.078932903268424504e+00
-1.060858991104079774e+00,3.510899227929602961e+00
-5.670290840963658319e+00,-6.703408741447027808e-01
-1.007065266643648149e+00,2.289125633287415251e+00
2.437396023960094915e+00,4.437743515198762090e+00
-3.899127924632084241e-01,2.825042060190205540e+00
-3.382470919879484228e+00,1.326383727993633244e+00
-3.019207266625072883e+00,1.915065425709474800e+00
-2.411906429040388655e+00,2.738060773275385884e+00
-1.573245033826729644e+00,3.153376365538530735e+00
-8.761572408370970066e-01,1.995968906801065978e+00
1.137305214592873259e+00,4.060596490869420983e+00
-4.887983178170228094e+00,-8.908970691000988040e-01
-3.822941791641734977e+00,3.113486367459540993e+00
-3.056740643904801047e+00,3.490316276714264809e+00
8.878899146925833818e-01,3.422291794272259491e+00
-7.152080502424860153e-01,2.369043543397152618e+00
-3.383071369416628116e+00,3.061638099705161764e+00
-2.945733822078571151e+00,2.724326190671427561e+00
-6.083572268163428554e-01,1.184056762256196382e+00
-4.471705002321779254e+00,1.509517999360861840e+00
-2.666550054177916351e+00,1.953065068349692401e+00
-2.625368605268012079e+00,2.223269852567675287e+00
-5.177200170071302843e+00,-1.840787877604181944e-01
-1.081832229627486042e+00,2.546595561070206237e+00
-4.656765070194477385e-01,4.120117705816892517e+00
-3.381779266286961683e-01,2.565157412689995198e+00
-2.712855650323929613e+00,2.962175949049746126e+00
-1.598744270887424435e+00,1.199879418740424697e+00
-5.272352726357805608e+00,7.375314193598820900e-01
-2.976477987233169920e+00,1.971923193606158753e+00
-3.296134076918864508e+00,-1.394123607497786299e+00
1.059153987819031695e+00,4.252663796964306187e+00
-1.805200591573004942e+00,1.996696162828760501e+00
-4.006075004227023229e+00,1.292371761142818043e+00
4.353439163395252720e+00,2.567249670339990075e+00
6.880050805072444042e-01,3.505873000745946211e+00
-6.810071523697224904e+00,1.564020033428824341e+00
-7.387123973693685564e-01,8.712920694429353574e-01
-2.050114747159197393e+00,2.496256179885953497e+00
-1.472129802928364040e+00,1.269056318601179623e+00
-4.835301857433714545e+00,6.439191479026029619e-01
-5.198036385187368325e+00,2.091182008445525931e+00
-6.238051011952205904e-02,2.700446546011949778e+00
-3.654226059944758020e+00,1.908031593816498228e+00
-6.706933219430742277e+00,3.000594345762392923e-01
-1.723648682625759321e+00,-8.887797786612994244e-02
-4.710646743774262291e+00,8.156606968394197743e-01
1.363692052732046189e+00,3.003763838632805605e+00
-2.434924421455471055e+00,2.003023170180151080e+00
-2.288393360180155156e+00,3.085619974163159362e+00
-2.818005451000201944e+00,1.926056203878754980e+00
-3.199020709017479813e+00,-6.398297875436123050e-01
2.402811838199543359e-01,2.953163463230455754e+00
-6.584503920684410261e-01,1.716750845071068232e+00
7.423669360395717121e-01,3.811000485770741797e+00
-7.383648481820341836e-01,2.375033137433004704e+00
-3.237617153626787481e+00,2.484290677600501152e+00
-4.428313992833534662e-01,4.975134828806575094e+00
-2.227853810151260383e+00,2.224351236521228348e+00
-3.424695783348989053e+00,3.555136361377516430e+00
-2.135781877061646128e+00,1.996207224964262172e+00
1.227688759307040467e+00,4.184967052117164243e+00
-4.612562030862742191e+00,1.158583925553753335e+00
-9.243802325158816391e-01,3.252690908625605282e+00
-2.461106363490863647e+00,1.328749234030774495e+00
1.478685520575839352e+00,3.473467906591487520e+00
-2.598296808960092186e+00,1.230482407009495516e+00
1.352991255757514111e+00,1.040488812289497966e+00
8.987146055264583211e-02,2.074183271261148320e+00
-2.077639048574467129e+00,3.009406751459069440e-01
-7.161125730215736063e-01,1.319583394844595414e+00
-3.008347710983568124e+00,2.491136253064912598e+00
-4.069212163105834001e+00,7.759591865894233109e-01
-1.083534618531112770e+00,2.411742519849491728e+00
-2.194580206740139872e-01,2.296405137838265276e+00
-3.110267022893460798e+00,2.365323414277483050e+00
-2.121634844987733803e+00,2.730991845047518130e+00
-1.092652127928364969e+00,1.539582745899015892e+00
-1.422934964177966277e+00,3.831207323024946376e+00
-1.519573217912415508e+00,-4.512984122827159439e-01
-1.969313136186137347e+00,1.635209186112239310e+00
7.086363347977098215e-02,3.653684907473371268e+00
-4.556545923550485711e+00,4.665249755708735790e-01
-9.996037256024941087e-01,3.413885739749020765e+00
-2.298786240395179092e+00,1.280224150017755136e+00
1.019624549585225193e+00,3.552020373530985431e+00
-3.226277068293004646e+00,1.543799486296725032e+00
-1.041075113190623291e+00,1.864134254084363507e+00
1.409229863788242998e+00,2.287653861872781746e+00
-1.960229486763889417e+00,2.018955028213422320e+00
-1.878489863192553955e-01,9.174019418772698664e-01
-4.010836297008046891e+00,7.617511581042282209e-01
1.664695544330646815e+00,2.648215158908517886e+00
-5.470290132331427913e+00,2.436844192423994748e-01
-4.021872163029692970e+00,7.419337459900829934e-01
-2.333133490257198073e+00,3.153319575626093663e+00
-4.079340101313460920e+00,-9.098187738975749284e-03
-3.307827396559299249e+00,1.881759793376606149e+00
-1.463481228511903431e+00,3.090956947022104551e+00
4.665934960673352450e-01,3.642531351519683991e+00
5.838341387811283312e-01,4.487140790077202013e+00
-3.305299081436046560e+00,1.169731069901201570e+00
-7.985353160787969085e-01,1.250630340948856833e+00
-8.371161874361858768e-01,2.297095562868816554e+00
-2.816850957623247442e+00,1.888911173390438014e+00
-1.250850819856216045e+00,3.069543801958308560e+00
-3.654238566494640850e+00,-3.929971397353027029e-02
-2.848294159718950169e+00,1.552875766478568176e+00
-3.363267616441716790e+00,2.907760805673930804e+00
-4.383211374211088973e+00,3.321165128937637601e+00
-7.633221629982522849e-02,3.310265629553331035e+00
-1.229075822265330853e+00,3.033919447262777069e+00
1.689658503599284600e+00,3.466244946592535570e+00
-9.701487674936415395e-01,2.860074779968740266e+00
-1.749745415963586348e+00,8.771843852013860854e-01
-4.751111865074733487e+00,3.060749410156441197e+00
-5.903870299725164639e-01,8.142382506960630373e-01
-3.768823818109959145e+00,1.611465261859511777e+00
1.269301572012828228e+00,2.281269208800816184e+00
-2.632093741062053738e+00,2.437763419103504248e+00
-2.132496201646795431e+00,1.408375503343430868e+00
-9.661178995340580222e-02,4.055546904963798660e+00
-1.440678859329312944e+00,2.335376427025543045e+00
-2.183166961097371850e+00,2.418215466029827621e+00
-5.755715578923834563e-01,1.942617485059076277e+00
-2.750021211485431660e-01,8.106259050276860556e-01
-2.866359100043765373e+00,4.804436457807546024e-01
4.031857491939815574e+00,3.367235315686463615e+00
-3.377796605763370597e+00,2.214783435973212367e+00
3.084003225345157695e-01,1.972332771661576167e+00
-4.896598812613532914e+00,1.011928042535823469e-01
-2.361273534131205221e+00,1.210083431657232200e+00
-1.417160566838414404e+00,1.114230503527158689e+00
-4.616955656797370189e-01,2.199346881524726793e+00
-4.737683427244940848e-01,1.858285815974393351e+00
-4.494609168521362719e+00,1.929191958440035215e-02
-7.601933137229791804e+00,2.007358169831841010e-02
-4.518140481800573482e+00,1.198613204835448087e+00
-5.961818214260654614e-01,2.486441826144106582e+00
-3.747647088125349413e+00,2.233045644977978306e+00
-4.009045476494719651e+00,1.745748253674882511e+00
1.257584840202574661e+00,1.383588899145418605e+00
-5.411299674452255459e+00,4.841869456202407829e-01
-3.087158478166375453e+00,1.350438469166708622e+00
-7.778372569414537807e-01,1.950691745324471205e+00
-1.589183997587728880e+00,9.753387633273069568e-02
-2.378607164992592615e+00,3.166339507164096290e+00
-1.154409486330953305e+00,5.546030679310751665e-01
-1.035994090380105259e+00,3.633549017562685002e+00
-2.990674665840563851e+00,3.073927240667120309e-01
-1.248549980724758868e+00,1.169700406876506005e+00
-3.819579925901588346e+00,1.735903714109414020e+00
-2.520536230268893618e+00,2.210575754884015698e+00
-4.289028220832912908e+00,-6.262374461263653380e-01
-2.510675202210321366e+00,2.626199306961661595e+00
-1.650921421145757462e+00,2.056638313603160295e+00
-7.372085626945314996e-01,2.282018818527125958e+00
-2.848820982553478931e+00,2.316392382949581830e+00
-1.318279557477014752e+00,1.414673527074918002e+00
-2.678513527944800021e+00,-1.096912076588331786e+00
-8.615436048374931488e-01,1.836983156678970719e+00
-1.356968981317625111e+00,2.045760322078621574e+00
-3.527016569527228196e+00,1.979783914266898481e+00
-1.216737578198440417e+00,3.799973853215610653e+00
-2.762332513521117416e+00,1.593537171454029178e-01
-6.290999528012209296e+00,2.105509654515140827e-01
9.269545654120698863e-01,2.987288987920619476e+00
-1.983637489362713779e+00,1.058507280721831201e+00
1.975848520127100993e+00,3.291502627189202279e+00
-1.900932348183114629e+00,3.666274119971384415e+00
-1.996735036370441474e+00,1.504625298941762113e+00
-2.945726831531664480e+00,1.630178136453947824e+00
-1.467695071135930451e+00,1.965403457277511645e+00
-4.443366476346980676e+00,8.439281740244952701e-01
-6.738135114759689515e+00,5.162662985172166152e-01
-2.744380076931812518e+00,2.283257618892465590e+00
-1.714142474273354866e+00,1.747548994053393034e+00
-3.202859245227109852e+00,2.404109963275242290e+00
3.576513367271334509e-01,4.611110711966965425e+00
-1.192243750066225516e+00,9.524176282455611986e-01
-1.218727819071929508e+00,3.534764468162895135e+00
-3.633594474874736857e+00,1.051657139577526712e+00
-5.498235781935893129e+00,2.710940773879644716e+00
-7.360634762968432110e-01,2.950341040346973642e+00
-4.690301436971509030e-01,2.860740325422409303e+00
-2.043621089822265091e+00,2.264760212130709327e+00
-3.896639659170419989e-02,2.850525577322040593e+00
-1.882410890208278120e+00,2.715096828691408781e+00
-3.502810194086579898e+00,2.440174945780108295e+00
-2.684001843123497544e+00,2.587835336171147471e+00
9.496449160455258109e-01,2.839661827137291095e+00
-2.555248045631731024e+00,4.234903278947362182e+00
-1.818255141038379596e+00,2.313965067437130596e+00
-1.229563326051204442e+00,3.444040596143567612e+00
-2.791589903387952987e+00,1.525355439105838151e+00
6.021941142415472292e-01,3.347868408505590310e+00
-1.686393323657743748e+00,2.625150953018148492e+00
-3.311342072800647074e+00,2.471758639019867587e+00
9.552542269368786698e-01,3.946958465545456818e+00
-3.655497129856904337e+00,3.302288360276737667e+00
-2.777441019092674601e-01,4.453296496499055124e+00
-1.944452502783039272e+00,1.011388385876897722e+00
1.326864179728397097e+00,3.920255172488206430e+00
-3.176513695055413145e+00,3.136281750783534772e+00
-6.400078123736417268e+00,3.840149101080410077e-01
-3.274801955448228163e+00,1.029456980487324147e+00
-3.323875746956329813e+00,9.694606236453255921e-01
-1.336050895906763625e+00,3.439791028725015742e+00
-3.006096932238500052e+00,1.735603500681110578e+00
-2.839405730227965829e+00,1.230614632074416015e+00
-1.164591172948527209e+00,2.524668817869434978e+00
-3.798619500373020763e+00,1.084268646649150458e+00
-1.238786399780088088e+00,2.795068597405974131e+00
-4.071302451467218475e+00,7.087407035686468237e-01
-6.326052491548129098e+00,-3.521718407595404443e-01
-1.433599202211014223e+00,1.250302470216365647e+00
-2.467418407878950504e+00,1.885318145779155463e+00
-4.333607042634680440e+00,9.639252103427955465e-01
-6.955143564668628819e-01,4.105411985284504794e+00
-3.813734587465347214e+00,9.522486742583717856e-01
1.847296455491909128e-02,3.833706731639670018e-01
2.244586760525962177e+00,2.249731902960629082e+00
1.253305742943255474e+00,2.023176684726797347e+00
-3.231148700788217809e-01,2.156705445254815778e+00
-9.254525073713035788e-01,2.110893017625428136e+00
2.989671575648840118e+00,3.670244227462545528e+00
-2.678397574205646947e+00,-4.545656694326285496e-01
-5.124343441418297118e+00,2.618933143504337480e+00
-3.059758375598484292e+00,2.936730592816647167e+00
-9.380240421153405173e-01,2.909142048336304853e+00
-6.551389413969066489e-01,3.442212130797610570e+00
1.874164780318441359e-01,4.218853087299683224e+00
-6.095591663404581695e+00,7.248513036019958999e-01
-5.505419635120400557e+00,1.185268926068892892e+00
-1.664926503841269945e+00,1.611873454600915023e+00
-5.657881694831589314e+00,9.511705398500029940e-01
-7.344024518824585623e-01,3.216645231774633018e+00
-1.615268444375051349e+00,1.035101151373466921e+00
-2.945036901451801636e+00,3.134139759225282873e+00
-4.421319868973219158e-01,1.298074401514458520e+00
-1.422319243003141498e+00,1.437446782364528497e+00
-7.014376263336748352e+00,1.342868257261910614e+00
-5.990303872218909476e+00,2.883705699173685133e+00
-4.760175503991183277e+00,1.855011841160315145e+00
-1.168799675206242394e+00,3.526210648971504824e+00
-4.029017205666161061e+00,7.537384166996385915e-01
-8.037857039872025045e-01,6.542507584585086633e-01
-2.288227177728850759e+00,1.329959520120973071e+00
-2.404094925626729218e+00,8.778260313020975758e-01
-4.737053483275443178e+00,2.744147255351545578e+00
-2.721741876196686949e+00,3.004644455994883945e+00
-2.410132417322699450e+00,2.093516346534398220e+00
-2.462619205984835080e+00,7.028040861772886227e-01
-3.333657789792416892e-01,2.607363083967553230e+00
-2.830827688333596992e+00,1.016064051164177418e+00
-2.317076241940076553e+00,5.829150634811359755e-01
-3.012725201370538564e+00,-4.028367898061047114e-01
-3.603433693551794548e+00,9.355208381454660493e-01
-4.644009681693316516e+00,-5.727726317332830774e-01
-1.044109583416203080e+00,2.800632717650445525e+00
-4.548892785813030137e+00,2.178125086503742480e+00
-3.775651688862768474e+00,2.857378759971161752e+00
-1.448068770671771643e+00,2.826933792397910761e+00
-8.813419043786547835e-01,2.378529921753111953e+00
-5.930127941906142564e-01,1.897077761833168674e+00
-1.984751487999969921e+00,3.862459858061502160e+00
-1.709384677711415890e+00,2.462063004128868027e+00
-3.031159941567163507e+00,4.172082766109517227e-01
-2.223356851321807603e+00,9.767228460694685754e-01
-2.280148471829962276e+00,2.561025457999152266e+00
-1.286124202584707721e+00,2.398325052332048735e+00
-1.339595107445683997e+00,1.704508883162783706e+00
6.308546704105806313e-01,5.267235874082865976e+00
-3.752941761286385347e+00,-1.157977519933647059e+00
-1.015352001057984310e+01,-1.355923900130709292e+00
-1.340755771774181593e+00,3.283540675092162520e-01
-2.166976114779822993e+00,1.413691818227095442e+00
-5.547274614597330178e+00,1.006670531830432314e+00
9.338002753638323661e-01,2.704505273947004795e+00
-3.578607043644361774e+00,2.486152453454518962e+00
-2.759342580066021178e+00,1.066222014414847763e+00
6.606357077800639743e-02,4.095117003528642385e+00
-1.495926295567937547e+00,3.304610585728469552e+00
-5.505920846499765098e+00,2.676017699966019237e+00
-4.265649603325192274e+00,2.544355932737834447e+00
-4.008926997825445149e+00,2.020419870995875389e+00
1.906003141772216747e+00,3.183125730211836313e+00
-4.040871692082577127e+00,2.493238436533586899e+00
-5.211314808578479507e+00,2.014244542076386146e+00
-5.126042230435121638e+00,4.278807539699380769e-02
2.338101954206209143e+00,2.463847311825762887e+00
-2.989526266451070224e+00,1.102896940818093086e+00
2.114250290304275026e+00,1.478146506326445175e+00
-8.493289905405705387e-01,6.388413375113577430e-01
-5.792300119539493863e+00,-5.339437498719128428e-01
-5.039296408532880633e+00,1.621001159557756921e+00
-4.391874194740042370e+00,-1.544316370134422023e-01
9.893795999204582081e-01,4.339978233191310153e+00
-3.485932402890761672e+00,1.257974097791053403e+00
-4.862928615907454954e+00,1.389249748759902925e+00
-1.371449618633271417e+00,1.685006594511197164e+00
-2.836987942420006181e-01,2.482764182520919682e+00
-3.629244100411033624e+00,1.006592085534637082e+00
-6.152539804330237061e-02,3.967444607574115878e+00
1.362619534480421279e+00,1.777459827582414276e+00
-2.359897048691494081e+00,2.267876120551658659e+00
-5.810340322146561043e-01,2.278551978737274997e+00
-2.355248887744921582e+00,2.344489858315186748e+00
-1.861106362987451801e+00,3.265624152877308894e-01
-1.887624552760030605e+00,4.461489935295707809e+00
-2.849015723799339650e+00,1.079138568565019662e+00
-1.103784399632762092e+00,1.704694814313791662e+00
-7.036959050950435390e-01,1.096726941982043124e+00
-2.680826635511487144e+00,1.452378628499674251e+00
-8.507503809240267501e+00,-1.048903474217954823e-02
-2.705116700518549244e+00,2.042842650839202356e+00
-4.223396235898697615e-01,2.958243655990253629e+00
-5.986342489120979771e+00,2.732662449021661999e+00
4.367449998274564038e-02,2.283583231361576260e+00
-2.999763689346610640e+00,1.902347012150692240e+00
-3.477549956332397940e+00,1.441089848775955584e+00
1.093226315447078267e+00,1.975197980900074590e+00
-2.038363468005232715e+00,2.423689946283688279e+00
-1.918108295876877367e+00,4.071499524061394482e+00
-9.554432908954912929e-01,5.303589021924548952e+00
-4.501685040286112383e+00,1.975832097269174525e+00
-1.245046079861974020e+00,2.431892062274027655e+00
-1.910832662566614992e-01,8.025057550481826674e-01
-2.600517870120733210e+00,8.994220868760554044e-01
-3.545681289525040469e+00,1.193707492381937296e+00
3.457782005159157457e+00,3.349726533702801490e+00
-1.568125523040602820e+00,1.748084224073013671e+00
-1.903966756793960879e+00,2.360702249686590370e+00
-4.192899500407150981e+00,3.325245482100557481e+00
-5.800438283856738764e+00,1.153599422394354423e+00
-2.419889053476682150e+00,6.857317529362425557e-01
-3.944994804391075416e+00,3.010217793481449799e+00
-1.130631625029802301e+00,2.419318232129499258e+00
-1.003902290199680358e+00,2.491949718556515592e+00
-4.172997109752614620e+00,1.553131332758487693e+00
-3.977475486122632464e+00,2.801726665702502395e+00
1.093854531366312166e+00,4.400281134804544081e+00
-7.493455390126211313e+00,-2.964420947040176557e+00
-1.002257861785497584e+00,3.353733340599602375e+00
-3.766443965667006566e+00,1.142212148863215537e+00
1.017089097188424773e+00,1.997152487269528098e+00
-4.209367576819525780e+00,-3.646071079836099571e-01
-1.773483408478127465e+00,3.322752094769151121e+00
-2.877532792409827511e+00,4.745964341900461569e+00
-7.384231538824906238e+00,2.393210368390635168e+00
1.130263694678969255e+00,2.069181862505905301e+00
-2.718727555532740148e+00,1.422408059710003503e+00
-2.906672554594474267e+00,2.198603190103864513e+00
-4.150622415272796850e+00,1.117932466316846618e+00
-3.075974452118640734e+00,2.327777428615369182e+00
-2.776454510569817291e+00,2.658775111770401711e-01
5.251141694133889537e-01,3.065610374158884266e+00
-1.290401863846647901e+00,2.364915371292777291e+00
-2.623319031161701620e-01,3.885936608642794443e+00
1.860338316109261037e+00,4.111705282419663376e+00
-4.041079736923379073e+00,4.000434918283261254e+00
-2.148183481561946273e+00,1.968316187376632165e+00
-2.997801574486467224e+00,1.117798763003358342e+00
-1.971271487109312437e+00,1.985884072111137710e+00
-1.590218252003844368e+00,2.752373772340739322e-01
1.548985901716894986e-01,1.229472049500476949e+00
-4.075718313403429605e+00,2.720327882563934541e+00
-1.438592229840484515e+00,2.162931360979226447e+00
-2.577400337459577084e+00,8.568484182074864730e-01
-1.857642320043622730e+00,7.319772163995748038e-01
-3.040800622792680930e-01,2.968000308768407258e+00
5.997389276843296813e-01,2.736925811645321005e+00
-5.961068331960477806e+00,8.626202025635687498e-01
-2.178059910363116192e+00,2.686727836699500660e+00
-3.414800578915925477e+00,1.172395373863948542e+00
-3.748938996084764774e+00,1.383128224404514439e+00
-3.204591885042720634e+00,2.206055658362529925e+00
-5.666229453976625585e-01,2.647992869346586620e+00
-1.188902251482265360e+00,2.348754111895349883e+00
-2.693727275808328603e+00,1.052679329667835617e+00
-1.449970549981625556e+00,2.325072596677682846e+00
2.167969004450435833e+00,2.316569781933218053e+00
1.969032015174306149e+00,2.944139748571845683e+00
1.758309278673070519e+00,2.712954503349475743e+00
-2.313041076516640260e+00,1.073987676745705500e+00
-3.702697055526710912e+00,2.490191326804401584e+00
-6.439064027404769242e+00,-4.938334283804799441e-01
-5.217995594229181577e+00,7.595028586356025180e-01
-4.522601571257101938e+00,5.168055869486765097e-01
9.446487683691620063e-01,2.875565270818761565e+00
-2.567393711473314966e+00,5.129778768502817332e-01
-6.794634542275492795e-01,2.170206655448515765e+00
-1.655915299962317455e+00,9.165244210453600271e-01
-5.024807403780312320e+00,1.201144092272771413e+00
-1.830577311433928989e+00,5.474863594260515054e-01
-4.675515098133132597e+00,1.097415208211248494e+00
-1.398248953534908523e+00,4.508845168318789121e+00
-2.706352161031051473e-01,1.617291999623428289e+00
-1.843944200261868671e+00,1.917963167745518449e+00
-9.731563913912422148e-01,2.786466711804458818e+00
-4.429849863928756015e+00,-2.939361035012395540e-01
4.632411418315589557e-01,2.534076259941509868e+00
-1.034736208074336528e+00,1.603773411268258675e+00
-2.512235150283338658e+00,2.407834043059269291e-01
-3.378835418283436365e+00,1.395618268933072059e+00
-4.960964198710325235e+00,1.470243912191412150e+00
-2.671537194454309816e+00,1.741043355200190934e+00
-9.152438929063828610e-01,1.720424249397227490e+00
-2.296176898220062323e+00,1.656595221928189865e+00
1.070145917170114647e+00,1.961400703257453859e+00
-1.541057442402072430e+00,2.026707556934193910e+00
-3.959129187781602610e+00,8.579544028170156267e-01
-3.107234334344205706e+00,5.627726871360110295e-01
3.315579285966703260e-01,4.143853027172175629e+00
6.308032099897560308e-01,1.834219164217436138e+00
-2.714006332669791632e+00,2.417297701849510982e+00
-4.969773239995795677e+00,6.441979995493491984e-01
-9.399026155889571577e-01,2.491256289832657345e+00
-3.581866147871759942e+00,1.003121133055908665e-01
-3.965978675552239707e+00,1.392795060284875763e+00
-2.011776706344959198e+00,7.088464733719683775e-01
4.558727781026194137e+00,2.788970083315179149e+00
7.486548553143230755e-01,3.215446138667195974e+00
-2.024352974853068421e+00,1.415754552841217206e+00
-1.809730981510051073e+00,1.256855739362980007e+00
-5.633681858486581540e+00,3.224195390135465633e+00
-7.841012252161075224e+00,1.962205033929116826e+00
-2.253769740032869340e+00,1.962974307148224185e-01
-3.405100132149480707e+00,1.251312392506282345e+00
-1.037755967807344248e+00,1.803923273972795949e+00
-4.815951745508121107e+00,1.415390365876421530e+00
-1.707406071099454969e+00,1.464595995045050891e+00
-2.955049604178427991e+00,1.026906523233430457e+00
-1.244013246347360990e+00,1.916027747987543606e+00
-2.048675483069528624e+00,2.660866128883704107e+00
-8.781740155812545190e-02,3.883216329895267549e+00
-2.117784162777578860e+00,3.368668783377199993e+00
-7.489650433967602883e-01,2.327250867848329463e+00
3.787221213565237221e-01,3.688783135442393224e+00
-3.996528521266593081e+00,1.578668012033068058e+00
1.833970774273863125e+00,7.832859328451093894e-01
-2.941029586110022187e-02,4.830964368161810185e+00
-1.274971410134779326e+00,2.953698434746515833e+00
-4.459582670283134931e+00,2.437628437980658980e-01
6.243321258313252464e-01,2.496740707835626072e+00
-1.818030052667204188e+00,1.560273675007651795e+00
-1.512301760082661817e+00,3.064730877939799036e+00
-5.803906464724959413e+00,3.977209241289245689e-01
-4.207661895250176087e+00,2.561492630954287808e+00
7.448278701759702969e-01,2.440729934278835334e+00
-1.949325861697425832e+00,3.699261483520790428e+00
1.378433746843372720e+00,2.866363818153292886e+00
-2.575377796247465767e+00,9.001563790962840983e-03
-3.620696796333408685e+00,5.673602921893408091e-01
-6.031834922755450190e-01,1.558970988598683549e+00
-2.681972706103178616e+00,8.802236705316186516e-01
-2.557301329642868382e+00,3.326482632045626886e+00
-6.009564033607175393e-01,2.820152372822809284e+00
7.277057170163816480e-01,2.968865031454809067e+00
-9.420598615067190540e-01,4.343520728579443713e+00
-2.609569942286193545e+00,-3.909736732320965302e-01
-2.878777689550469532e+00,2.034984712646846550e+00
-2.768811519521050535e+00,2.087503105982522644e+00
-5.681784769034775806e+00,8.455933465931735338e-01
-1.481418717492009263e+00,2.264833990981112155e+00
-1.084091247590814877e+00,1.800586440968849011e+00
-1.376644603191300664e+00,3.543667414257449799e+00
-9.009920712151280320e-01,1.090014402255241821e+00
-3.714946802360696410e+00,1.801022464983035531e+00
-6.412967122881013893e+00,3.191662827453574103e-01
-2.669618558981917023e+00,2.069841613712369188e+00
-3.413754186182706096e+00,4.118135617879716825e-01
-2.908503363335293468e+00,2.766578255500942163e+00
-2.768407541998866961e+00,5.057094393317747016e-01
-3.494279584117388815e+00,3.287018623708634291e+00
-1.115979988478477125e+00,1.941026197890345806e+00
1.607685910664654827e+00,1.770191186658414795e+00
-3.546162668650850947e+00,1.114043090086967336e+00
-2.067865384878145640e+00,1.895921326278584340e+00
-3.935323975073581337e-01,4.487867524947782627e+00
-5.883334375801743121e-01,3.418124370301009129e+00
6.433416578210908732e-01,1.516855744028566155e+00
-2.434241108379452179e+00,1.686685345940374781e+00
-6.338874296712140310e-01,1.547667032416408794e+00
-3.104828148911032315e+00,1.771186377894262698e-01
-2.935077671752946316e+00,2.901449731677598898e+00
-4.174250267556933736e+00,3.664149061234684979e-01
-3.408126105656528182e+00,1.658776269500389589e+00
-6.674487078136407625e+00,1.453908169756587210e+00
-3.635293776044910441e+00,2.313028032971707670e+00
-4.107351528470952751e-01,4.871156296590744006e+00
-3.849046430734447188e+00,1.076021106519104320e+00
-4.256718012293180031e+00,1.568032680000951640e+00
-4.124941380230168875e+00,1.816136005112389151e+00
-2.352199653053370643e+00,1.470938113784389767e+00
-4.884317393603264890e+00,-2.258835057597075036e-02
-3.913659538952675376e+00,6.970799039364787841e-01
-3.535248911364373026e+00,2.934563715161135455e+00
-4.696780674478995277e-01,4.324785991010347885e+00
-4.466807110623014498e-01,2.767702301215925420e+00
-2.007470855692510270e+00,2.652359562180377495e+00
-1.291570675248985278e+00,8.443576137887398581e-01
-1.809896787197187162e-01,3.605469016902341117e+00
8.884866913225151208e-01,3.462372072681421553e+00
-2.387197052184180990e+00,-5.322744458951778057e-02
-8.786691581937718709e+00,9.654483078199294077e-01
-3.692393822987228180e+00,2.568717429732016555e+00
-5.905556818390314433e+00,1.744759084240819380e+00
8.739024839477975704e-01,2.903169186656085365e+00
-1.620515599883425750e+00,1.561599397478037998e+00
4.488646073844484441e-01,3.749323700490431399e+00
-2.691126786359361756e+00,3.464827516454774603e+00
-2.485346937500547249e+00,1.856344735303240956e+00
-1.206751776916504593e+00,3.184558815454899605e+00
-1.058306183643010767e+00,1.462200989034833531e+00
-6.174668328827559449e-01,2.686159516551550386e+00
-2.658299001028475494e+00,2.909813334517071581e+00
-3.292928893141611635e+00,-5.214728697429285020e-01
-5.049160576412342394e+00,8.924239470579797828e-01
-1.699171618227499625e+00,3.037244678080009308e+00
-7.581763691653888859e-01,2.091772832949756022e+00
-5.948733925227897679e+00,3.249567337431446212e+00
-5.511962262158813797e-01,-2.532068404737262135e-01
-3.057729601383094575e+00,3.180410910033599770e+00
-3.714588652419344328e+00,2.307363331523634820e+00
-8.662004587092460017e-01,-5.892913931344554435e-01
-2.245084893693780614e+00,2.343295903697625970e+00
-1.596345344822116541e-01,2.560533307019801530e+00
-1.001222289875387528e+00,1.865211768566141126e+00
-2.917422503180219007e+00,1.735422438675932932e+00
-2.966435213413620264e+00,2.954666765177390353e+00
-4.144030773489182362e-01,3.175911056703482505e+00
-3.195790051582733771e+00,2.630705643058441456e+00
-8.778697144366096605e-01,-1.788048301507929594e-01
-1.427375146617237966e-02,3.261202472153304832e+00
-3.848767069513417738e+00,1.037303004327142508e+00
-3.562796754055975068e+00,1.428818031684279566e+00
-5.685735500145844945e+00,7.074055585975373983e-01
-5.551102192839577398e+00,-8.533669810409030276e-01
-3.462882159922522796e+00,-5.917372670804210699e-02
-3.663699241103792748e-01,3.852876790772208349e-01
6.277996440350164242e-01,1.044978666319485772e+00
-3.176224577591390652e+00,1.910926853123212643e+00
-9.250173074339769208e-01,-4.667388590543688487e-01
-2.920369269669663925e+00,5.530062929689172346e-01
-4.921685988130370504e+00,8.683555614371172293e-01
-1.810745611760676832e+00,5.354293406193226801e-01
-3.231755170086350049e+00,1.838032213574811280e+00
9.049385674599847995e-01,9.534570704469942370e-01
-2.960035582585685887e+00,2.814537386740460612e+00
-4.325514319967737720e+00,9.849395883565210674e-01
-4.585024193268361969e+00,1.994189764278322841e+00
-2.763621923635904309e+00,3.779131613847632742e-01
-2.128888419145785527e+00,1.664547760955371158e+00
2.656492163614339042e-01,2.620506399214800552e+00
6.462415762161022315e-02,4.748857842832975962e+00
7.634572326317119462e-01,4.680769092368475270e-01
-1.468673889516107112e+00,3.685854687942896390e+00
-2.096979557095839830e+00,2.264303958157466212e+00
-2.334306929106231276e+00,1.925580627265082168e+00
-5.355998670930173233e-01,2.551795855421829184e+00
-3.823923767781466587e+00,1.757225222168840251e+00
-3.505500908380092540e-01,3.283217386622089062e+00
-1.525603871952236013e+00,2.552974535124898026e+00
-2.749520621074807991e+00,1.097332727556441068e+00
-2.300517984880735334e+00,3.947417550135930320e+00
-4.832557268608525192e+00,9.899803995297800085e-01
-4.685381629482915145e+00,3.680083428611806706e-01
-2.308733927342265346e+00,1.894409505866052390e+00
-3.310161837641079075e+00,1.181728115107734345e+00
-1.579210651036739854e-01,2.779500686065056847e+00
-3.887465382268590730e+00,1.638059701874980512e+00
-3.822093016009316280e+00,2.763970618427276982e+00
-2.799691662332403297e+00,-1.619807158063477637e-01
-3.189933658425529117e+00,1.810092041413559949e+00
-7.932110268138592435e-01,1.765595147299404921e+00
-2.266354375272799260e+00,2.539349672484913611e+00
-2.867928540204812471e+00,8.286274786772598322e-01
-9.071042659826538124e-01,2.592319756309310552e+00
-2.189254013220534034e+00,2.830229495774133408e+00
-2.872786799583151307e+00,2.642824143044042895e+00
-4.069281281065975975e+00,1.121993541259025617e+00
-1.147638108317947436e+00,7.608476394077121618e-01
-7.116872203648958450e-01,3.848854159364147876e+00
-3.316366131926461680e+00,5.534220050328138019e-01
-8.954284447174336581e-01,2.192951245267639848e+00
-2.863474078683235113e+00,6.845774341957187037e-01
-5.025285870662116849e+00,1.390279044241674811e+00
-1.474949974568553479e-01,1.169061956461030505e+00
-1.284523986744954271e+00,2.437251292950983306e+00
-3.023004367766480627e+00,1.159751716790904164e+00
1.358237333219080689e+00,2.536763216281689992e+00
-2.864315227159268673e+00,7.534731996543166943e-01
1.131373611938628621e-01,2.298425981895641623e+00
-1.845964663230931446e+00,2.490345618108111836e+00
-8.743593601857517772e-01,2.741307764624584475e+00
-5.260728513503871717e-01,1.176859993314394393e+00
-1.746408447610825476e-02,2.995736308492449762e+00
-3.686707442104641075e+00,-2.343394241950291779e-01
-2.913179198456536056e+00,2.524385081991590951e+00
-2.625251860667630055e+00,2.750551205905279240e+00
2.023860030354430073e+00,2.881341331456939603e+00
5.385760746611453875e+00,5.252529318249280266e+00
8.442625871156277384e-01,3.382043797702376953e+00
-5.610142997002562915e+00,3.136442683952409993e+00
-3.770087262619877144e+00,1.996659887640951148e+00
-3.469871745326931212e-01,3.107698797517157274e+00
2.015318518737021947e+00,-2.541317605547428471e-01
-1.479042848420927481e+00,3.438702634160223592e+00
-3.134753671319965296e+00,2.620130487931306540e+00
-9.244031820942064659e-01,1.279940745732299545e+00
-4.779041786711502482e+00,5.642528605799672636e-01
5.963553907042919988e-01,3.372969350872493610e+00
-2.034283224460838646e+00,1.536347929614077179e+00
-1.359994067417722219e+00,1.198183718103593254e+00
-3.681953593157654581e+00,4.961733297612691551e-02
-2.362836451461668208e+00,2.033106530228461661e+00
-6.868687502732233607e-01,1.871632131501164142e+00
-2.755098508710751126e+00,1.734722427747762419e+00
5.548385891540532633e-01,2.147032947831889693e+00
-3.040575185807419256e+00,2.593107708711228643e+00
-3.497468358265305888e+00,3.668567511339114073e+00
3.647255141041938487e-02,2.745648352746723031e+00
-5.253657407241636434e+00,6.909990861141606100e-01
1.212511433425524920e-01,3.998943802073773313e+00
-1.030634971592252258e+00,3.092195321265156061e+00
1.600652451752671013e-02,3.307359392072139581e+00
1.459858864065258999e+00,3.146010375319218788e+00
-9.628930485231392833e-01,2.306472257593701780e+00
-2.013515989970228404e+00,2.308687604483333544e+00
-3.367891862275212755e+00,1.958983591818285852e+00
-2.743777305433156677e+00,1.473547031850936717e+00
-2.102168534654960119e-01,3.672929445740350740e+00
-2.781022409016382202e+00,6.245057240897520234e-01
-2.172424612813667277e+00,3.030551656006395422e+00
-2.721574377416871027e-01,2.838896575075345652e+00
-3.677203014199918574e+00,4.694634438126641385e-01
-8.287990323187950370e-01,2.451910834426979768e+00
-1.213889492570208395e+00,2.166243941567650211e+00
-1.333296726004698396e+00,1.417017325857751198e+00
-2.491032754004547378e+00,2.018272491833923876e+00
-1.661893757683364115e+00,3.441547961194356020e+00
1.017404883699026374e+00,2.485163560833270502e+00
-3.504668401407984302e+00,1.462595613914223769e-01
-3.593146350688800617e+00,3.791854598716509539e+00
7.982364595363606874e-01,3.202014401583986203e+00
-1.938122070935666130e-01,4.605394597935952739e+00
1.340491301296503845e+00,2.746063329442804957e+00
-1.567192770629228127e+00,4.070927074198845474e+00
-4.531973314265792752e+00,1.971700655925168411e+00
-7.354146517970725938e+00,-1.734523319367889282e+00
-9.016330209166070198e-01,2.936540059846861617e+00
-4.334277745722405761e+00,1.475549986207620901e+00
-1.791707560131910126e+00,2.166911667220649207e+00
-1.832665359982631026e+00,3.579169846699298940e+00
-5.684864544720175772e+00,2.888957604201392027e-01
-7.450435691962153939e-02,3.379802312060319558e+00
-2.988500997124189595e+00,2.836791538459468409e+00
-3.948680950116132848e+00,1.085151757442574860e+00
-2.377983319045046340e+00,3.255419021786998268e+00
-1.663371581338064953e+00,2.315580561697887507e+00
-1.160717718486729222e+00,2.418515348349587590e+00
8.703000426241813692e-01,2.240690218792199762e+00
-1.401402387965022589e+00,6.887195899554419132e-01
-2.524973196080388949e-01,2.778836915616575531e+00
2.453699882039624747e+00,2.528619054861690252e+00
-1.288363667326406947e+00,2.165039606558957885e+00
1.526565194845236118e+00,3.111011845204454840e+00
-2.872024242416459927e+00,3.204892527154640902e+00
-6.209623920364686356e+00,1.150310468596968949e+00
-2.884593943413630068e+00,1.329665425962693881e-01
-3.026775008226330499e+00,2.040099477275746587e+00
-1.078033773138495244e+00,2.770162493714642515e+00
-2.942213944207997756e+00,1.797466646708085536e+00
-3.364197938822056422e+00,2.950331315190799053e+00
-2.954543026608903222e+00,1.874523942055628556e+00
-7.127003199997197225e-01,1.923967956132031309e+00
-4.232739719270098178e+00,2.036036691370334939e+00
4.464317020153414362e-01,3.078430261156541281e+00
1.061052029463382951e-01,2.926321172362219780e+00
-3.528450791893118055e+00,1.420260962452123632e+00
-4.062448882658397764e+00,1.277281931965261963e+00
-6.251575978380645715e-01,4.228111447108512166e+00
-9.430261827962853616e-01,6.157055120684380434e-01
-2.528699646121135736e+00,2.118198839214686213e+00
-8.755128421823101803e-01,2.697120371376833248e+00
-5.433325219608725831e+00,4.085605563209198099e-01
-1.290884660411750762e-01,1.817759921729122485e+00
2.199882448571524485e+00,5.935745606795006957e+00
8.005175848900227820e-01,1.637628260001125824e+00
1.135836874529845719e+00,2.709234332281989399e+00
-3.544367483182715439e+00,1.154019043660074351e+00
-1.180923386715235335e+00,1.570410653400698742e+00
2.844574442663789782e-01,2.734049257821851597e+00
3.869181366670080280e-01,1.363494510938530357e+00
-3.550558943806705336e+00,1.882071037417137882e+00
-2.193528550063563731e+00,6.751278997061589404e-01
-2.351169554797394756e+00,2.562775953801001982e+00
-3.595498872870956042e+00,6.106979759748538683e-01
-4.944020378312304231e+00,1.377892180606676842e+00
-2.626034354575240481e+00,-3.230793111025627162e-01
-4.309380945958944942e-01,8.352758921268574888e-01
-3.698456819546941610e+00,1.321535847917748363e+00
5.267319275054891392e-01,2.253045309164743770e+00
-1.649067407602670565e+00,1.217875213791534073e+00
1.199199207926550770e+00,4.698969308344934426e+00
-2.337141188180268614e+00,2.546684826813655711e+00
-2.032187067330969654e+00,1.214348009308608756e+00
2.782250710139923200e+00,4.110258378383246480e+00
-4.236052544099264683e-01,2.756311470304964040e+00
-2.030157686986846510e+00,4.287314735793716025e+00
-6.522382207143828659e-01,2.735224015856392299e-01
2.796909229471541636e+00,2.516490665935545046e+00
-1.718921050572951970e+00,1.341734032787910369e+00
-2.506678686959732616e+00,2.443902291839718632e+00
2.515278576046841685e+00,2.770687568799750089e+00
-7.298449632844984158e+00,8.842410229520685228e-01
-3.498332518805331581e-01,3.328556874660880460e+00
-2.025410497044166647e+00,2.682102270680287948e+00
-2.075536795978569327e+00,1.126888352363746737e+00
-8.979262781624282042e-01,4.896951311495279846e+00
-2.404799713966660146e+00,2.627998856150665752e+00
-4.613691790177719909e+00,9.935146173467099828e-01
-2.252430676367176865e+00,1.767344630461122668e+00
-2.360978111901983034e+00,1.345878926061055303e+00
-2.413603088319848933e-01,3.017552525607490210e+00
-4.750430229725677300e-01,1.751615133940697344e+00
-2.931079018353995203e+00,9.352563346283706558e-01
-1.860725689570876362e+00,2.931459236964850668e+00
-4.179382516421391358e+00,1.370622619917257090e+00
-1.170275837936655350e+00,1.906798761574106438e+00
-4.777891411376926634e+00,1.027433756760532946e+00
2.631116768753201107e-01,2.681914725059311166e+00
-2.992952071855889962e+00,1.104177188985880465e+00
9.383289569224051441e-01,1.901447011903875106e+00
-2.358558503684590857e+00,2.492229533120355445e+00
-1.459751793226354177e+00,7.281686064836248029e-01
-1.997321510283539325e+00,3.415441076389447606e+00
1.271858379296885388e+00,1.129261699747985848e+00
-3.900502338865923679e+00,1.137831045634045912e+00
-3.467144021933755482e+00,1.222494475480448095e+00
-3.771508200573133074e+00,1.155736772915571198e+00
-3.683217435232037928e+00,2.150341821605202153e+00
-1.461965378376189229e+00,3.326093151939976789e+00
-1.970618867567416332e+00,1.558928830955772282e+00
-1.266485260850539474e+00,4.236501662791955169e+00
-1.007768266219370989e-01,4.360912039370250959e+00
-1.782966239501773575e+00,2.753774897002011279e+00
5.309215763343901884e-01,2.206836624599536112e+00
-5.603953593675184308e+00,-2.313890359311194800e-01
-3.102274932324829315e+00,5.496074443399920906e-01
-4.315956792796064256e+00,1.109044944387353349e+00
-3.797134264993808017e+00,1.381683204660704600e+00
1.359394468484906415e+00,1.963801640990168185e+00
2.318166394188874158e+00,3.183278945604769650e+00
-1.816785462111376148e+00,-4.923376421795917501e-01
2.550391454485484211e+00,3.136671681327155348e+00
-3.098862316436960640e+00,1.715549049305122864e+00
9.866614232691817143e-01,2.499649598116237215e+00
-4.419862377545062060e+00,2.603794163271647477e+00
-4.461629220543348318e+00,2.652353039229633946e+00
-2.523840892282451787e+00,2.214031533444726918e+00
-2.437437313184790177e+00,-3.297779256889810107e-01
3.175730401291918525e-01,1.509780651392071960e+00
-2.355170294756359528e+00,2.177352223020520672e+00
-3.546508529208028726e+00,-2.180040333774782013e-01
-5.261824828515497821e-01,5.515308682816018049e-01
-1.913902458903985915e+00,1.707892963379298301e+00
-2.763735275268864200e+00,1.429853019218327193e+00
-3.077263865018085465e+00,6.186096124050908251e-01
-3.894780383270700863e+00,1.933124516364835177e+00
-2.315846254569582374e-01,3.056786878086446446e+00
-4.552327352150200568e+00,9.470711381082246305e-01
-1.883248172640902274e+00,2.157738934325227120e+00
-2.683243688758066181e+00,1.413776318760878059e+00
-1.602004940710659353e+00,2.054380795012432426e+00
-2.393214865781572609e+00,4.194444290041754897e+00
2.240401051178390723e+00,3.505840541398121957e+00
-4.200929062033113226e+00,-3.473257709841717222e-01
-2.202316125379913281e+00,1.250260794080388482e+00
-3.515916869561255265e+00,3.840456383556999143e+00
-1.784958163562120115e+00,2.864473432682065557e+00
-1.720818827676542151e+00,1.371670361233092272e+00
-1.980841081770146062e-01,3.274541196002611620e+00
-1.779196824588226145e+00,1.623587673859938407e+00
-2.890255762154454455e+00,2.007548014979603224e+00
-2.756064102356341472e+00,1.386976083342154498e+00
-2.118622923247091006e-01,5.950661490811408605e-01
5.127375112547878366e-01,3.062256053046654269e+00
-1.765419185894150589e+00,2.160367007892084246e+00
-9.308726953136983173e-01,3.586132207176023989e+00
-2.113811542139950816e+00,5.402162403724923845e-01
-5.829151625433285133e+00,-3.677344688492700797e-02
-2.718347277830543085e+00,-1.842775029158033373e+00
-6.427809431301596099e+00,-3.762243603699220174e-01
-3.864478837015276280e+00,2.008164959868196320e+00
6.671283944134551724e-01,3.231207755365532730e+00
-2.683450753717777637e+00,1.402450701077694539e+00
-2.086320087498202192e+00,1.937411362547784011e+00
1.195928008636092166e+00,5.345692840270416468e+00
4.501427075336810191e-01,1.934422231365090283e+00
-8.579760734719705795e-01,1.281912789368005345e+00
-7.181530818962649221e-01,2.090125302311081068e+00
-1.389943065333301364e+00,1.800865687393835790e+00
-3.144588367387179950e+00,3.057747234176773077e-01
-3.168365810712101993e+00,2.851043173848854195e+00
2.836981863780565938e+00,2.613831285334166310e+00
-5.005462489406848015e+00,3.848735340115314152e+00
-2.490442968873085583e+00,2.339047571911772039e+00
-2.652141225795622059e+00,1.092912213815425027e+00
-4.449861424155482581e+00,8.967552543658894315e-01
-1.808758926186928129e+00,1.419770460292258729e+00
-3.603105182585760069e+00,-3.483412772146232683e-01
1.073434296659887544e-01,3.488211194021067385e+00
-1.314229174329275551e+00,1.377215971612336887e+00
1.645455751176173376e+00,2.245133819334049985e+00
-4.629047093533515067e+00,1.035137840143904198e+00
-1.522286894903065013e+00,2.593508723128854054e+00
-4.303520691033787315e+00,1.886241225170916191e+00
-1.693070815525231421e+00,3.865606321420193225e+00
-2.544019588847546309e+00,2.276759353982048761e+00
-1.067966507724402714e+00,3.511133708856599256e+00
-5.844786656757765542e-01,3.421060383465068355e+00
-8.347572447278576391e+00,-1.548555648971734477e+00
2.664716116179888239e-01,2.994141581033856081e+00
7.585494823964471500e-01,3.982131062425049439e+00
-3.550251466149826562e+00,7.546620922765423511e-01
-3.181859596496453335e+00,3.939353987237091737e+00
-3.019142305141262028e+00,1.418350320926730967e+00
-2.111971696628819561e+00,1.973740349403340977e+00
-6.264336257929212781e-01,1.460566196574592635e+00
-5.975756121385149555e-01,2.834170720249353348e+00
-3.705553468501933345e+00,2.397932510104368919e+00
-1.179472801449743535e-02,1.562339079188838742e+00
-2.673494267788680823e+00,1.411796589494605625e+00
-8.106353806646195981e-01,2.664837626887511135e+00
-2.873454602485256526e+00,1.733856757376188718e+00
-1.626654855357001050e+00,1.199813437685663953e+00
-6.575549165961214193e-01,9.814052551631999854e-01
-4.165984752260642132e+00,2.407040956799354703e+00
-2.739954015855530223e-01,1.505290032653342269e+00
-3.233789605034423253e+00,1.116478013808674952e+00
-1.477839130710300042e+00,2.375715047520634116e+00
-2.416239755798589961e+00,9.689318909882747022e-01
-3.113569085091864252e+00,2.559349981993050971e+00
-2.317927144892030444e+00,2.882827835248019888e+00
1.267163651077748199e+00,3.792838270043271898e+00
-4.483982219082244036e+00,6.211639446974541734e-01
-3.906855921934375253e+00,2.307913732571765131e+00
4.203189212699482979e-01,1.693817152781386115e+00
-1.859472047271033102e+00,2.530278291437980442e+00
3.894495778675235442e-01,4.317982635210197984e+00
-2.373760305502198520e+00,4.147655578246656205e+00
-1.184060875554354464e+00,1.845047142343079649e+00
-1.728375381374846365e+00,2.846852676397508830e+00
-2.069073602013753010e+00,8.611176261050275116e-01
-4.305889831231799469e+00,8.579677961905667338e-01
-3.711540979170682597e+00,1.909621269623491990e+00
-1.075833869979588631e+00,1.901867793770712689e+00
-4.214533317959906711e+00,1.313782194617995280e+00
-2.362247362500836889e+00,1.029530266731480292e+00
-7.101612111851146381e+00,1.159980214084873618e+00
-6.969060194286647025e-01,3.518785298309728748e+00
7.862205401270525584e-01,3.606026337558404293e+00
-5.075981033668867326e+00,2.281867496498355408e+00
-1.395829972525735485e+00,2.194293815208714360e+00
-3.562306729898610413e+00,2.466179036166774363e+00
-3.843126044643381256e+00,1.781735009803754544e+00
-6.493134064928394622e+00,1.544976283944040851e+00
3.686782679173026267e-01,1.007065483049801369e+00
-2.932519930759275084e+00,1.699237190783736251e+00
-4.211400057511147654e-01,3.171728702913492182e+00
2.850272876105207409e+00,2.552104713232081323e+00
-2.839999542677755784e+00,1.465696724796114792e+00
-1.973415173209043250e+00,6.342932496732607284e-01
-5.665003944344886300e+00,-8.581820089832343790e-01
-3.859321931862330413e+00,3.713196097538187246e-01
-2.472239991336849130e+00,2.070576054004068745e+00
-1.665861969402503640e+00,2.829687314757423522e+00
-9.165069951662994097e-01,3.584756299592615214e+00
8.200198292495084473e-01,1.723353683457144125e+00
-3.378503014811890193e+00,2.099846761031753495e+00
-1.579450772777590828e-01,2.146965660240064633e+00
-1.613777633082129181e+00,2.933972870199959893e+00
-7.476699478503132656e-01,1.934550806925616984e+00
-6.229911936102564773e+00,2.862291127162378324e+00
1.609628072437072177e+00,2.681607817820225836e+00
-3.815080572220352906e+00,4.078633335875174737e-01
-2.841185326148779389e+00,4.847070160315321008e-01
-2.333300091941530319e+00,7.248092817659947951e-01
4.047555852721567149e-01,2.880665726963839823e+00
-6.046838235250016957e+00,-2.309962912774708776e+00
-2.464240645459175649e+00,2.567202332549268995e+00
-1.166667016281160096e+00,2.536246259293359895e+00
-2.043794889933908898e+00,2.812197040090524958e+00
-1.982234314556619026e+00,1.095544509732850891e+00
-3.789279246625718578e+00,1.749266244136501003e+00
-2.256923246140948081e+00,2.889886356141271317e+00
-5.525668913770775958e-01,1.966386531508193869e+00
-1.995004938591416366e+00,1.136431455642172850e+00
-1.024718099202022614e+00,1.625804927393273314e+00
-5.414540624053920226e+00,-8.412136925063791182e-01
-1.935645941061225894e+00,1.596823218835518698e+00
2.381078317497546948e-01,1.709247105391098920e+00
-2.322133216921509646e+00,6.388158607979910197e-01
-2.890532471720598018e+00,1.897443765947377736e+00
-5.644252705816537041e-01,1.935276144338043292e+00
-6.680260240486274093e+00,-5.553137876187950184e-01
-6.941031331531635207e-01,3.760188067508909882e+00
-2.910846756263113289e+00,1.087343563675816638e+00
-4.524788902847908467e+00,6.920797280553738773e-01
-9.011401490516408597e-01,2.295454304745080609e+00
-3.945083900119790599e+00,8.153333513596878745e-01
-2.681268817186555076e-01,4.755337572139106683e-01
-4.343253235787230437e+00,9.065513651528231964e-01
-4.582181006308806204e+00,1.697572895445872199e+00
-4.695560956854254897e+00,1.606291130412095480e+00
1.588523708948667679e+00,2.830236623895932002e+00
-2.554469817048769187e+00,2.928465646048487692e+00
-2.770996220453329606e+00,2.035267703284925567e+00
-3.988013522233457842e-02,1.352654642265281426e+00
-1.291693448719600568e+00,2.476525904775491949e+00
-4.817147206948698468e+00,1.745587684192418054e+00
-5.534649624005087976e-01,2.337373025631955592e+00
-2.568899829557158121e+00,9.390281142449270479e-01
-3.139021404156515871e+00,3.323597690386495440e+00
-2.013340966045932490e+00,7.373272914481487916e-02
-2.971952231431707947e+00,2.845174998607209016e+00
-2.675947477873138691e+00,1.213456148468747164e+00
-1.235489256656328916e+00,2.895092057777974404e+00
-3.142378732930413143e+00,1.255425745415330141e+00
-4.332229928180197920e-01,1.559536256258285736e+00
1.093771211199820570e+00,2.413655219376052763e+00
-2.923045283488467483e+00,2.153640664392987958e+00
-3.963872632965952825e+00,4.489417596993603432e-01
1.200734280500776574e+00,3.895155572853749248e+00
3.552381792376421821e+00,4.518254307570528816e+00
-4.331489289106674079e+00,-5.919025549723295754e-01
-1.181236808944063021e+00,1.831672158815974338e+00
-2.828669745685214121e+00,2.483665629598952318e+00
-2.549451259957198790e+00,2.304606942891266108e+00
-3.233841149250700653e+00,1.437510691032794163e+00
-3.717060428548530915e+00,-2.464997599073006640e-01
-5.042080083381626388e+00,1.564975341536506637e+00
-4.877999738633680415e+00,1.882459403654191732e+00
-4.370260832609419666e+00,2.343840978764293315e-01
-4.533446518621895294e+00,3.016896456968583884e+00
-3.485490483402077011e+00,-1.076919572885771892e+00
-7.201457397980883801e-01,1.816857676568345514e+00
-1.128847499494213924e+00,2.409074180271760568e+00
4.570536966729314088e+00,5.606324492696735717e+00
-3.441111142500103526e+00,1.988097789071332500e+00
1.291150795427813414e-01,2.589750431543567988e+00
-1.084803766815029213e+00,6.887945546185354484e-01
-8.099384105858171701e-01,1.085782284314346757e+00
-1.455643407023481384e-01,1.769435567855998759e+00
-2.307822215392730580e+00,1.471206605926050237e+00
-8.034119415988916213e-01,1.479322372047043199e+00
-6.262022312991935014e-01,2.258765599841063398e+00
-2.405186005522859993e+00,7.974281055295495690e-01
-1.091977615798121359e+00,1.773262245741015875e+00
-1.658611469513911141e+00,2.914513245708206135e+00
-2.514096333571859354e+00,1.142954508646333966e+00
-1.831693432700303159e+00,2.295734880971767478e+00
-2.501829616050180061e+00,2.728732870000951216e+00
-7.561871630058045746e-01,2.684754231117759904e+00
-6.225192895213154110e-01,9.875971295081253931e-01
-1.397988036413799762e+00,3.133373893269757460e-01
9.778043485546650260e-02,3.716361308260307084e+00
-3.004549729861006213e+00,1.722486963711269192e+00
-2.559776882857461633e+00,5.643462784970629809e-01
-2.197116151450548394e+00,-3.996726942898876089e-01
-3.050877685415668061e+00,3.579328877492602423e+00
-2.737185349879810659e+00,2.168228600844701592e-01
-5.342373961036518182e+00,1.752195473331698672e+00
-5.797493470241839475e+00,2.832238528191521887e-01
-4.651585307755061294e+00,9.849914365758472012e-01
-8.151021373831004446e-01,3.198928986666875751e+00
-2.717222133988917765e+00,1.117567467759815081e+00
-1.496976638093405754e-01,4.394130659902744540e+00
-2.347881872121327707e+00,3.224855331452805007e-01
-6.129238452321070341e+00,4.959996830895916364e-01
-1.939760070831176186e+00,2.619413299711255139e+00
-3.050207543247863917e+00,9.207115031145853834e-01
-5.097734102948089152e+00,-2.132387582535453241e-01
-1.981486691363239849e+00,2.398222520557249382e+00
-4.405942718015894322e+00,1.514167093663676855e+00
-5.880322520378356899e+00,9.717137254796415213e-01
-2.759021299119785997e-01,2.180716859360185111e+00
-2.653046623693963824e+00,8.275756896767374471e-01
4.428408024122445497e-01,3.099154355403755723e+00
-1.659298600246907673e+00,1.367251173469772541e+00
-2.360610799650679770e+00,1.197846743236293809e+00
-1.794743856908226132e+00,3.066350836394275525e+00
-4.560041717588071641e+00,4.614129053111857282e-01
5.002717547095376638e-01,1.668872940412943207e+00
-1.338748719488227934e+00,4.427096573691040149e+00
-2.268359803156935861e+00,4.243030405112571124e-01
-1.512632587596001388e+00,2.293106216023667265e+00
-3.966150617813533952e+00,-9.996796415507467337e-01
-1.673704383321836575e+00,1.788216564068906056e+00
-1.793924842353884497e+00,2.908612533652111143e+00
-2.411283609707294939e+00,1.966243763359120100e+00
-1.239031713986014083e+00,2.198803707238454752e+00
4.565762437368650062e-01,2.907002443952841020e+00
-3.520907731955500442e+00,3.436912359328757383e+00
-1.956944264831151692e+00,6.292168797077072107e+00
-4.437334593657792148e+00,2.147921060780694003e+00
-3.552983731763519337e-01,2.508669283533520478e+00
-5.456003830006780575e+00,4.792802954347044064e-01
-2.863138395467537123e-01,7.266112675998837034e-01
1.452262465870601371e+00,5.048100936229170443e+00
-2.907843553184228824e+00,2.610143976210502093e+00
1.633801220066941617e-01,1.637789641918446115e+00
-2.102346716334541288e+00,2.710623013133488968e+00
-1.340615127411261431e+00,3.970420820681988427e+00
-2.273015443812631098e+00,6.550620104669011567e-01
-6.142001022695252388e+00,6.398522120857781381e-01
-3.359830305341897194e+00,1.579380886361740233e+00
-2.695044967404101488e+00,1.649312995108204838e+00
-4.569618677270956830e+00,3.725091807382625575e-01
-1.133523774762869474e+00,8.944861538022728098e-01
-2.536562015507951351e+00,2.785460368448980262e+00
-1.645413130641494082e+00,2.950000603337612937e+00
-2.747693825692974823e+00,1.948570011335508889e+00
-2.635021571789833761e+00,9.376757789349627892e-01
-1.788352415951077967e+00,3.265044014467822109e+00
-4.579838407368880482e+00,3.643460594429763777e-01
4.913019759558934219e-01,3.185282461325602554e+00
-1.291478643658071856e+00,2.205283494679348699e+00
-9.272521088072300799e-01,1.927788242110857198e+00
-3.640191551523353386e+00,9.160683102099156372e-01
-2.811407336428470849e+00,7.328474547517571658e-01
-6.382460448993389157e+00,-7.722040834510424112e-01
-7.626248385073670644e-01,2.274255723072077462e+00
-2.302205101472092785e+00,2.577336334597189804e+00
-2.653663374056197455e+00,2.306877816064033304e+00
-3.442773559562669394e+00,1.241726313413756388e+00
-4.700773228885015698e+00,-3.113469027602588923e-01
-2.928900240529144217e+00,1.071346496218155586e+00
-4.467545060431241666e+00,1.206227349867524890e+00
-4.772060769680185999e+00,2.029726978448858077e+00
-5.219897349817732568e-01,3.071900469114919208e+00
-4.300914150612124232e+00,-4.035111261964448026e-01
-5.180793344446446014e+00,2.820920343707745470e+00
-1.616037712324643882e+00,4.221041049762146447e-01
1.078668256859119268e+00,5.022010777918116453e+00
-5.563113612272483799e+00,1.137862093493263949e+00
5.743963848300590591e-01,4.910146886364533003e+00
-9.513835164263653166e-01,2.327860079865087251e+00
-1.950560746077276697e+00,2.773592849328449184e+00
-3.322776505538038272e+00,1.557208158499766570e+00
-2.212531877368634436e+00,1.627120147899967062e+00
-2.181933448931521635e+00,2.369955407757087240e-01
-3.779897775887332223e+00,1.469963395358241387e+00
-1.654363522001079723e+00,3.962566577892543407e+00
-4.081517392308762204e+00,3.775652343023156554e+00
1.312962826078584389e+00,4.007984755157741219e+00
-1.898880201688817104e+00,9.651941947874052019e-01
-1.206444992222685419e+00,3.316060284772929023e+00
-6.881478212750957724e-01,3.727337429245628275e+00
1.122119308785285430e+00,1.281480980670516523e+00
7.224071269361100889e-01,9.915794425528088318e-01
-1.049933305338878409e+00,9.670320443804980570e-01
-7.219440086737853868e-01,2.030341886023006914e+00
-1.425099503154805269e+00,2.210378821446288278e+00
-4.902937412034370723e+00,1.183172971123849226e+00
-1.535870439013087285e-01,3.368891179973001915e+00
-1.239610009094093357e+00,4.814976811385229816e-01
-2.657688797142020221e+00,2.720972986901549984e+00
-4.571280136969383179e+00,2.438346119988216820e+00
-4.006910664069211592e+00,8.555289186680625768e-01
5.405195676014709072e-01,3.817771829545460349e+00
-1.169668973065117523e+00,3.313180310487280789e+00
-1.434624248223811183e+00,1.958951787577633885e+00
-3.845030155897483759e+00,-3.183454833235108694e-01
-3.276432360864298232e+00,1.060924379147924368e+00
-2.037884418830353539e-01,1.644884174358440365e+00
-5.126435684835518813e+00,-6.257460764523523622e-01
-7.963872454973661696e+00,-7.452830574728892543e-01
-4.934587840758982935e+00,1.531316344667783547e+00
-3.358869796155679488e+00,1.075679925070745835e+00
-5.731178775331324360e+00,1.272232178737742858e+00
-3.262671758471649142e-01,1.607685292225073947e+00
-7.306888011612485911e+00,1.101658627200042151e+00
-1.573512776491306386e+00,2.375254869340590158e+00
-2.703800093732833254e-01,2.215664952196913617e+00
-2.845477693877079162e+00,1.080081833907148070e+00
-4.340998254998768680e+00,3.645877454504717008e+00
-3.853380824796378779e+00,1.459146223192150149e+00
-4.663610322742441028e+00,2.285693880454748417e+00
-3.304763324246894562e+00,8.190882707609048463e-01
-9.413331510344318254e-01,3.268152388342024928e+00
-2.014859016807456715e+00,2.347773480572861615e+00
-3.214374897832594780e-01,1.668162876041163756e+00
-2.346899862969847650e+00,1.055574557131416125e+00
-3.505294462962731394e+00,4.822890779580495391e-01
-3.164536158691117151e+00,7.271903136994750660e-01
-3.207917577194641545e+00,3.812133231023042690e+00
3.533356949747349596e+00,3.229612514245351562e+00
-2.150408350877238917e+00,3.034856795941405228e-01
4.173670016567858632e-01,4.534976950124006478e+00
-5.704405504453234244e+00,1.669125297270514841e+00
-1.568594056680144178e+00,3.178767537615112548e+00
-2.477161745891520717e+00,4.813527840002665315e+00
-3.341435250753097996e+00,4.491540678919985208e-01
1.554847623435434034e+00,3.811546998163032995e+00
-1.269106300391098507e-01,1.177783102789996761e+00
-2.663443404695482464e+00,1.211353527936203101e-01
-1.770359118143035149e+00,9.062548886039882845e-01
-3.460509380816693792e+00,1.883279387223790291e+00
1.689520841319547273e-02,3.741401391730430515e+00
-3.875808146117094566e+00,-3.303620155917932344e-01
-1.713227915026049875e+00,2.160533365447935061e+00
-2.555742958702909462e+00,1.904799164545906365e+00
-1.677040568941400300e+00,1.395035979373831836e+00
-1.701107986966429841e+00,2.439813559126446041e+00
-5.092402242412186197e+00,8.282799533872342579e-02
-1.437306899137696270e+00,1.379065098786817600e+00
-2.681904349960728684e+00,1.349203913149587208e+00
7.322617414286676230e-01,1.037014387597146481e+00
-9.789535499665412033e+00,1.736696756268281572e+00
-1.536319440040347928e+00,1.932908890885871145e+00
-2.116947087365185443e+00,3.352736854898699104e-01
2.139799659852092972e-02,2.643634249887986787e+00
2.283769082058069166e-01,2.951201727441803424e+00
4.981422081870485741e-01,2.962044342037921663e+00
-5.146373295942993309e+00,1.045121503038536570e+00
-3.082436878025612614e+00,-3.053868388282761082e-01
-6.517374212813991541e+00,5.155225987788969455e-01
-1.273963598061023550e+00,2.370605817414720207e+00
-2.868594080934137480e+00,3.558229716575761259e+00
-5.980588501807676316e+00,1.430332653862328662e+00
-3.666955134857396104e+00,2.226339125424075860e+00
-4.135093353176953812e+00,2.318033423713425911e-01
-2.771124961745521809e+00,6.597853844229999432e-01
-4.000247184333318273e+00,1.299415382905868999e+00
-3.642285543574530493e-02,2.427488936389601726e+00
-1.461120705293555977e+00,2.794720732829307330e+00
-3.532323653239384242e+00,9.450467643620745761e-01
-1.188846989925484321e+00,3.308264778280202378e+00
-8.147031113574201289e-01,3.619901000027844873e+00
-2.894817820906262718e+00,2.584790646703155836e+00
-1.795241139710626710e+00,2.869248773540380881e+00
-2.353386850658858442e+00,1.717056320651523249e+00
-9.438569399253395886e-01,1.932613999619855694e+00
9.354590253367800479e-01,1.699859994367932892e+00
-3.201976475725985871e+00,1.254808916904924354e+00
-3.539814390536827560e+00,2.189423283045547564e+00
-4.072099782642299104e+00,1.015698166041624884e+00
-1.695551605977409615e+00,-1.546249810113957679e-01
-1.126843821810805224e+00,6.596067751451859529e-01
6.460451476810185056e-01,2.708925142969025757e+00
-1.434084205195915507e+00,3.243015744920601406e+00
-1.122209039135209974e+00,1.206726973479093967e+00
-5.167842843273497966e-01,3.859045905907566798e+00
-3.225934938850292699e+00,2.344360325260335554e+00
-1.009820834044898419e+00,3.140809479168976459e+00
-5.589974477576607370e+00,1.921356478167004500e-01
-2.399300387520644229e+00,2.294492683867733973e+00
-9.867171599804829274e-01,1.209170312047608942e+00
-6.758177013007776956e+00,-3.170664205652244938e-01
1.439407814472404290e-01,4.108595639158920676e+00
-2.064390539202153541e+00,2.498508402378620818e+00
-3.962578365277150461e+00,1.836448254621227960e-01
-5.172164909182541237e+00,1.096955372291430919e+00
-1.667042318951744262e+00,2.346863625236809359e+00
-2.590444640105439511e+00,1.980712802517290871e+00
-2.474073253396574579e+00,3.364215305389508082e+00
-1.585512780274928701e+00,2.612867556925206003e+00
-2.629672510404211572e+00,3.264064031431527013e+00
-9.876749095426033964e-01,3.437594927016083712e+00
-1.429189966119702060e+00,3.564123878217634100e+00
-2.875519689458114314e+00,8.382514733663231077e-01
-1.610630503842757744e+00,2.915592281567795929e+00
-6.516385026270616887e-01,1.595560157818158631e+00
6.362068648123728742e-01,2.008352866953971194e+00
-3.761294020739980315e-01,3.100837325191482918e+00
-9.196362593841418409e-01,1.884367651071706673e+00
-3.158625021625418583e-01,1.554429397556075454e+00
-5.469587332315576589e+00,2.426316522881341697e+00
-1.893170154791366855e+00,1.745861354035504354e+00
-1.752535623873923587e+00,1.788322740966605817e+00
-1.313032591262786042e-01,2.467928823644279568e+00
1.508963347941624900e+00,1.311377410541558541e+00
-2.762702105239102313e+00,6.580371403586915413e-01
1.107011259413449356e+00,1.370434820019144961e+00
-4.832287454227431667e+00,7.806198354755817803e-01
-1.624660447934889840e+00,2.208196886148245497e+00
-3.392639249938655510e+00,1.783513296159570993e+00
3.351571381896881974e+00,2.923303972252560889e+00
-3.115432047063597665e+00,1.260005604638691379e+00
-2.236786345360358919e+00,2.754956246993923941e+00
1.344643760202450800e+00,4.741999497310967371e+00
1.433847787029240983e+00,1.167591769896420217e+00
-1.782280616460121259e-01,2.361575331673253064e+00
5.498841922217749811e-01,1.218878730366936392e+00
-8.406596706585458545e-01,2.528470169653535216e+00
3.772323819637404263e-01,2.591717053167845730e+00
2.442455504098518304e+00,2.810524499699780243e+00
-6.644335185892347173e-01,1.464248293262979894e+00
-1.549137575928406063e+00,8.121937168441075716e-01
-3.693154160497969407e+00,3.446955425664119943e-01
-5.514188365401856196e+00,1.473047547568152371e+00
-1.575531114225959595e+00,8.978615630140289738e-01
-4.307540368823699062e-01,3.921002733075563906e+00
-1.246687499483725592e+00,1.196590499528263463e+00
-3.630975381871908159e+00,2.021258540441256635e+00
-1.632565574104107409e+00,6.322689321942402962e-01
-3.727944411777549316e+00,1.246270974870267167e-01
-5.468098813898953914e-01,2.317895814630861473e+00
3.839743617491286898e-01,1.047648131632398449e+00
-1.319579838336810695e+00,3.512949420620787855e+00
-3.780874057443339709e-02,1.377646380382187452e+00
-5.466565372737822948e+00,1.660071780147371001e+00
-2.323336676271801515e+00,2.433077395518870034e+00
1.903187214039645525e-01,1.994920795609501640e+00
1.568477438242606326e+00,2.460257456498896378e+00
-1.684352568160463193e+00,2.013866354919626289e+00
-2.286819277799178707e+00,3.195409125316877041e+00
-2.978690856396875031e+00,2.411504338374270251e+00
-2.743644346207775975e+00,3.500899745301292221e+00
-2.639453263388126025e+00,9.784489672402592042e-01
-2.308991767443009824e+00,2.277148546090708159e-01
-9.161224848594977654e-01,2.526538295213848873e+00
-1.938107516946356190e+00,1.097467793530547020e+00
-5.184580485643207837e+00,1.749480593385186911e+00
-3.479814609074135312e+00,5.822816946174347308e-01
-2.606919290620562712e+00,1.147165507804934315e+00
3.603346435777683432e-01,4.477845678412543329e+00
-2.872104303896921174e+00,-1.855340692864598573e+00
-7.880746506931526341e-01,4.539826569785678778e+00
-6.537687424563907168e-01,1.053973837330626662e+00
-3.778222581353317899e+00,2.417742244449031741e+00
-1.503516090374032110e+00,2.473906818031930577e+00
-1.017051492192162954e+00,4.002345249879201816e+00
-2.209527462593370295e+00,3.318190120341707239e+00
4.860514411500105325e-02,1.891455715604315468e+00
-1.881774644191810619e+00,5.991551084727864129e-02
-1.478353009586374833e+00,2.231403300909831078e+00
-4.877711133934673704e+00,7.503723463542151251e-01
6.772725220047259853e-01,2.142694163890412007e+00
-2.011732884269537447e+00,2.032586301648991789e+00
-2.073279201753697620e+00,2.480564728548104725e+00
-2.146910718117057471e+00,6.367986563065957117e-01
-1.014300899962233604e+00,2.764523332473602935e+00
2.327649575785066816e+00,3.618941452529224279e+00
-4.223645645186051567e+00,8.577853367700514209e-01
-6.770419295720803810e+00,-7.118079450654946072e-02
-2.967131490710973818e+00,-2.798348605323663918e-02
-7.818367871134896951e-01,1.400391470478949074e+00
-3.056249187358715869e+00,1.146494853933637037e+00
-2.815078075778127076e+00,2.411774817971637397e+00
-1.501777627022673034e+00,6.119490388590997920e-01
-4.919484661330642439e+00,6.854823920636805568e-01
-4.416200172473621066e+00,1.442205976779197707e+00
-1.545760835594953253e+00,1.053058764931652069e+00
-4.901837057963000177e+00,2.002374935617845519e+00
7.753981440069446229e-01,2.211816379156228418e+00
1.804507085307003322e-01,4.764069202959808180e+00
-1.130132870683347779e+00,4.386478170096562934e+00
6.138080730115968997e-01,2.929592221179298406e+00
1.028591740155473389e+00,2.278666540673377483e+00
-9.569279632847513817e-01,1.967361299926751128e+00
-1.805081125771576867e+00,1.705171067894170278e+00
5.603127974393702360e-01,2.295092773976961542e+00
-3.116287783258123056e+00,8.166314692415623799e-01
-2.631161670889493820e+00,2.688924486540932079e+00
-1.987399284071981853e+00,2.030746247059231013e+00
-1.348348872548115862e+00,3.576747315568696628e+00
-7.710753814950160212e+00,-1.306141412515287925e+00
-3.556779331505552033e+00,-3.815368025207641622e-01
-4.429862851245159661e+00,1.298225935891908822e+00
-9.922858722683698396e-01,9.209762756145840612e-01
-6.562880861217625039e+00,-4.189466301791568981e-01
-4.044304395090598803e+00,-1.864270784450555496e+00
-4.335702113616787479e+00,1.693796121600196436e+00
4.255148418230876750e+00,3.832940887692116494e+00
-2.103952553268690462e+00,6.977918848861104362e-01
-1.709982953077603618e+00,1.117723477853354908e+00
-1.092056755023259162e+00,3.676611050450427243e+00
-4.206789623405195577e+00,2.960011994463362939e-02
-1.932931965108886097e-02,2.921158693666521255e+00
-2.076201238710356112e+00,1.858900464708069356e+00
-2.985074700542317494e+00,1.067964850819680400e+00
3.161272421998262416e-02,3.347454171588857719e+00
1.078607645415215366e+00,2.776360021225012353e+00
1.348772674210155564e+00,4.487686170306102618e+00
-1.775042098081002662e+00,1.630361457866505770e+00
1.129652138556230589e+00,3.275448961293719208e+00
-5.129353571666921852e+00,8.999586699500499165e-01
-2.629217142124169460e+00,1.278385032708733160e+00
-1.925169835411533859e+00,3.594020042445865926e+00
