x1,x2
-3.752283761794925621e-01,8.624695885954147823e-01
-2.362498208081046602e+00,5.033775805120810354e-01
-1.141414084483018732e+00,9.155262463078039925e-01
-1.527444526266095393e+00,1.977377181740748391e+00
-1.253628960594770581e+00,5.526630945579114051e-01
-1.182391221101330769e+00,8.723749065241512834e-01
-3.163806748061764651e+00,-3.621126375961386534e-01
-2.155265654644225926e+00,-4.666873961842597784e-02
-2.214838204423930090e+00,-4.636003965411636951e-01
-1.290371347878778607e+00,-6.491190912171502791e-01
-1.474514097167278548e+00,-8.094839990041156064e-01
-8.210715866759776826e-01,-1.583313103288961576e+00
-2.340370510322800968e+00,1.292839697716147429e-01
-3.640692427047528934e+00,-9.530494503650926985e-02
-1.902373211836555944e+00,3.179231742761790547e-01
-2.780127992924370961e+00,-9.176099978366354382e-01
-8.010074756877645363e-01,8.499512633432657061e-02
-1.518163582221680574e+00,5.542682580182154428e-01
-6.192659315300665934e-01,-3.403337703297950045e-01
-2.778266150164002468e+00,-3.498237405808342637e-01
-1.355515661645084524e+00,-6.249387746591610338e-01
-2.706940506164707827e+00,1.305119402983228261e+00
-2.047561777674748118e+00,-2.455110842832336215e-01
-2.651987929254677301e+00,1.205964583451181404e+00
-2.959236462631155362e+00,2.524910017900242054e-01
-1.492097502483390903e+00,-1.025965987309137795e+00
-3.605845498422772799e+00,7.383731200355410085e-01
-3.194328265610944406e+00,-1.319834045675150502e+00
-2.146794425580427657e+00,-7.145551852995718489e-02
-3.497293092039942763e+00,9.499891806044642451e-01
-3.194910743075144666e+00,-1.803380547356751018e+00
-2.078444019511997531e+00,-5.735007450424867148e-02
-3.236028834341006188e+00,-5.768483468398060143e-01
-1.231409082761598661e+00,5.116664975424947137e-01
-2.253950834152992133e+00,1.374776779927136872e+00
-6.557440755942844923e-01,-1.229271968119227232e+00
-7.616738005266683320e-01,9.454957761273290462e-01
-3.160218637939146813e+00,-1.947913556631162724e+00
-1.480716034714833818e+00,-5.544747921508816901e-01
-1.523688260289163710e+00,-7.180940920776355263e-01
-2.881725923937230149e+00,-9.431379831452176843e-01
-3.658673208979991820e+00,-4.206135550508352527e-01
-1.542416425157350668e+00,8.379032736356913924e-01
-2.903273465853942081e+00,1.702644306656683759e-02
-7.795276052734669836e-01,9.675302690659384197e-01
-1.298784155361291104e+00,-2.079737426767005903e+00
-1.220875993526893133e+00,4.342025915906511102e-02
-9.339198998993611944e-01,-9.696037629127204349e-01
-3.521125464494366142e+00,5.719348475769980844e-02
5.451127529819439488e-01,2.276835492460788091e-01
2.375056516783371485e-01,1.240463980276149236e+00
-2.384033638257220922e+00,7.214152152858944733e-01
-1.592495298594873709e+00,2.901899736667792329e-01
-3.446547305033269559e-01,1.326684169111086442e+00
2.651307976769121666e-01,2.612709614505200340e-01
-1.099125118610707608e+00,7.822798748179651263e-01
-1.401584097491729519e+00,7.015873867915036755e-01
-3.981506586829667071e+00,2.234438870239258135e-01
-2.507355664151661667e+00,2.496829928379362684e-01
-2.068431396972856717e+00,7.752482331524852555e-01
-3.492554510313911287e+00,-3.210531588829216854e-01
-2.478341463725941995e+00,-1.280184722633098127e-01
-1.387427670726728790e+00,7.949839062012216129e-01
-2.461176829516251274e+00,3.847804384591925198e-01
-2.235848022467926466e+00,-1.317819112535398018e-01
-2.116731937489072735e+00,6.304922795416639802e-01
-3.384387160151760554e+00,-2.053949589123593711e+00
-9.140098594932140053e-01,1.330527919239425483e+00
-1.681091071156193939e+00,-2.020822053912384453e-01
-4.125152207998916687e-01,2.007599412619687773e-01
-1.229444516379816221e-01,1.418738699251878899e+00
-3.069400980487605679e+00,-5.556440169797005613e-01
-1.553289572225335480e+00,-3.947212001373506807e-01
-2.473748446511816468e+00,-1.332937451133466622e+00
-7.363102434234525262e-02,4.488605958091277937e-01
-2.330269542130241511e+00,1.110554428667873017e+00
-3.367160372678867475e+00,1.758415958236895893e+00
-1.995783123367740330e+00,-9.175771501892803217e-01
-2.904801303843711491e+00,1.589941648569941357e+00
-1.489108097441533607e+00,-7.101601850641372504e-01
-3.046614499498545570e+00,-2.310487459113064190e+00
-4.312709813957839700e+00,-1.146591897173894647e+00
-3.580639826721180530e+00,1.894369772265006358e+00
-9.625068119859108151e-01,2.868259165766766650e-01
-2.260030993961086754e+00,-1.646607882684005819e-01
-2.775930435979440780e+00,9.430710821609791239e-01
-1.393943935579372351e+00,1.199328883699772863e+00
-1.703770338866351208e+00,-6.025447880550102164e-01
-9.805438175605889484e-01,5.557751356397853115e-01
-1.206782682664506501e+00,5.523479411019411867e-01
-2.415129433696200145e+00,-1.068241073195794533e+00
-3.867141314484168202e+00,-2.366496086984176128e-01
-2.229456817175973438e+00,-8.135870052756967175e-01
-3.544301794944340500e+00,4.563915629845166078e-01
-3.891331697488110919e+00,-1.449168211200202450e+00
-1.227850571320307393e+00,8.336878555740792063e-01
-2.287260100051082379e+00,-1.508101392684792152e+00
-1.683067979672140613e+00,1.445953859624036497e-01
-9.592542033619335662e-01,7.096840804401642888e-01
-1.116487837227243762e+00,1.019603981170565388e-01
-3.149493899051272194e+00,-5.272264069121351815e-01
1.550182072366830255e-01,1.372147771098087388e+00
-8.918370475237376027e-01,1.920469055234748312e+00
-2.546417536159362172e-02,7.786984044899403212e-01
-2.871899039525100950e+00,-5.864805947548658027e-01
-2.176648879841875051e+00,9.821208000275218897e-01
-2.645461754534779164e+00,1.398743418700277630e+00
-2.008461641116670915e+00,-2.373297456794465909e-01
-2.461454451040098412e+00,1.930158434484012253e-01
-2.964129917310215134e+00,-4.532154265635129353e-01
-2.975298825381735845e+00,-1.142400332457086609e+00
-1.784467251796760578e+00,4.431934915869367719e-01
-9.447821227455335258e-01,-8.688118172856706956e-02
-3.993380803669152712e+00,-1.003369658931457575e+00
-1.930350805914298640e+00,4.454500576239217580e-01
-2.365573845139379294e+00,-4.161966255935262704e-01
-1.358824792636248002e+00,1.617896535808450997e-01
-2.024744018133569412e+00,2.248243074274114961e-01
-5.327541485792799847e+00,-1.058356868333519607e+00
-4.317765598736706067e+00,-5.532197108905130278e-01
-1.252466202964414688e+00,2.342745591402120575e-01
-1.877533340579616850e+00,1.216247860709919637e+00
-2.215478726572698065e+00,-1.556474162786675608e+00
-3.894026894121788374e+00,-1.404427875366969225e+00
-4.260516264462664182e+00,-1.178532410228107175e+00
-1.722555222761045446e+00,5.142084209362782765e-01
-2.052727057508507702e+00,2.837433013198696896e-01
-2.412908665053733692e+00,-4.821537255183109272e-01
-3.221848713114170426e+00,-5.075320206529516653e-01
-1.816473036131977636e+00,7.910673056318316965e-01
-2.792844595125965501e+00,3.515245514588726250e-01
-1.651121197171733002e+00,-1.569770523207885349e+00
-3.387002000924273837e+00,-1.818937550209080767e+00
-9.892428676118627529e-01,-5.398260648183939026e-03
-1.161297149183504018e+00,-9.236650707411686589e-01
-1.007397518906417488e+00,3.535758321293988593e-01
-1.033902431281082723e+00,1.691392713727746688e+00
-4.273401163515352152e+00,-4.019392526245169073e-02
-1.488292154805197942e+00,-4.261831531821312913e-01
-1.521711333257511845e+00,5.710337126929101448e-01
-2.125550173834251044e+00,-5.428553983269138739e-01
-1.689044878606656752e+00,1.114949344609964310e+00
-4.037421091452841004e+00,-9.634566977391104681e-01
-1.853274366399629614e+00,-4.477382683309236722e-01
-2.026777839654460678e+00,-9.524675611477555898e-03
-1.952153137318395348e+00,-4.324980936632726314e-01
-2.023529002510662700e+00,-7.799463555892500732e-01
-1.821501061686867207e+00,6.758521231986983624e-01
-1.493742092095065477e+00,3.669312661629536843e-01
-1.678664587755901216e+00,2.675032515879435246e-01
-1.777372123509705304e+00,6.840136050244516319e-01
-4.173005684201045895e+00,-2.059801318179371177e-01
-7.260777266550644260e-01,2.041024093495282798e+00
-1.242887972846558275e+00,4.374745346768945664e-01
-2.263170960136060561e+00,1.312130819498597833e-01
-2.844725960535776199e+00,3.292239282132134459e-01
-1.029214165949585258e+00,-3.106180994188310063e-01
-2.934399000465208296e+00,-4.887832567358849079e-01
-2.383851442045642255e+00,-6.037412173228676737e-01
-2.355084376988087147e+00,1.537919053419789961e+00
-1.716362372355357380e+00,-3.351166806380068697e-01
-9.310031742608828598e-01,6.268104837050623157e-01
-3.074137291108687720e+00,8.132990261637875751e-01
-2.671151785687666536e+00,-7.863193557410003143e-01
-1.997343438977504659e+00,1.864750751018226405e+00
-3.276343261310066701e+00,-1.428568814300660572e-01
-2.885477439395576660e+00,-5.657283289031892481e-01
-1.572726125809749353e+00,-4.160150167585344172e-01
-3.157347256266374469e+00,8.110941944494661771e-01
-1.980627819463179451e+00,-1.181832758786374615e+00
-1.196539927872717346e-01,-3.981573918949530833e-01
-1.214838979227303994e+00,7.842321033024153287e-01
-2.609884160212446513e+00,1.482948584200470377e+00
-1.382192909148532101e+00,4.972761924880593210e-01
-1.026038622312155146e+00,7.791527987870272565e-01
-9.194359995693306420e-01,1.290254904160086091e-01
-1.235918211747024653e+00,1.159759121401232163e+00
-2.183034357508891965e+00,1.769035333610225191e-01
-4.097300371677581765e+00,5.593323000485846963e-01
-2.120283991808454616e+00,-1.284222613545439540e+00
-1.866403747418907688e+00,6.525418746635126555e-01
-1.626255770390597544e+00,1.026177814017060985e+00
-2.220725536075109030e+00,4.461331568140359388e-02
-1.560925255872976036e+00,1.082590153423776264e-01
-2.458021049680499726e+00,-6.599337146997955594e-01
-1.946790760146714261e+00,1.324820187930393078e-01
-1.698082743376884807e+00,-3.406031560169798245e-01
-2.888122974443607216e+00,-5.007853973419443827e-01
-3.180044037547147262e+00,-1.049156764523224039e+00
-2.265385525997699823e+00,9.512339706267536332e-01
-1.524295638221675020e+00,-2.185320102937587106e-01
-1.902006146941123133e+00,-3.322291576961193260e-01
-2.185983450652442706e+00,-1.835877518895088004e-02
-3.763369313981383968e-01,3.390206577095305485e-01
-1.435962177093609293e+00,-2.390215949671500306e-01
-1.491798657624409330e+00,1.743212510456718378e-01
-3.713016383986464497e+00,-1.768832700156797610e+00
-1.802853983017423500e+00,6.455613937673759795e-01
-1.686218524137423458e+00,-2.381745702837405332e-02
-9.115806406431496978e-01,9.340605434546103147e-01
-8.890815119954398327e-02,-5.200632077899081107e-01
-3.620486546492446500e+00,4.373162656373060786e-01
-4.094260954283386766e+00,-6.823753234633281872e-01
-3.233724693786322657e+00,-1.586701509672193477e+00
-1.599421355436785763e+00,7.707662571387438044e-01
-1.031080724986371600e+00,7.494166164857235524e-01
-2.322073723927998046e+00,-1.348708966174084978e+00
-3.761578275941674043e+00,-6.629056319556987376e-01
-2.916139655510511020e+00,-3.540067256860516265e-01
-1.144127514325546269e+00,1.310499118909294713e+00
-2.740513853492034357e+00,9.888858350924056850e-01
-1.838664516809771721e+00,9.545878988703169199e-01
-2.324418792080220175e+00,6.405883349769474489e-01
-1.702319955258241535e+00,-1.031186304000680565e+00
-2.476939458609057176e+00,-2.301147034741351516e-01
-2.895532836699098667e+00,-6.165668733415285985e-01
-2.522017136768301526e+00,1.075394556511717781e+00
-2.839928524780358288e+00,-4.915638375723481168e-01
-2.652886805233690914e+00,-4.858802878837500949e-01
-1.866761783132645736e+00,-1.297014312868097541e+00
-2.399612171740965749e-01,-7.115554408751953996e-01
-3.035968300959055899e+00,8.905392449129628796e-02
-4.201402097826806958e+00,5.739320453883900441e-01
-1.945255053411460544e+00,-5.054891336160420856e-01
-2.896120393709567864e+00,-1.899870283792573833e+00
-2.853084629940130235e+00,-1.174321088534686419e+00
-2.528870996844352348e-01,1.276502199214671673e+00
-4.053819319030607105e+00,-9.909981587747950238e-01
-2.541386614954313394e+00,1.471654931621279028e+00
-2.151800863374426775e+00,-7.204257681268895208e-01
-1.938062336291404675e+00,1.407835562155729914e+00
-3.038671535770844034e+00,-4.962460791215274059e-01
-6.673416686086166560e-01,-1.810799842402520676e+00
-1.320583957067350767e+00,8.033058587643360227e-01
-1.614970845255841780e+00,-1.680409543276931705e-01
-2.504336533395105313e+00,-6.999118285895942204e-01
1.259083707002316199e+00,6.231849138046079428e-01
-7.148309219918815849e-01,-5.250431126383450220e-01
-7.483977855013805858e-01,-1.476309580586300463e+00
-2.130212593931675169e+00,1.104875022987869659e+00
-3.404595172312953721e+00,1.523028818624305281e+00
-2.940645949734528308e-01,-2.256881080547511464e-01
-2.465310441374172878e+00,-4.251132323627417886e-01
-2.717743858918357791e+00,-4.086535674816620389e-01
-2.747686359443355819e+00,-1.500390661329268571e+00
-4.808907251892412305e+00,-1.277266585962831158e+00
-3.410225738055514100e+00,-3.508671914044094176e-01
-2.698643434973341471e+00,-2.036886418008030941e-01
-3.221641076583660279e+00,1.775683281776290201e-01
-3.577294876917177291e+00,-2.056242987211757800e+00
-3.076363832971969359e+00,-4.843603352380440596e-02
-3.413457265596213652e-01,-8.535994403320287249e-01
-2.109702434848257369e+00,1.294205690269324194e+00
-1.757581957295762498e+00,1.299448251980309887e+00
-1.066221318798956652e+00,1.814820326320203181e+00
-2.042813786184014546e+00,-1.037569135908209539e+00
-4.196897299740420806e+00,-6.979657200045830123e-01
-1.546451056729162943e+00,6.661208563454712461e-01
-9.510981021273203773e-01,-7.892197434781093035e-01
-1.540828188335536808e+00,1.408929377361501700e+00
-4.743110219007440342e-01,1.043115526349756239e+00
-1.835987660153278300e+00,1.471135592750462129e-01
-1.030816454660440806e+00,6.334815749168403176e-01
-3.544686690834163212e+00,-1.057581761152193156e+00
-1.285935431653613126e+00,5.066918049155296755e-01
-2.904676550230264276e+00,1.479352279410554472e+00
-1.536116157909663382e+00,-1.311565474719493529e-02
-1.140999205971980679e+00,-8.031710519820651761e-01
-3.068145392930722970e+00,-6.325142097088212179e-01
-1.667912108893859102e+00,5.892055400673841259e-01
-2.526357258314790855e+00,-9.210165858398979832e-01
-1.706579867372654213e+00,4.789384799277095484e-01
-5.787491788454246500e-01,-1.915381192522798703e-01
-1.557485450023945894e+00,2.222211463928239761e-01
-1.319230382295912385e+00,1.624242538176602801e+00
-1.289143378705585929e+00,8.742855527541437688e-01
-1.794454576657590561e+00,-7.742214836571092995e-01
-2.924062800468131496e+00,9.771395597800919264e-01
-1.561630313612907273e+00,4.744281405777843741e-01
-3.240434378716208652e+00,-1.441293170153680858e+00
-1.286037031227889038e-01,6.083686791495228618e-01
8.691177297646524025e-02,1.371731732314503738e+00
-4.886685122086682043e+00,1.026147651781754266e+00
-7.934430444207496436e-02,1.846393394234364105e-01
-1.311614840594915066e+00,-4.450506948977320243e-02
-1.219487056936687130e+00,-3.076162584204808481e-01
-2.218377083582434128e+00,2.967392561312983679e-01
7.716990969629184960e-01,3.232040474648554262e-01
-1.889667602307620875e-02,-9.034285248258910883e-01
-3.021424112686576180e+00,-7.835744977071226192e-01
-7.730960114622915658e-01,-2.169935217088440615e-01
-1.234166595864200300e+00,1.081305642185187432e+00
-2.323543355586990433e+00,-5.422729170663975751e-01
-1.225251786753048133e+00,5.621986689485328759e-01
-1.009618759534453458e+00,4.425816514817982883e-01
-2.865638331917198300e+00,-2.000861186363035671e+00
-3.140398448347662352e+00,-4.411619368434372968e-01
-3.558173202921466327e+00,-1.331966933350177684e-01
-2.203389756015493361e+00,-7.911959001293024096e-01
-2.209228069925728732e+00,1.186293889856535611e-01
-1.228126598216671361e+00,-1.216817557745415224e+00
-2.109899573105111337e+00,2.218095614906087643e-01
-2.808025561573038065e+00,-1.026407020394787928e+00
-4.093962817241292296e-01,-5.965901967163151909e-01
-1.904970306164296634e+00,2.774190266672398320e-01
-1.217892959749130366e+00,-8.922881796117209108e-01
-3.416575657693388113e-01,4.397102712955697212e-02
-2.122055458113285997e+00,1.780287825087364606e+00
-1.651530732470053886e+00,1.075262132306270546e-01
-2.961150818692534603e+00,8.988486483838636909e-01
-1.115859975293975515e+00,1.034209003747803113e+00
-1.357469589225535067e-01,1.575623229521683211e+00
-2.312665882805170270e+00,2.445417487842582172e-01
-2.029287048289602158e+00,5.527452942864221619e-01
-1.049018401362278752e+00,8.856417194613102062e-01
-2.598064208853854584e+00,-1.414352467262964153e+00
-3.785963770229764158e+00,-1.160006065935844877e+00
-4.485406793725156938e+00,-4.320551960425162985e-01
-2.260074334926243100e+00,-6.592912746865712270e-01
-1.450575228578928844e+00,2.034910306101436472e-01
-1.743340549614788237e+00,-8.752135864381662689e-01
-2.355308509311436094e+00,2.165184651794669901e-01
-2.557998779311206228e+00,2.906705962017673839e-01
-1.130054508622389875e+00,6.935266700099282922e-01
-5.434747029853757017e-01,-1.229151141982985695e+00
-6.802593406341257420e-01,7.394691104804127502e-01
-2.551862772546591884e+00,2.066699065952759096e+00
-1.572136463057181688e+00,-8.416764419700977218e-01
-1.897869644567741432e+00,5.456548293456542353e-01
-2.303143011845332655e+00,-1.047911030188633408e+00
-1.514068225017553670e+00,1.128988184388341365e+00
-6.169521285765759977e-01,6.337209963384213829e-01
-2.484158414861123987e+00,-8.413135176852966080e-01
-1.352950634487448678e+00,8.553017756568932484e-01
-1.452782042380719840e+00,4.587998690527736456e-02
-1.066484387684136115e+00,2.934274178516251830e-01
-3.174455467403464404e+00,-1.119348104695865875e-01
-1.985812364280812981e+00,-7.823434082544323820e-01
-5.148750729722608721e-01,1.595246579539394416e-01
-1.212507422340190599e+00,3.231916825255506387e-01
-1.802831048487377963e+00,-2.342200439482832464e-01
-2.193606584041275731e+00,4.846306830946484623e-01
-1.324408409387175967e+00,1.048993305532928799e+00
-2.883887231644663984e+00,4.445920245541998828e-01
-3.114089274495497328e+00,-1.150916023596880056e+00
-9.798844088852534107e-01,1.078366144579198771e+00
-1.746410442386768125e+00,-5.661665877390958945e-01
-1.941095352266683838e+00,-9.461765216291381231e-01
-2.608665013002242183e+00,-6.994880731459509615e-01
-1.841092590914321425e+00,1.282201013059232730e+00
-1.405365867882943487e+00,-6.531702870059373778e-01
-2.927430717655072456e+00,1.969987132071686631e+00
-1.579834814274961197e+00,-2.566800878689264875e-01
-2.036271644813789639e+00,-7.072479253610723937e-01
-6.581433268105612022e-01,-2.807058220325914233e-02
-1.355675045423846425e+00,7.221072639627137413e-01
-1.751258484148884964e+00,1.233139269950614070e+00
-3.218989070834997523e+00,-1.699727502040275340e+00
-1.691569939545390255e+00,-5.658646826776312366e-01
-2.137373418373031964e+00,-7.394627537556934804e-01
-1.266763367791251760e+00,-7.752599324107296574e-01
-1.224267068417050908e-01,8.809543318279347002e-01
-1.811169488633364466e+00,-1.173757252712080978e-01
-1.442498769450222929e+00,7.199298236983266985e-01
-3.299373590761514485e+00,9.866588384639303211e-01
-1.969128181347451267e+00,-2.529529669414207760e-01
-4.689082575407462983e+00,-1.168727853053508126e+00
-2.723826170490803111e+00,1.632459655919923591e+00
-3.192323622032745334e+00,-7.348637517925027396e-02
-3.049254869320030092e+00,-3.971383340019531416e-01
-3.375962880118079212e+00,1.857662167848564416e-01
1.181907360308454003e-01,1.538893060535045265e+00
-4.874792670565875063e-02,2.552597860112208128e+00
-3.278172019391340619e+00,-3.999895003485711142e-01
-2.486467647359840161e+00,1.799527371867486736e-01
-3.505911738921696497e+00,-1.271665401256424577e+00
-1.096227075841917920e+00,-5.140276982274324391e-01
-3.872500231402082882e+00,-1.066754673229582728e+00
-2.526863446612118924e+00,1.649746605640392882e+00
-2.092667195374103173e+00,-1.081683412335696204e+00
-2.158680194017049914e+00,-3.117602504547903886e-01
-3.683319673170821762e+00,-1.320243795948750076e-02
7.182006715187450041e-02,-1.262624260372962492e+00
-1.193564693611566252e-01,-2.920234844562819565e-01
-5.300837119744934434e-01,6.836095146756682173e-02
-9.234181404339067978e-01,-7.844288392735241366e-01
-7.975659894496023306e-01,1.735683756435581149e+00
-3.449753482271292970e+00,-6.817719000281916575e-01
-4.142150742970256427e-01,1.100301193962114787e+00
-1.728866784117389255e+00,5.661097577501262856e-01
-3.170239733225795220e+00,-1.650674910297422304e+00
1.502031401241707975e-01,1.464843694496400506e+00
-4.462149314389360910e+00,-2.688565836348388860e-02
-1.774900801196669820e+00,-1.202637034097683300e+00
-1.640992134301887173e+00,-1.319452503035806745e-01
-1.413948703338036683e+00,-1.613324558305191669e-01
-1.091931093397113361e+00,7.824286213062486839e-01
-1.992165087261353218e+00,9.813165794802961583e-01
-1.894559117116688673e+00,9.593756003506366259e-01
-4.405217299089536631e-01,-2.670223331575100056e-01
-2.539651008209010019e+00,-1.343642495959145089e+00
-1.018758228187768733e+00,5.508212731316189381e-02
-2.017148383081673657e+00,7.373489714665393269e-02
-3.124451788192640578e+00,4.173616532485989183e-01
-2.184021192253740473e+00,-8.629526112238895819e-02
-2.090839852983929159e+00,-5.511816900733765845e-01
-2.551952769212614935e+00,-7.743005331320200746e-01
-3.088151357064082170e+00,-4.396946104144869860e-01
-2.934723421416604250e+00,-6.841244159009211012e-01
-7.810728393701562577e-01,-3.088266702660485419e-01
-9.129925351481609219e-01,1.221596181534084335e+00
-2.389435964606270613e+00,1.088847056247256306e+00
-3.201751174523190802e+00,-1.454734921836426054e+00
-1.650145521127208470e+00,1.090398680963434064e+00
-2.955450235441461349e+00,-9.672614829061692010e-01
-2.339346608433334751e+00,-9.845131867002159254e-01
-8.457750203712119941e-01,1.385937133734705284e+00
-2.801870728139276956e+00,6.125724687664269030e-01
-8.685940081802483448e-01,-3.781613605747755624e-01
-7.616341258043926032e-01,2.107265384943713737e+00
-3.378924818721462220e+00,-1.131810121834031069e+00
-2.678515408190247360e-01,8.336840479060912967e-01
-1.897679283129130479e+00,-7.747363708670870208e-01
-3.371364481690250159e+00,-1.135393883963056183e+00
-2.356495998199056974e+00,-8.992683943990638085e-01
-1.641144572483979935e+00,-3.122715150568937115e-01
-1.729271331279436330e+00,-1.616835445165130336e+00
-1.969021659434019744e+00,-4.496583588117907260e-01
-3.231658603794675066e+00,-7.554770358644919970e-01
-2.177854365188071739e+00,-4.882844435115160642e-01
-2.205164732383658066e+00,5.151655141615095468e-02
-2.802022288939858274e+00,-1.114630606505851551e+00
-3.040805923513849596e-01,5.499621441570999858e-01
-2.439843953919475172e+00,1.861235135839823807e-01
-2.114141823725788072e+00,-1.666307443364419827e-01
-3.299929524266373981e+00,4.316766488942553881e-01
-4.048573165870399393e+00,1.660038825034558796e-01
-2.096571063400280543e+00,7.754775062083398840e-01
8.913118007813478627e-01,1.822921923450383730e+00
-2.224428632969187358e+00,-5.465930218187426970e-01
-2.284062519042580952e+00,-5.273745838475359937e-01
-2.175083321804975878e+00,-8.025253563035271709e-01
-8.845156178393880353e-01,1.193603298896302789e+00
-1.553308396465246322e+00,5.018775644762093480e-01
-7.144063969778491341e-01,1.177494144255190722e+00
-5.329292000434626697e-01,1.137780898301591570e+00
-4.375853022906303735e+00,-3.229321696416020404e-01
-1.295972415456925209e+00,-6.309448027917768931e-02
-2.486195844337492300e+00,-4.069219946763961149e-01
-9.632255130204221416e-01,-4.754440612337593741e-01
-2.111609724049777981e+00,-9.022340797232378806e-01
-2.796461968209935645e-01,-3.861197959578144268e-02
-7.024172199387661575e-01,7.926772154060368614e-01
-1.982337864644087011e+00,-2.070826809679854885e-01
-1.097383475257026397e+00,-3.958462570599338148e-01
-1.807986625378848133e+00,4.217157262614910085e-01
-9.797404930687363400e-01,9.850166489816072346e-01
-2.464318269515122228e+00,1.264440465848280182e+00
-2.137155937533222527e+00,-6.463876908257916165e-01
1.641639699482375203e+00,1.060967867946424503e+00
-2.957822147032547200e+00,-1.668394785492459675e-01
-2.245983965260465620e+00,-2.490692184737718362e-01
-1.235180473367613718e+00,9.828672789573769109e-01
-1.760234796125128787e+00,-2.319591735616925443e-01
-3.120851475316129608e+00,-4.386611994374494117e-01
-2.560070031601657803e+00,-1.377048379520545152e-01
-1.159152028294847092e+00,2.341745576715881516e-01
-2.101880213989407498e+00,-3.877618511326427070e-02
-3.785901888396664638e+00,-4.754047808076833914e-01
-1.086219995616719114e+00,-8.835617807031744819e-01
-4.465711004724521871e-01,7.408346662548719319e-01
-9.765143856766249630e-01,8.211659975694776126e-01
-1.824719027975392205e+00,-5.892225023574191312e-01
-1.956213873143076931e+00,-3.647275891519131119e-01
-2.150807168375550749e+00,3.752813033964021439e-01
-2.472800266850889717e-01,1.983423487089414072e+00
-1.443286392610052982e+00,1.491296905035291775e+00
-1.695373305009618914e+00,-9.474262893440553723e-01
-1.824958231642035411e-01,5.565010852407762387e-01
-2.468514253457909202e+00,-8.706722761104007668e-01
-1.244297507019500593e+00,2.574167644053996229e-01
1.929799700255063755e-01,6.589640183383351779e-01
-2.998431233326727341e+00,3.099014823357922888e-01
-8.979323834801331561e-01,4.761180852713712275e-01
-6.366786012152707563e-01,9.581049373588268470e-01
-2.837173394562993778e+00,-3.293582719035725859e-01
-3.202105530093031227e-01,-4.210472232415928273e-01
-2.062385771558087999e+00,1.125808734617277596e+00
-1.642594088199903934e+00,1.235360079682783940e+00
-2.025783023965526564e+00,3.492590879356848865e-01
-1.637321239907017834e+00,-4.432309223744994586e-01
-2.067102671156130000e+00,3.575692387789696780e-01
-1.723773301665559643e+00,-9.662159474348603894e-01
-4.955931317044142137e-01,-4.231941485679408532e-01
-2.424537761385102463e+00,-6.166218455862378933e-01
-2.116715435126893308e+00,6.760376933087520746e-01
-9.277599442343005265e-01,1.160353695142236408e+00
-6.956267060912653122e-01,9.973981339861880402e-01
-1.604223432741738842e+00,-1.979703052244813910e-01
-1.471581260803848989e+00,3.852947704202671630e-01
-1.300867357450041784e+00,6.795649130850376363e-01
-1.121464055680885696e+00,-6.497862555418488784e-01
-1.627168822742938392e+00,1.955399535890336882e+00
-9.046536681372143729e-01,6.650542566087266905e-02
-2.203149362459951632e+00,-1.801641622713999746e-01
-1.994002134664952131e+00,-8.259090000215613125e-01
-2.239373433113367895e+00,-2.317689493348256552e-02
-1.039941050227221941e+00,-5.613873931761130809e-01
-1.180517657966138056e+00,1.276049183623148564e-01
-3.252728978912198698e+00,-3.977446888304234651e-01
-9.668293163381806998e-01,-6.905435907378785210e-01
-2.445062008659384389e+00,-1.277159240087549552e+00
-1.133802035980394862e+00,9.968114512480655831e-01
-2.492874562081668355e+00,1.457047088287144465e-04
-3.571585717988206010e-01,8.280070108639553395e-01
-3.874564393211327396e+00,-6.678268207966612247e-01
-2.367811663096252239e+00,-9.351605193039779218e-01
-1.368578164215717985e+00,2.809294317285341291e-01
-3.013734931557781493e+00,-7.367261989875841799e-01
-6.042630894293887778e-01,1.293557149211483459e+00
-3.791501963229110039e+00,4.401523298105353144e-01
-2.809879400954229833e+00,-2.666606322629263004e-01
-3.173131481708149515e+00,9.521415378163466947e-02
-1.758150430012849874e+00,1.041560403464592555e-01
-3.790534185485552321e-01,-1.096424024493509286e+00
-3.832357380889923615e+00,-5.303569523554714227e-01
-1.056206440509743771e+00,-3.027885113397748018e-01
-2.007007236697462282e+00,-2.602648743020093414e-01
-3.026775537699049501e+00,-1.886505004029688237e-01
-2.378045931474833452e+00,-5.706162443584188448e-01
-2.385849763827121439e+00,-5.174583451762514441e-01
-2.037374593379559062e+00,1.869185336749459025e-01
-6.580808953154828611e-01,-3.308367752643350257e-01
-3.563017871691818605e+00,-4.264136194615255060e-01
-2.099230952640907422e+00,-6.130129426163869466e-01
-1.427671596474596072e+00,-8.484912261820198864e-01
-2.267009587721073860e-01,-1.437752042454270573e-01
-1.712453812012578735e+00,5.687961721846527263e-01
-2.333107585611413626e+00,3.362353788034577184e-01
-1.386228616665143853e+00,2.399245896572047565e-01
-3.233477484470373753e+00,4.772627245171035537e-01
-2.813263362293033865e+00,9.609113827376212225e-01
-1.027319997281673114e+00,7.245142205380062927e-01
-1.929754490237630460e+00,7.717259141196126659e-01
-3.347524437846982615e-01,-8.023689238703147764e-01
-1.376387316402151617e+00,2.615077640294895200e+00
-9.000685581888061559e-01,1.019688763192666547e-02
-3.438124106869311802e+00,-9.528242867816802963e-01
-3.233392550789150555e+00,-2.492600094308837777e-01
-2.846531191050958309e+00,-3.790166777732077996e-01
-3.881838960731099686e+00,-6.967875475601140733e-01
-1.466152244967896756e+00,-2.758580799105055936e-01
-1.288154249180756494e+00,-7.907739282068180220e-01
-1.308025056847596845e+00,6.075405925553942765e-01
-4.908808987545791425e+00,8.613322279795058156e-01
-3.120901808338171435e+00,-1.256332874326092863e+00
-1.410376365404179655e+00,-5.771792277008647165e-01
-2.645452917627752587e+00,-2.791596392599997034e-01
-1.842947677423079078e+00,-7.141445106008418309e-01
-3.005673304244882438e+00,8.765260886235641813e-01
-1.860309342639726138e+00,2.331332293842385273e+00
-1.584049330326569915e+00,-1.411000763956423987e-01
-1.422980916018875330e+00,1.317355841714066556e-01
-5.037696783124253841e+00,-3.109916596586119186e-01
-5.161688590708671143e+00,6.015359539100137987e-01
-8.667073862435912268e-01,2.669188612941780780e-01
-2.139165002964613205e+00,-5.204995687276647853e-02
-2.333407505625789913e+00,-4.766813164407805448e-01
-2.962821221118860926e+00,9.345800254620123537e-02
-2.286307263774583820e+00,-2.081285872713831142e-01
-2.381403290427672292e+00,4.270852881397389778e-02
-1.827997481022958670e+00,-5.507574576906587582e-01
-3.068678164772728145e+00,4.683387231679144724e-01
-2.721967996423748648e+00,1.682294591647110371e+00
-3.970695569768304178e+00,-6.285098144691332323e-01
-3.552191102724077787e+00,-6.726542070561561948e-01
5.620168222737431662e-01,8.801575343163990928e-01
-5.293114264258452550e+00,-1.225169976961648421e+00
-4.045232061778300192e+00,-9.849510329986321810e-01
-2.841505492107368802e+00,-4.261189347203305222e-01
-1.510266252982823687e+00,-9.220443235086026035e-02
-1.404454016353946066e+00,1.198455572441164407e-01
-3.265552919196295534e+00,2.234094558169365530e-01
-2.937393595765994014e+00,5.489082599478518620e-01
-3.775107804261866207e+00,-1.653468648717534295e-01
-2.138804872815060154e+00,8.912187390176871116e-01
-1.203955911005170076e+00,-5.255782643917061847e-02
-3.180424701783215014e+00,6.433137170892728740e-01
-2.223976270465913618e+00,-2.541849895786562480e-02
-1.430500315401714184e+00,-1.165816287423468767e+00
-2.684759747596457302e+00,-7.261577796979505617e-02
-2.059507239117952082e+00,-6.482001425057298816e-02
-1.490251519845755102e+00,-9.618841041834002015e-01
-2.842230032986392541e+00,-1.425207442698744220e+00
-2.946942339838111380e+00,-1.804978297559185485e-01
-1.707799031690065972e+00,9.465148232159441566e-01
-3.673856407041874661e+00,-2.002348831714924504e+00
-1.551592565689785541e+00,2.705241253265561197e-01
-1.687343292681373175e+00,-3.573982434989512735e-01
-7.887040631788395650e-01,1.179536953192230619e+00
-1.577695813398830360e+00,1.362330401701408733e-01
-3.195650857041332227e+00,1.460389817092351716e+00
-1.558690344516107107e+00,1.241563499910187884e+00
-1.425209382610192588e+00,4.867711636056719637e-01
-2.189766275553462815e+00,1.107572452195462631e+00
-1.676592969313848824e+00,-3.716641988388023066e-01
-3.076732304389852679e+00,-4.723137402992313438e-01
4.451947216605658397e-01,5.359713611334753214e-01
-9.229423039628805725e-01,2.096328063229150052e-01
-2.624584992786204385e+00,-2.056494310308634610e+00
-5.920875279447461725e-01,2.680775570105793815e+00
-1.526008919438968991e+00,-6.266797340281533568e-01
-3.516214446626695800e+00,6.728054824791808164e-01
-2.459571641085043225e+00,8.720572123588808955e-01
-2.252259423917124082e+00,-1.182908178737807958e+00
-2.583590622792987901e+00,-1.092471475887158316e+00
-2.217128116711733821e+00,1.259008197394398509e+00
-2.070898055208294064e+00,1.469616150516938280e+00
-8.747736594567931956e-01,-7.605399907196517262e-01
-9.601816922203267879e-01,-6.940802168791899707e-01
-7.595361806514855374e-01,1.459723605059972229e+00
-2.950685339494101278e+00,6.356549460827750631e-01
-1.000255280131251201e+00,-6.738782746295948201e-01
-1.759482268789672954e+00,-8.911425500425465551e-02
-1.415936214430948636e+00,3.262043554988994232e-01
-2.989260106322951138e+00,-4.181977770168804343e-01
-1.995829898665835600e+00,2.239349260387909213e-01
-1.718794280129622098e+00,-2.256321569936855287e+00
-8.689519627907160704e-01,2.320320542711134804e-01
-1.892359288369977799e+00,5.381719744580464315e-01
-1.155542824895821719e+00,-1.372170917175107308e-01
-3.572629208673123280e+00,2.051156110686616629e-01
-2.624546595466973109e+00,5.183416134846406953e-01
-1.868599630067164785e+00,1.236009817070772565e-01
-3.375235221925430906e+00,-1.205934130261641313e+00
-9.036632403668223290e-01,8.112337739353429056e-01
-1.449286402314591271e+00,1.999701056036947699e-01
-3.546145904735721555e+00,1.788290700033812186e-01
-1.392150211052327613e+00,-2.189631941543467020e-01
-2.400480299704857323e+00,-1.514036408699553693e+00
3.357643033698427537e-01,-7.007456630982245027e-02
-8.710062956414277302e-01,6.413990828651193743e-01
-3.041914072067346986e+00,-1.415987444500509396e-01
-2.176698927458466937e-01,6.566632726932500885e-01
-1.773094401168009426e-01,1.603435498974383533e+00
-1.459595672456923232e+00,1.019813701098782444e+00
-4.898567616862287366e+00,-6.805066194625694065e-01
-1.476387807699765631e+00,8.981455669767880456e-01
-1.392416154502685854e+00,3.341870360801140194e-01
-4.764259156851100130e+00,-5.403538066503102977e-01
-3.015513798146650437e+00,-1.629631753931176652e-01
-2.340293526834376081e-01,-9.783099914648469841e-01
-2.571923518718616020e+00,-1.308888878581710713e-01
-2.534394645342265218e+00,-9.413942257995234764e-01
-3.611063990697343407e+00,-8.073275181471856188e-02
-2.169019501245296411e+00,-7.843031105567941363e-01
-1.605762140380190939e+00,1.130238200278788768e-01
-1.361159091114510611e+00,-4.171804026730273063e-01
-4.575653683630558355e+00,-1.290480782554366268e+00
-1.637558654070422115e+00,-7.734236869619841581e-01
-9.958455604509059977e-01,7.042536299416862766e-01
-1.039799504732134228e+00,1.322899202519868256e+00
-4.375552574605028333e-01,1.153279608312624660e+00
-1.613840553253595766e+00,-2.369057267145224244e-01
-1.590182958652794465e+00,1.544748497557227207e+00
-1.665824436903402317e+00,-7.998339165625499847e-01
-2.125145089089144346e+00,-1.057023033211754948e+00
-2.092451259179809231e+00,6.190546512714702188e-02
-1.781371385812172470e+00,1.721869628180354717e+00
-2.056048221210278193e+00,1.521762384815803726e+00
-1.632804353006153786e+00,-5.698880009622573350e-01
-1.351088539271064093e+00,2.588800066027099334e-01
-3.029115997418874606e+00,-1.250401307069811230e+00
-3.766474820303322701e+00,-1.472135563959458437e+00
7.240910532353872497e-03,-6.647432628141602962e-03
-5.050257804698630171e-01,-2.988555145060555751e-01
-3.662823100606755311e+00,-7.526533447081293904e-01
-1.374271027955964453e-01,3.661954160938398761e-01
-1.195355199792712098e+00,8.863610317927961280e-01
-2.059805267431119802e+00,-3.102608879260472796e-01
-3.322489997362376712e+00,3.367808642326458046e-01
-2.535497682385018603e+00,8.222672045690069265e-01
-2.310899596335646233e+00,-5.286208367884100978e-01
-3.083056855290103648e+00,5.729075925077580234e-01
-2.985685219880047647e+00,1.307668195796616972e+00
-1.460383479314827371e+00,6.147242725770527549e-01
-2.138049851701588455e+00,-2.412003338726828039e-01
-1.608785341710761596e+00,1.322838566626290957e+00
-2.261562205367745992e+00,4.984803320128422532e-01
-2.409145317248275298e+00,5.551361146643217781e-01
-1.639016532547701965e+00,8.601872160625129160e-01
-1.457415229068256934e+00,-1.142569464256519840e+00
-2.713392866549414251e+00,-1.914385342458356121e+00
-2.957823418975329410e+00,-1.749495310471554710e+00
-3.485557550540348437e+00,6.950945738593048429e-01
-1.895935657710295486e+00,-1.818226875918100172e+00
-2.242516377947595618e+00,1.328359913568368134e+00
-3.847168287983537383e+00,-2.246158166470754836e+00
-2.670672753255852516e+00,4.511673212016094059e-01
-2.027292260431669213e+00,8.525707969435628031e-02
-1.624927238556554521e+00,-3.327332117248321675e-01
-1.875458808651485620e+00,1.544237979505728831e+00
-2.012647249787294701e+00,1.020102264516391743e+00
-3.095746441421653117e+00,-8.344600476013930290e-02
-3.120604924967032900e+00,4.311238985102053833e-01
-2.928962178458409227e+00,6.559751206448721783e-01
-1.638417692807169646e+00,7.928794249303890984e-01
-1.485611284749544625e+00,1.108817970050070434e+00
-4.010301086200401599e+00,-1.754014363870340265e+00
-1.456147248410348816e+00,1.289814723906861915e-01
4.304618989066781864e-01,1.490040251026015561e+00
-1.118118916881597258e+00,4.932190851856848024e-01
-2.757210507912910558e+00,-3.957487269329159618e-01
-2.558242810703734715e+00,3.654358957092526672e-02
-2.225610442766821961e+00,6.307271377893809428e-01
-1.766256678499545707e+00,8.761257817435459394e-01
-1.384445969717632341e+00,-1.181968267556072760e-01
-2.816271641888976607e-01,1.322289625667690594e+00
-3.581813532379294784e+00,-2.009941350318614539e+00
-2.998466340301060740e+00,1.074484584035276136e+00
-2.578800688099193827e+00,1.296605416038604242e+00
-4.182375501312023403e-01,8.387762481350957700e-01
-1.296290467416765679e+00,1.628535599179030957e-01
-2.757539387669047937e+00,9.881330940193088219e-01
-2.517999747748010719e+00,6.743908910283911151e-01
-1.237765861138265588e+00,-7.930747633067184443e-01
-3.353808585269997700e+00,-1.382626260754127034e-01
-2.365084500379535548e+00,3.076640122090600060e-02
-2.342528491860834006e+00,2.420343742797670950e-01
-3.740224202857302505e+00,-1.416681840943921911e+00
-1.497098800592750578e+00,3.419565933408331704e-01
-1.159616412384432138e+00,1.533759853217723679e+00
-1.089782563854531761e+00,2.806747382182838702e-01
-2.390447119927431086e+00,8.402437739151019658e-01
-1.780223185836860011e+00,-6.791285362275371051e-01
-3.792341404339700350e+00,-6.719863776991930049e-01
-2.534839020514848773e+00,7.751448554146278536e-02
-2.709921871479597844e+00,-2.574116077554913229e+00
-3.244323539896323272e-01,1.483454100286991206e+00
-1.893303969815872900e+00,-2.256496082372178719e-02
-3.098772531862412194e+00,-3.590704664741115604e-01
1.479921947528330506e+00,-1.976635229975995944e-01
-5.277189827176922421e-01,9.258806283615386157e-01
-4.634584676742214526e+00,1.444433195342292864e-01
-1.309164328537590904e+00,-1.029159655589114264e+00
-2.027448977482760650e+00,4.008787609788532769e-01
-1.710873585629167692e+00,-6.369158784286073072e-01
-3.552958784652741731e+00,-7.913551052819354226e-01
-3.751636667889401533e+00,3.999114611910786765e-01
-9.387220975308092630e-01,3.603470447621109907e-01
-2.906056928244637128e+00,9.590407042472232080e-02
-4.578093500952631345e+00,-8.740847427915895418e-01
-1.848636149677858942e+00,-1.694099990283174151e+00
-3.484682366993089531e+00,-6.671493334180471635e-01
-1.576299862178016653e-01,4.563309796363433923e-01
-2.238217916441045396e+00,4.690870694430773064e-02
-2.157959548805383321e+00,8.952597747465111944e-01
-2.448040037674997560e+00,2.472317357011878658e-02
-2.656730689244711563e+00,-1.982522128172740761e+00
-7.729474604674335669e-01,5.309164387165082877e-01
-1.265203017723673717e+00,-3.631399272000420675e-01
-4.979437681747995725e-01,1.163650041907741350e+00
-1.308973968007845379e+00,1.699993146357399176e-01
-2.677870832596727979e+00,5.128318368675414129e-01
-1.147103631548737734e+00,2.213276529716622587e+00
-2.124800671633344962e+00,2.022263810564653153e-01
-2.780338018122734400e+00,1.385943827248302451e+00
-2.074370796967056840e+00,1.086741931593865687e-02
-2.321220579216713986e-01,1.412224641138652759e+00
-3.430959157185031749e+00,-4.037121487058261682e-01
-1.410858790050486533e+00,8.889401693542239302e-01
-2.252558356693122654e+00,-4.881285656512533988e-01
-9.464546991401134868e-02,8.191426362813540862e-01
-2.327700658350801532e+00,-5.524576413969212174e-01
-1.634910541040359711e-01,-1.108235155215126166e+00
-8.553302587690481129e-01,-1.546588261780224016e-01
-2.042524658247474978e+00,-1.347012402077101045e+00
-1.296785894946649087e+00,-6.739711660239593449e-01
-2.552294787114400165e+00,4.948340857247986446e-01
-3.133354177997124346e+00,-7.644364477433612803e-01
-1.498031237396913351e+00,2.345889621268520131e-01
-1.024756993338260536e+00,5.420534261337145443e-02
-2.608118293292853274e+00,4.049291339264885492e-01
-2.066622148378426171e+00,5.953917047819705655e-01
-1.503025102962053827e+00,-4.600030265683304198e-01
-1.683928462732745324e+00,1.401299941140247807e+00
-1.736859414221011200e+00,-2.004000178035197699e+00
-1.983192112470058444e+00,-2.940508413015516243e-01
-8.657412744260188919e-01,1.106897512911257930e+00
-3.400277871626478543e+00,-9.613423216344664235e-01
-1.452060394068358296e+00,1.025185104245627032e+00
-2.163651963736600958e+00,-5.434332916360559151e-01
-3.460835189957953695e-01,9.287534485101989201e-01
-2.671659612055381938e+00,-2.383457351382569644e-01
-1.474775208541416305e+00,-2.064585364967269909e-01
-1.326878998829146283e-01,-1.194072127028916741e-01
-1.978216792777024446e+00,1.104715947304264062e-02
-1.007444012201203387e+00,-1.048747936285862270e+00
-3.101380399321465475e+00,-7.817395096321813064e-01
7.236416018568725406e-03,1.419939780546501940e-01
-3.900756186565510930e+00,-1.045565271209191627e+00
-3.107424992083124948e+00,-7.964142852270097439e-01
-2.182464727274294969e+00,9.538258859478814244e-01
-3.138901478214460194e+00,-1.389463151641705529e+00
-2.716326566418782562e+00,3.951239404924258847e-02
-1.706136566331009963e+00,8.151178042922798683e-01
-6.489911020083902748e-01,1.057515091487675640e+00
-5.847757573376421991e-01,1.719074152556796076e+00
-2.714941751193295616e+00,-5.285707348561379249e-01
-1.341930690570542595e+00,-7.205266379025979662e-01
-1.363062304101189559e+00,1.179495249441069732e-01
-2.447407695609949307e+00,-5.017143586191014082e-03
-1.589674095098748241e+00,7.762868218697193123e-01
-2.906063778364124328e+00,-1.457040898039941412e+00
-2.464629846677959257e+00,-2.697796675495108820e-01
-2.746692425441428664e+00,8.633937867788047393e-01
-3.305338628958299108e+00,1.297425083034155602e+00
-9.463637617214455400e-01,8.480893800865108023e-01
-1.577747437728599822e+00,7.456494877686459244e-01
2.090919191208406858e-02,7.917975325181565438e-01
-1.435927249081769830e+00,5.805216337475913591e-01
-1.862929919204183937e+00,-9.210202954841379963e-01
-3.506846026721540888e+00,1.127390779108546903e+00
-1.227923178964093864e+00,-1.089834000838275418e+00
-2.968824705431239330e+00,-1.288752147384432667e-01
-2.093297817214738732e-01,-1.101825226828810345e-01
-2.346212000437516210e+00,4.137754937629384289e-01
-2.072571158425703164e+00,-4.582493062166776432e-01
-9.574713416680991074e-01,1.444506716740225238e+00
-1.693647194365144548e+00,2.102289758015317422e-01
-2.100324676382701483e+00,3.522560972437768778e-01
-1.219808410705716994e+00,-1.914966006240171048e-01
-1.055179750104493497e+00,-1.124982282911883402e+00
-2.474524421993844925e+00,-1.123168236376589135e+00
1.303784411991972370e+00,4.732058261840583757e-01
-2.754650280630650538e+00,3.122487786055611059e-01
-7.356370715956448425e-01,-2.582399942198903564e-01
-3.586532509711111594e+00,-1.217893909576052591e+00
-2.197877664073273341e+00,-5.929755225693518206e-01
-1.680765695053874964e+00,-7.660094429455287512e-01
-1.157435961012567738e+00,1.587605976924699736e-03
-1.164048493331711676e+00,-2.691645693945330375e-01
-3.366353713758356569e+00,-1.324335940227157504e+00
-5.068305144896440240e+00,-1.005797343429184698e+00
-3.379242344849100910e+00,-3.814502543153545089e-01
-1.231097116959240623e+00,2.442978855684444228e-01
-2.957225732724472866e+00,3.646524061794853555e-01
-3.100399526529872496e+00,2.789449668100518753e-03
-2.157473000341880720e-01,-8.248605466087746141e-01
-3.868445782107529762e+00,-8.598061469116287103e-01
-2.595461222074711305e+00,-4.067795783792611530e-01
-1.330593896684443944e+00,-1.643634629896469912e-01
-1.774986808494702473e+00,-1.559198662989863537e+00
-2.207371684699523051e+00,9.688614276606688502e-01
-1.536851001251082760e+00,-1.239180298303316885e+00
-1.471992217732897235e+00,1.204084031094852403e+00
-2.542614861629769685e+00,-1.248452938774803345e+00
-1.588413873605258653e+00,-7.390244490416566503e-01
-2.996624970599878424e+00,-2.444583634529048921e-02
-2.285109435316976523e+00,2.211855938910797792e-01
-3.253752391316103054e+00,-1.860162191564318501e+00
-2.279708327809105040e+00,5.516257073410631984e-01
-1.808801788019685386e+00,9.452804351801027960e-03
-1.308340644363424232e+00,9.570450460428306383e-02
-2.464918399428239315e+00,3.391589457339141411e-01
-1.626606335717756924e+00,-5.365305912257232190e-01
-2.371637164827778754e+00,-2.400287322157884873e+00
-1.376441751633479704e+00,-2.464789862341939253e-01
-1.647797405892137412e+00,-2.929685210329338596e-02
-2.836381420814218401e+00,1.401096817044046872e-01
-1.570989503133159548e+00,1.355295677000022403e+00
-2.417546713975128103e+00,-1.389872257607949857e+00
-4.350277235736307979e+00,-9.880202624650649135e-01
-3.968409597310791348e-01,4.878760179016978782e-01
-1.991037883826540122e+00,-7.524901169035311810e-01
1.776619196971456205e-01,6.231645073654624722e-01
-1.945738412380824345e+00,1.318674656523084021e+00
-1.998211705770656987e+00,-3.953825288319438580e-01
-2.517995918867780514e+00,-1.981645398565293759e-01
-1.708444582989966154e+00,-8.205080734222772176e-02
-3.338286935347154039e+00,-6.719526208855829408e-01
-4.595183482861211033e+00,-6.984730569592485505e-01
-2.407713759492984718e+00,3.020493155357245052e-01
-1.843429384926903225e+00,-2.305696709961269908e-01
-2.658833142114526371e+00,4.453336585629451561e-01
-7.086611801423410295e-01,1.841078073338426657e+00
-1.557573680945490979e+00,-9.180626133016669410e-01
-1.572079602954438382e+00,1.144001690680196859e+00
-2.894756543704699592e+00,-5.891432119348454233e-01
-3.916062649238011950e+00,9.248668902461192332e-01
-1.307713454713117951e+00,6.285569996686883876e-01
-1.161453274842486838e+00,5.297821481346920436e-01
-2.023892254878613350e+00,2.156023501106303641e-01
-9.258976593876366845e-01,4.776356474853902245e-01
-1.935593792050122275e+00,5.582404591230243351e-01
-2.823123042949936767e+00,5.047830045102501551e-01
-2.374643238853849425e+00,5.387647583533512474e-01
-3.844129428514337921e-01,3.678256975558584219e-01
-2.304121879603156842e+00,1.839085749711374840e+00
-1.900454241036125591e+00,2.317843994410867525e-01
-1.578014454548991807e+00,1.072760351976934867e+00
-2.433571646378917208e+00,-2.975279177344397619e-01
-5.747195846227295402e-01,8.086555171331855085e-01
-1.828230549183124554e+00,4.664560864489469272e-01
-2.718251633878496332e+00,5.103807742609510756e-01
-3.813405967441803046e-01,1.250292170850489937e+00
-2.906753121907685866e+00,1.207917751223637648e+00
-1.056681594819387282e+00,1.780233641319252769e+00
-1.969575382761315163e+00,-7.940752924390155343e-01
-1.778014430068357576e-01,1.190976983307319825e+00
-2.644403089995603917e+00,1.026526228042653255e+00
-4.410022043155443328e+00,-8.385272582916113437e-01
-2.698237787350690198e+00,-6.435558949211610535e-01
-2.725116609941983015e+00,-6.863806171381935384e-01
-1.636340098652788733e+00,1.080266344193692385e+00
-2.551061984823772999e+00,-1.079139835330934494e-01
-2.459761453344952997e+00,-5.276839593509532467e-01
-1.542427740684976456e+00,3.329377826196524559e-01
-2.985144472722975006e+00,-5.462524082677878701e-01
-1.583066140079834927e+00,5.561656300019973687e-01
-3.134499076084344971e+00,-8.178275851021523657e-01
-4.369476534572337201e+00,-1.433190791786082663e+00
-1.689769506462050153e+00,-6.558137133078324466e-01
-2.256015605788451506e+00,-4.363348813087252615e-02
-3.278169217603934094e+00,-5.874877561165802176e-01
-1.285503787095257699e+00,1.545547496985235414e+00
-2.993423346882097213e+00,-6.499884661000389086e-01
-8.944368255989452177e-01,-1.495733158228675252e+00
3.248559160278476909e-01,-2.351156805549471374e-01
-2.180910581288757477e-01,-3.143680628908557262e-01
-1.081532187997189531e+00,-4.659624495916042664e-02
-1.411446099176646651e+00,-2.150435004653927784e-02
7.329556765252145389e-01,8.214752734501871156e-01
-2.371573654349217630e+00,-1.888044573866449083e+00
-3.711273380258121257e+00,8.132396715093801465e-01
-2.580453567820322203e+00,8.554439295935846177e-01
-1.418331812338415876e+00,6.163647769871785087e-01
-1.263389261492808835e+00,1.012531928779140777e+00
-8.019026523234553672e-01,1.545679782277645131e+00
-4.243247940376795313e+00,-5.978715605854287851e-01
-3.919997407676971690e+00,-2.910818753949632187e-01
-1.816472687731742974e+00,-3.438027613013232009e-01
-4.003504316944489716e+00,-4.621706361237478689e-01
-1.306803674172792640e+00,8.407577483557658882e-01
-1.789273848400162015e+00,-8.088443194275850567e-01
-2.517618028599938551e+00,1.001135287558241327e+00
-1.146720547607909424e+00,-7.191554188747958376e-01
-1.683591218356160324e+00,-5.077250451894156358e-01
-4.746486991248001885e+00,-1.101674844799660491e-02
-4.185579442114508275e+00,1.112986706966149875e+00
-3.511810386209161194e+00,1.667736327881720881e-01
-1.544732832304838377e+00,1.132072014014689820e+00
-3.111338493109455428e+00,-7.862693456438043516e-01
-1.344806446463628902e+00,-1.195586722768097854e+00
-2.157868526928142128e+00,-5.048509374360193869e-01
-2.221331906139131895e+00,-8.535610636238852855e-01
-3.499145933888049065e+00,8.734704308539937845e-01
-2.395314306289026529e+00,8.750204713839594417e-01
-2.224638776531765227e+00,1.165381604836251417e-01
-2.253386974653023067e+00,-9.871488168254856088e-01
-1.087146842036879946e+00,3.138403287421317467e-01
-2.455063066300182673e+00,-6.996601200807275323e-01
-2.173669810159545523e+00,-1.097647936595532947e+00
-2.554692437344606049e+00,-1.812586543476015999e+00
-2.878236803422143275e+00,-6.848446997192678687e-01
-3.448183744925483296e+00,-1.781206671719104850e+00
-1.476437256334043990e+00,5.406851779704698879e-01
-3.396086075451980157e+00,4.028314018066448399e-01
-2.972564484262282924e+00,8.654070793407679929e-01
-1.697694815505372379e+00,6.029893082998473153e-01
-1.387285726892418136e+00,1.874161187952846919e-01
-1.229361369257035763e+00,-2.260289090848952021e-01
-1.991648046009195427e+00,1.483703367088390568e+00
-1.840823432425908734e+00,3.387499559226763712e-01
-2.564789560392044088e+00,-1.156735769019832105e+00
-2.122337585842281271e+00,-7.931850159240296794e-01
-2.153443637471870620e+00,4.760656966786508959e-01
-1.608994122498656143e+00,2.446161410542669612e-01
-1.638281343261225764e+00,-3.032135788390942777e-01
-5.590215514983059020e-01,2.336369018811166764e+00
-2.960125744649389379e+00,-2.339058974635175758e+00
-6.465866832864340275e+00,-1.842062774550135451e+00
-1.638917065295635300e+00,-1.400542628441377557e+00
-2.091456584629480808e+00,-4.504819883061475516e-01
-3.942922324080401886e+00,-4.292272166724209748e-01
-3.930914099683613383e-01,2.616629396126368134e-01
-2.864638687240559367e+00,5.492037711040522741e-01
-2.415909059976332429e+00,-6.669741991144108040e-01
-8.683703770452146919e-01,1.459419270729864326e+00
-1.723907461437367505e+00,9.888205500434931183e-01
-3.920271932455528408e+00,8.978029150575610462e-01
-3.240947395143839671e+00,6.659119508475391802e-01
-3.100334633090128023e+00,2.218208239431634921e-01
1.394060304346922408e-01,5.438827322735778624e-01
-3.117831462727364666e+00,6.021496880045400513e-01
-3.758909559908817588e+00,3.399143623358996669e-01
-3.712203845323078344e+00,-1.240995447303592680e+00
3.760762970759836676e-01,-7.393187904056119919e-02
-2.541985857379118308e+00,-6.141764379475844748e-01
2.534676912218296607e-01,-8.371001059156646384e-01
-1.369751531851830073e+00,-1.203215730749402690e+00
-4.077128320301317999e+00,-1.632758229611532386e+00
-3.664691201897895656e+00,8.713481434552916571e-03
-3.310083451173625679e+00,-1.473386952177307307e+00
-3.626493601777964759e-01,1.560223828451966721e+00
-2.813878695991125056e+00,-4.397183256613870217e-01
-3.568090583459556431e+00,-1.941467307357498395e-01
-1.655728777596968015e+00,-3.155070630473958970e-01
-1.059943114133028441e+00,2.093944261793920236e-01
-2.892373745477335056e+00,-6.255265182694871307e-01
-9.382537333574687555e-01,1.370657673580551350e+00
-1.582174286575526168e-01,-5.215049554159862932e-01
-2.197123731947866254e+00,2.504459010886018744e-01
-1.222800331111818295e+00,7.696132591462873096e-02
-2.194577829346513909e+00,3.110678106039643231e-01
-1.923924821914292815e+00,-1.348733530713610573e+00
-1.938449432636937031e+00,1.951477117601431610e+00
-2.465025063601474109e+00,-6.474989804431041662e-01
-1.509122499290828756e+00,-3.271914709304228897e-01
-1.289985005834237697e+00,-8.529637802834020288e-01
-2.372904106019989356e+00,-3.670573983554111797e-01
-5.564306629371689183e+00,-9.375198668092961096e-01
-2.386208322547624050e+00,1.063075111768184283e-01
-1.135879823758080498e+00,6.027615460870034969e-01
-4.183409703232852550e+00,9.921283342462747790e-01
-8.806333761613591715e-01,1.705869915696350825e-02
-2.547593124829725664e+00,2.441168117033395979e-02
-2.809287440924027379e+00,-2.945458815476675873e-01
-3.057701715610448012e-01,-3.362518556917604151e-01
-2.021012536810593563e+00,3.418067784149697586e-01
-1.955146066379227054e+00,1.643588712299830279e+00
-1.427872727830098665e+00,2.527656371335406327e+00
-3.370229328337924102e+00,2.366780865309318638e-01
-1.586494708063449499e+00,2.671821936503626649e-01
-1.009215500280207234e+00,-1.140043763153733458e+00
-2.328917183650083267e+00,-8.162424261633862699e-01
-2.846604508986538384e+00,-4.848562745301687182e-01
9.893503181714473627e-01,5.179775995147416490e-01
-1.763452606958593183e+00,-2.450820646999447849e-01
-1.947400426425672570e+00,2.778253822679815355e-01
-3.201100522714805940e+00,1.281207949403994739e+00
-4.081585776474557115e+00,-2.861536581132566592e-01
-2.229982706238672119e+00,-1.005135349759795238e+00
-3.065317528595340235e+00,1.004618009984139082e+00
-1.523827330247213174e+00,2.454489657281641868e-01
-1.454414814863130179e+00,2.904048145678010950e-01
-3.190199534405036452e+00,-1.340434010923845509e-01
-3.083107930662859708e+00,8.416748891885299511e-01
-3.054260835310964595e-01,1.597624833720424187e+00
-5.008889435820468528e+00,-3.396952909785762920e+00
-1.453514124326479973e+00,9.774866738036519509e-01
-2.967521206564700975e+00,-5.033358969681580586e-01
-3.474722434670034499e-01,-3.109539863614498301e-01
-3.210120459644581814e+00,-1.659668984477457920e+00
-1.875931753174286953e+00,1.031685241575833301e+00
-2.480644505353360785e+00,2.279617165384189903e+00
-4.949065068645153609e+00,8.644443425451626695e-01
-2.854839634848647112e-01,-2.650914989245478082e-01
-2.393663294865828739e+00,-3.870804469887109689e-01
-2.496605010422227711e+00,2.511440032913827558e-01
-3.177944409521153535e+00,-4.833924082834077929e-01
-2.589335478724641870e+00,3.714786561758801620e-01
-2.425281650315722182e+00,-1.303477448789963411e+00
-6.169380091363654284e-01,5.914482215166889656e-01
-1.611337094065186992e+00,2.184104406258244313e-01
-1.048239985879654057e+00,1.326201988803457299e+00
1.143943753345508796e-01,1.289072899420859120e+00
-3.117945413579644942e+00,1.804121104852884683e+00
-2.081163435501129033e+00,-1.010613247695162954e-02
-2.546518430260409360e+00,-6.014459610880205087e-01
-1.984264745446192579e+00,-1.419634634138803794e-02
-1.775553292968608199e+00,-1.417378910440136419e+00
-8.197134330268855962e-01,-8.349471614643353412e-01
-3.136917743277636283e+00,7.868128486984782288e-01
-1.692504300324957800e+00,7.249501860117232854e-02
-2.316255189537705483e+00,-8.525590149406704343e-01
-1.922027487453791039e+00,-1.025780145884961581e+00
-1.071106394387598915e+00,5.984429006058992195e-01
-5.760643456830010223e-01,3.216958242627123710e-01
-4.169566477234114998e+00,-5.017677295975002671e-01
-2.097527429493226681e+00,5.658652432298650892e-01
-2.774918191443620508e+00,-5.152427496895051195e-01
-2.957933339856064769e+00,-3.130025318530632594e-01
-2.659782148025568116e+00,2.875677525912603283e-01
-1.214907053783985669e+00,3.701064400569860080e-01
-1.555743466795184382e+00,1.951376688593718101e-01
-2.379970077716829557e+00,-6.844873450114512536e-01
-1.698736462932776137e+00,2.029625857499750552e-01
2.828906427198534246e-01,-1.739753202519624953e-01
1.739283661711539253e-01,3.468490218693035532e-01
5.851077001020987822e-02,1.840441577915217786e-01
-2.171459659033864398e+00,-7.064430990566108459e-01
-2.932605585909605850e+00,5.651205137683650293e-01
-4.431375502019323065e+00,-1.534599847002025896e+00
-3.762568776911563884e+00,-6.600260886859545817e-01
-3.381685784175490372e+00,-9.247177377054932590e-01
-3.871494456344051205e-01,3.969689271543634379e-01
-2.310774334760512083e+00,-1.127810653181854361e+00
-1.276712345870475440e+00,6.292088442547416616e-04
-1.811537048096962588e+00,-8.992475444176856181e-01
-3.656755247159114042e+00,-3.275940411321186518e-01
-1.907203371719190299e+00,-1.175675886721166075e+00
-3.465439972193165019e+00,-4.460517873302401459e-01
-1.670407377848730057e+00,1.939172895206817016e+00
-1.052787897704623887e+00,-4.821337642078121766e-01
-1.914524718253916680e+00,-8.138856381305489829e-02
-1.437574592534977436e+00,5.221288218918753721e-01
-3.330883581824638284e+00,-1.580752797675716526e+00
-6.508272620440729295e-01,1.738938690005963073e-01
-1.471303247219341248e+00,-4.147381041759405917e-01
-2.280562746557233567e+00,-1.350522050281903974e+00
-2.755219261680909248e+00,-3.409079288509305750e-01
-3.621786883598853812e+00,-1.195258086642677076e-01
-2.367816069606358820e+00,-1.378051777177478343e-01
-1.405854610753336065e+00,-3.339375322699049686e-01
-2.162222768167039622e+00,-2.435540823143998723e-01
-3.184118263335411481e-01,-3.448934348821269258e-01
-1.748626808604501148e+00,-2.565655620289072902e-02
-3.073059249214757926e+00,-7.103101516402903215e-01
-2.606457221364538501e+00,-1.032868632558077371e+00
-7.229531283775842976e-01,1.471121837813069488e+00
-5.590497375316103579e-01,-4.013675671449412619e-01
-2.391077374604782868e+00,4.058352217826180497e-01
-3.626611794220900187e+00,-7.773747479829247187e-01
-1.419360749405846445e+00,2.833039149593703510e-01
-2.866423772143165571e+00,-1.353108621059424532e+00
-3.076810868174091773e+00,-2.830878070823679149e-01
-2.006450367718248362e+00,-1.028456580535040299e+00
1.592363154203849884e+00,-4.185064401553106883e-02
-4.944997329482467840e-01,6.880675583747051238e-01
-2.013338673669381684e+00,-4.634290104697408874e-01
-1.895785366578687459e+00,-6.121050123566339485e-01
-3.990249520690395180e+00,1.348031847265630745e+00
-5.199254169172673912e+00,5.674627178384545889e-01
-2.138995411028224325e+00,-1.412442467144224612e+00
-2.769605037931760272e+00,-4.533009407405589331e-01
-1.472957237743355297e+00,-2.548148196446986535e-01
-3.542360291860844335e+00,-1.781065441710590891e-01
-1.839739704952108701e+00,-4.569065663632050356e-01
-2.523102211744904899e+00,-6.783041884663760790e-01
-1.585929001849348596e+00,-1.443118979210033515e-01
-2.026660660074641740e+00,5.320036756376321785e-01
-9.526544567645425232e-01,1.306177781679280780e+00
-2.064513042870140147e+00,1.103528566714725656e+00
-1.314779934040909204e+00,1.329787158160217198e-01
-6.971202360964907641e-01,1.103389950092034999e+00
-3.093543707800145981e+00,-1.317333422748264704e-01
9.995227788534188917e-02,-1.362557562593497362e+00
-9.206635674556933324e-01,2.056006555368645294e+00
-1.602885486494657341e+00,6.863709597707058352e-01
-3.347168910562864586e+00,-1.148909812453897672e+00
-5.625940962966973213e-01,1.276382598767449583e-01
-1.900330955057800697e+00,-3.692879813830169944e-01
-1.732876672741707313e+00,7.991980998969225869e-01
-4.083485377369589386e+00,-8.885923349261358739e-01
-3.209186219373128424e+00,6.736452091894384875e-01
-4.965958590357595348e-01,7.064300898850101040e-02
-1.972244631369543644e+00,1.349932441093834035e+00
-1.495556278171870090e-01,3.452497782714282204e-01
-2.315147398092348485e+00,-1.528901836676322512e+00
-2.887692194228163700e+00,-9.766769779091610815e-01
-1.234932090023726836e+00,-4.946197176161883924e-01
-2.373531834735552071e+00,-8.232188922173289125e-01
-2.305246509573021463e+00,1.114853902529529872e+00
-1.233712263187506153e+00,5.109118926533615657e-01
-5.059740485543247068e-01,4.935688556869112231e-01
-1.420542321657090490e+00,1.760657510071188314e+00
-2.333875207767270421e+00,-1.844373469180705438e+00
-2.481326363599063889e+00,1.178085402325458886e-01
-2.421095411711502887e+00,1.484397845793667126e-01
-4.016596569879294698e+00,-5.439201500334551742e-01
-1.715961333670414257e+00,1.581413708154240927e-01
-1.498336115689075321e+00,-2.527352215494534926e-01
-1.658574187825291535e+00,1.167258275989626837e+00
-1.398048566527494430e+00,-8.381311731986704761e-01
-2.939315048574307365e+00,1.677949900957947937e-02
-4.417081638730603999e+00,-8.889236639635094139e-01
-2.366765189678499581e+00,1.242066131843359983e-01
-2.774345058539626763e+00,-1.121894090550691336e+00
-2.497607785668051861e+00,7.042767104042423343e-01
-2.420874144109877779e+00,-1.113041000039308948e+00
-2.818450635440532093e+00,1.179246109368447426e+00
-1.515802298403685189e+00,-1.374755676141510841e-01
-2.398904633540110964e-02,-5.523746376381614143e-01
-2.846868171192456831e+00,-5.483373199978044399e-01
-2.037171402171530143e+00,-7.605662971605053890e-02
-1.120101456213537627e+00,1.819649624603776994e+00
-1.226798380086886908e+00,9.864875870698599503e-01
-5.521821468182865900e-01,-6.557394979591975037e-01
-2.237843650455471511e+00,-2.054324200497321118e-01
-1.251749329139561162e+00,-5.004929611891304475e-01
-2.605139299325248903e+00,-1.340663922374730754e+00
-2.512163133838499984e+00,8.145520767499863091e-01
-3.190885917202575861e+00,-1.080290782065122412e+00
-2.771262431879983446e+00,-1.280494671304845955e-01
-4.560322017461723831e+00,4.276010250047301842e-02
-2.895687289287598887e+00,4.169412421806306113e-01
-1.129523793364354045e+00,2.127072527279137315e+00
-3.012764439987670073e+00,-5.476703485749785383e-01
-3.236055361261195529e+00,-1.135943446038047422e-01
-3.163878327328225826e+00,7.077935081587327648e-02
-2.192907694722824097e+00,-3.858790374292563330e-01
-3.579805699481014791e+00,-1.317862703905837485e+00
-3.048154496869316610e+00,-8.432554668931180331e-01
-2.840890460139516627e+00,9.023640913696604482e-01
-1.161808157296315258e+00,1.697386912163399764e+00
-1.149211986440937583e+00,4.533001292565954632e-01
-2.004091956186653700e+00,5.210041984087150357e-01
-1.611977278435716254e+00,-9.940753790008677315e-01
-1.003687014700070490e+00,1.094214101469323186e+00
-4.179106821091969071e-01,8.706781742232019283e-01
-2.212076559680780985e+00,-1.597780928302948933e+00
-5.717224070257708846e+00,-1.306709863161842344e-01
-2.926962273032509998e+00,6.266889055982931556e-01
-4.139161569050482825e+00,1.960356947574425357e-01
-4.258987814716628240e-01,4.262204991292472545e-01
-1.792147833834836224e+00,-3.884387688716053333e-01
-6.587016142595054635e-01,1.144493092710712645e+00
-2.378545730985076379e+00,1.238872256934713034e+00
-2.265835465885099875e+00,-6.490473577836117225e-02
-1.565520054516279513e+00,8.634964712363845107e-01
-1.484213054518149555e+00,-5.252269601380050723e-01
-1.242755397870825895e+00,4.057452707547477555e-01
-2.360565212446412264e+00,7.929041686503351949e-01
-2.708166320023846829e+00,-1.878527658542832768e+00
-3.670094029156494742e+00,-5.712987439897490027e-01
-1.835229509365425615e+00,7.963975193280681264e-01
-1.319825184948915542e+00,-5.386648867397358931e-02
-4.162810644433237783e+00,1.400498794081913356e+00
-1.206457491699826523e+00,-1.945103468816980818e+00
-2.579342362418468149e+00,1.049565099886415442e+00
-2.939118881772459169e+00,4.205365741048167627e-01
-1.378992415546044015e+00,-2.180893606669948692e+00
-2.134238524779839441e+00,2.988446098578450005e-01
-9.919903204824114251e-01,2.587200762822725042e-01
-1.452946918231393880e+00,-2.096766521591375554e-01
-2.502492999754660996e+00,-1.171307972089700999e-01
-2.529338366753958844e+00,8.601995215151738705e-01
-1.131532798353228397e+00,7.755336561355422598e-01
-2.654961185292129322e+00,6.253145799904696878e-01
-1.385383930137217501e+00,-1.852347311416799425e+00
-9.123729406479128556e-01,8.026134837304708114e-01
-3.012611427545220266e+00,-5.785756134865926992e-01
-2.855979034992310872e+00,-2.956106026001494858e-01
-4.018760474427464757e+00,-6.537171239164665248e-01
-3.945018775024297319e+00,-1.912167320092005518e+00
-2.801253557961445928e+00,-1.492467885439840103e+00
-1.105223956816378417e+00,-1.454830509636130920e+00
-5.606948583579758338e-01,-1.030459109493968128e+00
-2.644244733838790218e+00,4.930787521149551655e-02
-1.411207730353948087e+00,-2.077143491954780430e+00
-2.504107010232630159e+00,-1.059775539804513667e+00
-3.600273321645774516e+00,-6.035347849528313047e-01
-1.896341102454482286e+00,-1.187320059366215652e+00
-2.674660091979906618e+00,-3.142287627390827343e-03
-4.088996184354236618e-01,-1.131799732818043136e+00
-2.525833144589793910e+00,7.477952176371617243e-01
-3.273736650847616225e+00,-5.715573135765705803e-01
-3.415876062349675557e+00,2.598444110517930672e-01
-2.418252952980872283e+00,-1.215444843745465686e+00
-2.070595094567327266e+00,-2.543276880595675693e-01
-7.590528168049399671e-01,2.630356081717660777e-01
-8.691587761005425961e-01,1.980907915397717822e+00
-4.863921369868100530e-01,-1.504402651881704633e+00
-1.708980703896489706e+00,1.290064603802094423e+00
-2.053117891038251930e+00,2.206976887720113190e-01
-2.183107446201763224e+00,-2.514404907338102860e-02
-1.197915013993282374e+00,2.902177943121583281e-01
-2.999004190783723267e+00,-6.998060918435494715e-03
-1.096559077277130534e+00,8.545747728542355537e-01
-1.740162539475130554e+00,3.924466400944082167e-01
-2.410529351477954219e+00,-6.431691118913850369e-01
-2.164600479255175181e+00,1.583761495532956642e+00
-3.551455511442108914e+00,-5.156610293810044432e-01
-3.470844093977772271e+00,-1.026725397589736799e+00
-2.169100536272519975e+00,-5.261862486532765254e-02
-2.717605192458440122e+00,-5.185058859405431431e-01
-9.910518146521920535e-01,4.331655782181522696e-01
-3.033807366378618475e+00,-9.552843156638202160e-02
-2.998001446740924170e+00,7.956679931711799769e-01
-2.438009162508261607e+00,-1.642305865962887745e+00
-2.651753506654309422e+00,-2.970267594786588083e-02
-1.339014457237453826e+00,-3.104002879071731114e-01
-2.145888299627108253e+00,4.573685236253075548e-01
-2.475384039772705158e+00,-8.453400817803927714e-01
-1.401396353477533552e+00,3.605437590174759288e-01
-2.103658692139267483e+00,6.814493835497927865e-01
-2.478045018024432444e+00,6.019317948536806462e-01
-3.133392035463022474e+00,-4.884759466669991168e-01
-1.533142164767964832e+00,-1.075398388311304743e+00
-1.294362029471671338e+00,1.342603951493254844e+00
-2.721003424391944314e+00,-1.018928953425660699e+00
-1.395001242793173724e+00,4.086315030551665450e-02
-2.472944230715798497e+00,-9.606720018596112132e-01
-3.657017314263297791e+00,-1.767148661342600457e-01
-9.853412222159545486e-01,-8.521842776271794095e-01
-1.608117648186346393e+00,2.754950884580384951e-01
-2.560322568652012354e+00,-5.654110300211414586e-01
-1.606176591399164355e-01,8.446816779482979598e-02
-2.473404946710333174e+00,-9.056433552773313078e-01
-8.425870001671795784e-01,2.178855256570988441e-02
-1.915631371398676119e+00,3.752783224062281597e-01
-1.383461229929188629e+00,4.760076510290820462e-01
-1.192696852565336973e+00,-8.072326449213835797e-01
-9.141203580034080733e-01,5.912375064547887860e-01
-2.923847713952550720e+00,-1.609258069863432450e+00
-2.500168846039131587e+00,5.116123236730657498e-01
-2.342464548209738151e+00,6.625156434339847245e-01
2.039589068685434547e-01,2.911593706411018667e-01
2.045347765255290717e+00,1.838158942712439181e+00
-4.421332215687681089e-01,8.111430950477159785e-01
-3.977356755277608791e+00,1.275643040177806942e+00
-2.969516722489477623e+00,1.784367810565762880e-01
-1.094607587646205804e+00,7.142387194279561369e-01
1.992805282804965827e-01,-2.208425261061490286e+00
-1.714660016586504021e+00,1.094028111094706102e+00
-2.621530182993748070e+00,6.106364390276173282e-01
-1.410871360052220247e+00,-6.842746088196727250e-01
-3.522143874831350274e+00,-8.606429617008628519e-01
-5.779175852111204659e-01,8.292702371791342841e-01
-2.018777695381214432e+00,-3.662429383900352997e-01
-1.649454313787555915e+00,-7.049077253633574403e-01
-2.921243923649313956e+00,-1.383296289287276881e+00
-2.198733709150683779e+00,6.352397240102701514e-02
-1.280768393559694962e+00,-2.367185881239312617e-01
-2.413584486359389381e+00,-1.342966630006826589e-01
-6.006572739356517143e-01,-1.441346212691170248e-01
-2.569946502046852821e+00,5.794509228008573043e-01
-2.820197198972135944e+00,1.483847707004084526e+00
-8.845780458524143963e-01,3.862805006713027622e-01
-3.782101556340016657e+00,-7.110074551994540748e-01
-8.381428986576595630e-01,1.377077307095030401e+00
-1.469056907484440400e+00,7.718201888852918024e-01
-8.957877504441589256e-01,8.363244080528229318e-01
-1.049572543672576685e-01,5.599299270428355069e-01
-1.431953128130707631e+00,1.382956260284868844e-01
-2.007403012593707459e+00,2.475532065304313634e-01
-2.749225229195884079e+00,1.072416625719888328e-01
-2.407383607946149695e+00,-3.437355624743105853e-01
-1.019695397600478115e+00,1.151002323647233094e+00
-2.427783591335298752e+00,-1.017013394802040560e+00
-2.094440849907139857e+00,8.394792718515490249e-01
-1.053621652833597766e+00,4.922199647041030079e-01
-2.918641924392952891e+00,-1.048965936515688702e+00
-1.358506810629124928e+00,2.405597502631338647e-01
-1.569429542388870669e+00,5.214702247783545991e-02
-1.634831577670226022e+00,-5.331250421218350910e-01
-2.268949715842175863e+00,6.481017819510123679e-02
-1.814811584249870879e+00,1.115004952075104638e+00
-3.472992800717911166e-01,7.818988816666883057e-02
-2.824140825016391076e+00,-1.324364945881639111e+00
-2.872602193679291815e+00,1.591954930986739125e+00
-4.673427698785432849e-01,6.722833236341815288e-01
-1.010710202734677043e+00,1.892940729992330873e+00
-1.703375611301185533e-01,2.531952081681186351e-01
-1.762941717422315868e+00,1.607229474649155554e+00
-3.386818899224491641e+00,2.364822104648791612e-01
-4.932586824080305021e+00,-2.430394339139725357e+00
-1.398399629137220712e+00,6.344907580068954722e-01
-3.278536576814469861e+00,-1.794116366963954823e-01
-1.885913532126458847e+00,1.117969989324772151e-01
-1.908347043010480304e+00,1.242226752320669370e+00
-4.018283432494243357e+00,-9.875569500712785276e-01
-9.453626019069607533e-01,9.033560709787658016e-01
-2.541424294241267923e+00,7.684546685512625430e-01
-3.067336513759205019e+00,-5.301951254707426564e-01
-2.207029990201644143e+00,1.039836205187387730e+00
-1.815621021601565133e+00,2.172263317026010554e-01
-1.540306162300780546e+00,2.478868426418152082e-01
-4.278719198466962581e-01,-1.017207364694264204e-01
-1.672134585019716901e+00,-1.106955612608805151e+00
-1.042853362648582305e+00,4.423124850261814789e-01
4.393918897511999155e-01,-3.410509995320609722e-02
-1.610220727854422496e+00,5.880616741074604081e-02
-6.842069227066294168e-02,5.251946758934118442e-01
-2.477627348262848361e+00,1.050088745349443409e+00
-4.305705979797069816e+00,-2.469120823403240794e-01
-2.484512057040093591e+00,-1.398406584698789201e+00
-2.562387833488113831e+00,1.370292727676334643e-01
-1.495018300290028357e+00,5.198568017264287855e-01
-2.516071831238634537e+00,-6.511569769790329087e-02
-2.747201983994892682e+00,8.974378475555454537e-01
-2.522824747782950183e+00,-2.403093822962248938e-03
-1.294916926994664763e+00,-1.923392555423307504e-01
-3.222921909281984298e+00,2.571734678017743581e-01
-6.600341714104407398e-01,6.097218771189991671e-01
-8.464386718672947119e-01,5.232381647565965688e-01
-2.837166976756495096e+00,-3.059486333752733378e-01
-3.129649776733329780e+00,-3.653365132765618029e-01
-1.246967803321318513e+00,1.636198826210880863e+00
-1.421071597625183536e+00,-1.212079643632560932e+00
-2.289580722325544659e+00,1.483526098401977134e-01
-1.384093018038379697e+00,4.408873647119423422e-01
-3.880509670031076830e+00,-9.178627638881434736e-01
-9.752595497541589609e-01,-3.367476643570960215e-01
3.003703559526544886e-01,2.708958485071732980e+00
-4.660933460658456262e-01,-5.755074648727769304e-01
-2.824314071635063428e-01,2.447635563044774643e-01
-2.845884907616653692e+00,-5.166412013707819550e-01
-1.551373262578998879e+00,-4.263873968878413301e-01
-7.487511261147035135e-01,3.516587955502799012e-01
-6.926310936292807696e-01,-7.518060096333893938e-01
-2.849276110264317374e+00,6.459485252497976226e-02
-2.105999952391081731e+00,-1.036750949856665382e+00
-2.192343486671579633e+00,4.847279513058173617e-01
-2.873890723145489545e+00,-9.446943377917211837e-01
-3.612506370956542145e+00,-1.949074702056119712e-01
-2.342893137774046508e+00,-1.788544974910012630e+00
-1.140589400288134492e+00,-1.089370500405181685e+00
-2.930283113014341190e+00,-3.672857672965753051e-01
-6.160519265367356834e-01,-5.671687356717231010e-02
-1.807786302980216586e+00,-6.596287161815351796e-01
-2.477264278659681018e-01,1.825042930002186647e+00
-2.184659833830427278e+00,4.704604301461169369e-01
-2.017629582837109581e+00,-6.232439905642072064e-01
6.193465895887353412e-01,1.193596712339259236e+00
-1.136573038307699290e+00,4.418553502733905125e-01
-2.016518045444875895e+00,1.827159701113585832e+00
-1.261800471341968599e+00,-1.514712783125800488e+00
6.273753912862884974e-01,-7.889146823667247954e-02
-1.846046718958952004e+00,-5.537076811844970914e-01
-2.277519346254944121e+00,4.058396726504732710e-01
4.731199295206605093e-01,1.526380522955776975e-01
-4.902080383714162437e+00,-3.476960845469416750e-01
-1.096166448410022420e+00,8.906584985494012674e-01
-2.013917902428508544e+00,5.465586707289430413e-01
-2.041373207079127727e+00,-6.885556207796227346e-01
-1.396369362515888168e+00,2.197488679536534928e+00
-2.221717934611178613e+00,5.422285121246499529e-01
-3.431577951846397134e+00,-5.352350563527608074e-01
-2.138261975652588909e+00,-1.597100446677451879e-01
-2.197715854654340273e+00,-4.847123603768274114e-01
-1.036753370623359372e+00,6.315425518564623530e-01
-1.164746664457187997e+00,-3.541012591234109497e-01
-2.509972981172249540e+00,-7.538453071745139233e-01
-1.923716318496992095e+00,7.285652248948452092e-01
-3.193696965676368738e+00,-2.789360683365951776e-01
-1.545541359930834080e+00,-1.592159665497344112e-01
-3.521513788311005477e+00,-4.913858982057588976e-01
-7.604426844220446569e-01,3.122667761710881118e-01
-2.543862248276961502e+00,-6.128049736324258090e-01
-3.906109489229732112e-01,-3.792185477049989650e-01
-2.196390580653349467e+00,4.292249842738337096e-01
-1.704093870498358809e+00,-1.069526224188798169e+00
-1.998532930762248805e+00,1.128503533216245192e+00
-2.079293606968022345e-01,-1.029140245020152777e+00
-3.040948001588193783e+00,-4.931139885510936738e-01
-2.803587875921972117e+00,-4.699346739538539097e-01
-2.970295002259291106e+00,-4.920322299086951068e-01
-2.921936158462577815e+00,2.921063505820718498e-01
-1.705306301017881943e+00,1.002477744544279625e+00
-1.983907291001627327e+00,-3.547488560960607162e-01
-1.598237431105322681e+00,1.708505055714537813e+00
-9.597526262042899159e-01,1.688453628637327286e+00
-1.881125713634947738e+00,5.789108762912961170e-01
-6.137571613651213731e-01,-9.399575150882666374e-02
-3.973966679457705986e+00,-1.410748718363040943e+00
-2.603740845006789151e+00,-1.043874976761027584e+00
-3.268501777621722226e+00,-4.735643543980997405e-01
-2.984330975802575558e+00,-3.092239632776804803e-01
-1.599838700527389523e-01,-3.725722271197923763e-01
3.651571411579914717e-01,5.018358417892863077e-01
-1.899649264735515874e+00,-2.006319644346593822e+00
4.923520451004419485e-01,4.409084423876429293e-01
-2.601871678304903401e+00,-1.144159152189497680e-01
-3.641381668449845677e-01,9.288753963473428410e-02
-3.325413210239513084e+00,7.290901526246515996e-01
-3.348289852305451397e+00,7.720878296005107000e-01
-2.286919473246732615e+00,2.242795929378975373e-01
-2.239594283925761875e+00,-1.813182608733637791e+00
-7.306129672554162457e-01,-6.280517972258075066e-01
-2.194534782193816813e+00,1.777718372706199867e-01
-2.847057606821373987e+00,-1.610574992105396452e+00
-1.192756900211537019e+00,-1.305905198603169781e+00
-1.952842434595984944e+00,-2.417565669514819549e-01
-2.418315038227174085e+00,-3.765384735750203493e-01
-2.590041719255605557e+00,-9.914064580400152593e-01
-3.037813957435647083e+00,1.405265200004877091e-01
-1.031399008323829136e+00,6.618307654383782657e-01
-3.397967264910096041e+00,-5.785508202876155082e-01
-1.936052390525473399e+00,1.138476473748044199e-01
-2.374227980605831512e+00,-3.975944473476584751e-01
-1.782009128251622165e+00,2.647769120488682737e-03
-2.215372651934933490e+00,1.790242883140185093e+00
3.225633085990229354e-01,7.670266499795177495e-01
-3.205498494744223326e+00,-1.646750923935256239e+00
-2.110813105617622032e+00,-5.771983018300177459e-01
-2.830301864761315844e+00,1.622812124108865550e+00
-1.882216735375636940e+00,6.673938863768984486e-01
-1.847086174287705163e+00,-5.296400705396918651e-01
-1.013050019321512174e+00,8.320566992980330534e-01
-1.879061120058201473e+00,-3.227697973681268873e-01
-2.487613162880948359e+00,9.710282473835621375e-02
-2.414113363780463040e+00,-4.115165685362471293e-01
-1.020596641580664654e+00,-1.303345537499628337e+00
-6.237169839963616624e-01,5.900395128831427138e-01
-1.871514796556300375e+00,1.038881974937979208e-01
-1.414414858378613804e+00,1.155515217149669871e+00
-2.062337148934501041e+00,-1.152495475066386499e+00
-4.097312721357382337e+00,-1.232507462392489872e+00
-2.393455008190219058e+00,-2.991018241836844727e+00
-4.425211105858005034e+00,-1.441961138965143885e+00
-3.021217117024264986e+00,1.972691295979449588e-01
-5.391536146172151156e-01,7.089781406551451948e-01
-2.374341394755134615e+00,-4.066051487741494386e-01
-2.047279459088584996e+00,-4.108127122608704052e-02
-2.495181375074471131e-01,2.341122866849825623e+00
-6.580015699770200843e-01,-3.029745556849082200e-01
-1.374487734229975722e+00,-6.894982179258126731e-01
-1.297903527686107061e+00,-5.927519763099714512e-02
-1.665858055520593739e+00,-2.212203453989916579e-01
-2.626916867875968897e+00,-1.233996097541306458e+00
-2.639940309944829089e+00,7.982222326395820300e-01
6.493240770359962610e-01,-5.364741836883513137e-03
-3.646159601183761811e+00,1.781812151253261867e+00
-2.268626677221592836e+00,3.205596490215361083e-01
-2.357192460047332183e+00,-6.566573973453800894e-01
-3.341844364771689335e+00,-6.291598850512306607e-01
-1.895252949951069965e+00,-4.822841972768028285e-01
-2.878056870555658620e+00,-1.708725072717607540e+00
-8.457604671616365533e-01,9.712042093137158716e-01
-1.624387849501201408e+00,-5.668164220226751260e-01
-3.301652693870060773e-03,-1.774844896608253064e-01
-3.439988397871700521e+00,-5.004705895110268532e-01
-1.738345756322572599e+00,4.244322393027294971e-01
-3.261690244159093144e+00,1.449571792654362201e-01
-1.831887962106504952e+00,1.456370278043586319e+00
-2.297971800536486864e+00,2.763679185053991572e-01
-1.489504231930338207e+00,1.109732143805717719e+00
-1.224687034560810961e+00,9.884345936493074136e-01
-5.476708614772747730e+00,-2.180450960030533736e+00
-7.586023723717396638e-01,5.609158414251658176e-01
-4.890802224972659040e-01,1.298466579541915911e+00
-2.849107697815716378e+00,-8.345160201450398940e-01
-2.647331160805061145e+00,1.667502470652200586e+00
-2.558207229833682206e+00,-3.595804791986729754e-01
-2.061329424045729386e+00,-9.485388967163995572e-03
-1.247666712616200879e+00,-5.707162308301222398e-01
-1.231860527572890440e+00,5.217452672959252968e-01
-2.934170107729685562e+00,4.918387427067166806e-01
-9.110151235828463090e-01,-5.524396747091182558e-01
-2.368888002818285266e+00,-4.001707088437970739e-01
-1.348558168891467179e+00,4.085049967261446535e-01
-2.478410788737882786e+00,-1.228778130928252638e-01
-1.795510442544000496e+00,-6.763255782627436430e-01
-1.264712545607791672e+00,-9.496505943573859687e-01
-3.186358708025392339e+00,5.462099474767889706e-01
-1.054628347090762031e+00,-5.711086441531130209e-01
-2.675774397892742851e+00,-5.783549148047467670e-01
-1.714000713243524876e+00,2.461999064487697120e-01
-2.227983903581329361e+00,-7.796639449300236668e-01
-2.609926907245203598e+00,5.599981322172334908e-01
-2.174135868900578306e+00,7.365599481602933540e-01
-2.105007692437796951e-01,1.095473361667474554e+00
-3.360533093833084628e+00,-8.454458592544458195e-01
-3.044428002355767049e+00,4.406466738360230173e-01
-6.743367304638792081e-01,-4.917995511219196980e-01
-1.923029670330325125e+00,4.085055563077242824e-01
-6.912445661807604669e-01,1.604062700804588459e+00
-2.204716950423576183e+00,1.750939671224391425e+00
-1.553091735990105082e+00,-2.070509133865600648e-01
-1.851225069205265417e+00,6.475527157750143870e-01
-2.037833169951066559e+00,-9.011621464828778461e-01
-3.262987875687437089e+00,-6.748218395940076553e-01
-2.937449602386262182e+00,1.030357759322004518e-01
-1.493813363705568609e+00,-1.728107930425313576e-01
-3.212949852593401268e+00,-3.206685001190953677e-01
-2.198411051838459418e+00,-7.368623581890363372e-01
-4.794268033302441445e+00,-1.479399849200072614e-01
-1.286266032291881078e+00,1.077870301256043106e+00
-4.739241599881856004e-01,9.957017393644091996e-01
-3.684784198598496374e+00,5.394905193069456928e-01
-1.669082447383829493e+00,9.313068867300071385e-02
-2.855710637707599808e+00,5.316077775363670099e-01
-3.009521710976453601e+00,1.451247487692297611e-02
-4.460990881256163831e+00,9.683004901400082964e-02
-7.026214811894280210e-01,-1.034182771741257056e+00
-2.510762201400010607e+00,-1.444429528215831482e-01
-1.135222766007408790e+00,7.728876032095280957e-01
6.566038642982818807e-01,-5.594990783290443304e-02
-2.460086697818629986e+00,-3.401513292492148732e-01
-1.985438890679225299e+00,-1.091835673475245461e+00
-4.007405333663102809e+00,-1.904353711308782060e+00
-3.018392563745081691e+00,-1.108600225342799561e+00
-2.258656495811236287e+00,1.045981961067638383e-01
-1.816985063321399752e+00,6.274679384638125468e-01
-1.406546440353528382e+00,1.152948188954826092e+00
-4.554115269081775441e-01,-5.091389669929533568e-01
-2.755037196801350063e+00,2.206620330391512730e-01
-9.910649666615931608e-01,-7.126225443566852613e-02
-1.788457297426045089e+00,7.053041350874715842e-01
-1.314070580995995607e+00,-1.803219082498749848e-01
-4.316818183663725605e+00,1.120423821684243926e+00
-2.292528052232389868e-02,1.742577984351258991e-01
-2.994160573094472255e+00,-1.083983956351132871e+00
-2.460736178174026900e+00,-1.122343877814572011e+00
-2.182555978774922245e+00,-9.828310872402691301e-01
-6.828611206599017880e-01,4.562737362363540883e-01
-4.216544588020832762e+00,-3.023045283916372838e+00
-2.254275073628748682e+00,4.998263561829469070e-01
-1.543564726904106177e+00,3.423828749194078869e-01
-2.023987449120257853e+00,6.521868139869304581e-01
-1.990269333333119173e+00,-7.230974477181008053e-01
-2.980028605052755353e+00,-1.688967550661757411e-02
-2.140722657458849376e+00,7.359475300380943219e-01
-1.207208235927400120e+00,-1.748950460170542454e-01
-1.997264092190395246e+00,-6.891845852510228854e-01
-1.465816103006432058e+00,-3.981935096689770415e-01
-3.870220923312098549e+00,-1.916447218072547809e+00
-1.964751830252216447e+00,-3.281071994453981233e-01
-7.741378544216823698e-01,-4.608522583790443106e-01
-2.176439629429615774e+00,-1.052551112415936352e+00
-2.487764722952202856e+00,9.325850354948664322e-03
-1.213703337713196717e+00,-1.984915239057782055e-01
-4.563484108708886211e+00,-1.558951673130721804e+00
-1.284730828252667489e+00,1.270095985400890859e+00
-2.498891314835717026e+00,-6.346296785381819738e-01
-3.382883835028518860e+00,-7.847173634752910854e-01
-1.398129672098819221e+00,1.231910571427543150e-01
-3.065366328335734636e+00,-7.457363311947486917e-01
-1.051414026380494970e+00,-1.392913002693065838e+00
-3.283452655187637959e+00,-6.322549933554257873e-01
-3.414318784716722455e+00,2.300925475625853478e-02
-3.476419541199285312e+00,-3.818550457390718078e-02
-3.448461646671141523e-02,2.949446400823092507e-01
-2.303695626253373430e+00,7.971559752541648169e-01
-2.422292021693514652e+00,1.070069249543362938e-01
-9.263981346472967005e-01,-7.167841161246722992e-01
-1.612044524235035636e+00,3.075490925097928985e-01
-3.543015073058476627e+00,8.533956885664212288e-02
-1.207700129685175039e+00,1.210489510793708173e-01
-2.311599269609299512e+00,-7.878925376819891913e-01
-2.623867716537731987e+00,1.172069939396362948e+00
-2.007307148042267730e+00,-1.534783289114336036e+00
-2.532360161972627921e+00,7.734471302868275444e-01
-2.370231681319842298e+00,-5.580910782632052536e-01
-1.581260220415628748e+00,6.355944113517716376e-01
-2.625706601240156868e+00,-4.769000912701255590e-01
-1.141840890585995805e+00,-5.115578594590662886e-01
-3.054717198657790345e-01,1.335067913493148684e-02
-2.505572723365384391e+00,2.169626742027175592e-01
-3.075657341142516099e+00,-1.036001824549988681e+00
-2.468856339896570162e-01,1.183865253070889079e+00
1.041164755565531674e+00,1.440169559664819410e+00
-3.277009276225408829e+00,-1.828436746531132417e+00
-1.551544931003751238e+00,-2.180060508355823878e-01
-2.453881112433860867e+00,4.704933196433555564e-01
-2.300946849328192823e+00,2.991313718034688818e-01
-2.675802629822706891e+00,-3.223344015081147651e-01
-2.940472729315517952e+00,-1.615850160264608038e+00
-3.666215883405313569e+00,-3.568085420205913127e-02
-3.576345377343638887e+00,2.007171367474014367e-01
-3.298245325191155430e+00,-1.165527778074133769e+00
-3.387625806482143620e+00,1.070149498822166922e+00
-2.813636646718570944e+00,-2.301780726934394838e+00
-1.298994951368326767e+00,-2.769951747617684923e-01
-1.522850124445950470e+00,2.370970631596343581e-01
1.598831311599216320e+00,2.203708262210000157e+00
-2.789329080619348922e+00,1.379506609545049223e-01
-8.338356434100127057e-01,2.524775450674348609e-01
-1.498726378540833348e+00,-1.139287537091149272e+00
-1.348176422657400897e+00,-8.508220219441069432e-01
-9.842837579607113252e-01,-3.735994112680520174e-01
-2.168601171071812495e+00,-3.902052479069859081e-01
-1.344601728372403882e+00,-5.376517349361753517e-01
-1.247539972632303762e+00,6.580343161510519845e-02
-2.221929515210283146e+00,-9.175646956013873146e-01
-1.502655657453008331e+00,-2.737186922350265394e-01
-1.813013800979228929e+00,6.943726097837558120e-01
-2.281582158628007839e+00,-6.308735559649460978e-01
-1.907814696513694619e+00,2.186211911402717312e-01
-2.274863400734840280e+00,6.324885605090182494e-01
-1.318735651863783165e+00,4.188172889417799416e-01
-1.245522742342581646e+00,-9.482972855958551328e-01
-1.670264467655859564e+00,-1.406662516367121363e+00
-8.509983351366645632e-01,1.154126417502020718e+00
-2.550214547180593705e+00,-1.185323785470133451e-01
-2.306602425910958765e+00,-1.087624974019642643e+00
-2.107964962598070091e+00,-1.893509514252990300e+00
-2.575589413480979140e+00,1.366990809598419565e+00
-2.403773045191510693e+00,-1.346614951749677269e+00
-3.830693614077593789e+00,1.443458913314666914e-01
-4.079972835630028882e+00,-9.805569054519627237e-01
-3.452333086206725188e+00,-5.381551262592234597e-01
-1.351004712305067024e+00,8.348860148059297215e-01
-2.392838741527723023e+00,-6.303369404318611702e-01
-9.865476722638684137e-01,1.719949785979490997e+00
-2.190542748707978493e+00,-1.302181964497128863e+00
-4.261677045653970097e+00,-7.769323403683628948e-01
-1.967005231931721720e+00,4.878028102275688838e-01
-2.575222361498937129e+00,-7.532562050956782551e-01
-3.696698845337698991e+00,-1.448066460970159008e+00
-1.989859843245591176e+00,3.156780132603797528e-01
-3.317789098722596197e+00,-1.412833374271538212e-01
-4.125340174806525262e+00,-4.230297044974225540e-01
-1.055672705206179396e+00,-3.227817482212735900e-02
-2.357688366899771903e+00,-8.681637657958163334e-01
-6.620009881247932437e-01,6.266161957960445505e-01
-1.813390157981646267e+00,-5.394584902478257726e-01
-2.197514669448653368e+00,-6.028017698562300186e-01
-1.887576580362127165e+00,8.293870734827554214e-01
-3.402192596877256392e+00,-9.650614049444157239e-01
-6.305447600525628804e-01,-5.198720151391122979e-01
-1.637817757484526293e+00,1.867892946433623802e+00
-2.146986717716699911e+00,-1.229121170174903632e+00
-1.733057874433406864e+00,1.838812780779644496e-01
-3.076905044829191027e+00,-2.191006783180073914e+00
-1.821280530330311009e+00,-2.022756231048529196e-01
-1.887127987615789371e+00,7.035110705487135352e-01
-2.225269310568836367e+00,1.515935430474362605e-02
-1.583200504204096859e+00,8.068493226598343060e-02
-6.544777770740100031e-01,4.719747317307317891e-01
-2.833035472676048272e+00,1.301506846677612073e+00
-1.976417402618053210e+00,3.418488272917255433e+00
-3.334983137134060804e+00,3.673307786036653089e-01
-1.099159818623244078e+00,2.373785392749870882e-01
-3.892931256518963323e+00,-8.591453202387965282e-01
-1.061375433435339577e+00,-1.190824458969654387e+00
-1.091179730142630699e-01,2.077575051504488179e+00
-2.497246392764643108e+00,5.794569208308387731e-01
-8.150679067186552551e-01,-5.101922230451771956e-01
-2.056057605223010842e+00,5.771746902179807348e-01
-1.638840031205478054e+00,1.503896824450149161e+00
-2.149536717123462282e+00,-1.044620546351339607e+00
-4.268667393339656613e+00,-6.609079179814090210e-01
-2.744809732614895026e+00,-1.963064473520614861e-01
-2.380691807127669257e+00,-2.085526449515412439e-01
-3.407438113727890183e+00,-1.034979987201982921e+00
-1.525411425895696560e+00,-9.702691964986096540e-01
-2.293887119394141916e+00,6.812807971396425133e-01
-1.805784773057208970e+00,7.213225147757046374e-01
-2.409528774439377852e+00,3.548365765990983689e-02
-2.347815639371678031e+00,-7.822059697667894662e-01
-1.884075843974934772e+00,9.871858149114682845e-01
-3.413035690434137237e+00,-1.040444268078936307e+00
-6.354577102117642262e-01,6.903429885501751739e-01
-1.611926870657370170e+00,9.121832333323623421e-02
-1.412431781477622383e+00,-1.673415428278990924e-01
-2.898369911398737564e+00,-6.965968318630781919e-01
-2.444426101487056968e+00,-9.275049424493175820e-01
-4.400372445287898060e+00,-1.762384431598418733e+00
-1.322261711953887087e+00,9.211401665161321473e-02
-2.165524551069403003e+00,4.913298467754375620e-01
-2.358026174985516477e+00,3.116044409124612558e-01
-2.790239623944497538e+00,-4.570911622845157396e-01
-3.479274420166386328e+00,-1.566918859856079704e+00
-2.508779615409786778e+00,-6.455398446350365527e-01
-3.351530091258639210e+00,-3.805546687649262738e-01
-3.518320214328970685e+00,3.073204269738453731e-01
-1.190460437625328716e+00,7.035952697345763118e-01
-3.260262583173099138e+00,-1.681327655607203653e+00
-3.742192265515618121e+00,9.800947077442877520e-01
-1.789695193808919615e+00,-1.297614871563198324e+00
-3.137439486431516933e-01,2.094991842254660508e+00
-3.951597700395355517e+00,-3.229848334389053277e-01
-5.899450280688263160e-01,2.057376142660278351e+00
-1.425649097774974727e+00,1.541743014955439806e-01
-1.972921005400298800e+00,6.118620393084598375e-01
-2.724514530621040542e+00,-2.177796561628124739e-01
-2.116408503423722998e+00,-2.756175446243378513e-01
-2.099649053944508736e+00,-1.387336463993623425e+00
-2.974890161906766473e+00,-2.405862917238781040e-01
-1.810687104303353223e+00,1.529733365048006721e+00
-3.140094029606839143e+00,1.629000067513755257e+00
-1.854155279806950496e-01,1.262361321286805893e+00
-1.944614405454592188e+00,-8.355765369698227030e-01
-1.565352021619177414e+00,9.683340972015587189e-01
-1.281468969600071173e+00,1.243289155392234502e+00
-2.899448273558622446e-01,-8.924292719285651376e-01
-5.088762058642624098e-01,-1.082723048038439329e+00
-1.479627040199730903e+00,-9.209680024188554581e-01
-1.299979903796005365e+00,-1.065630669561906663e-01
-1.685114029556959325e+00,1.089526763464562092e-01
-3.590004303596893820e+00,-3.543942565475942108e-01
-9.886779734749508997e-01,9.027458010092774821e-01
-1.583517249479686750e+00,-1.288762949003590119e+00
-2.360230990013123531e+00,6.422464547670954094e-01
-3.408348132683104659e+00,6.126414171245977425e-01
-3.099230241608379899e+00,-7.073558137959530256e-01
-6.085001250414037166e-01,1.189701337341097176e+00
-1.545208966351335089e+00,9.622747795265559345e-01
-1.690330947285739960e+00,-9.057937503870341911e-02
-3.010564635662325017e+00,-1.660052476943037369e+00
-2.699130797174950747e+00,-6.182946506822866173e-01
-1.016174411567836833e+00,-4.669689194243010211e-01
-3.712419349173525340e+00,-1.774093851735092819e+00
-5.266547473672787305e+00,-1.579118841638920356e+00
-3.607339957364073424e+00,-7.352073360680028147e-02
-2.744283640066912611e+00,-5.980931805363622900e-01
-4.043650781333466782e+00,-1.986331597119878611e-01
-1.083258776974664883e+00,-4.841030703772043475e-01
-4.906702274113896145e+00,-1.734478361672910918e-01
-1.766403327196540918e+00,2.556214486555703491e-01
-1.052648115221873404e+00,-4.972953458522832992e-03
-2.463087204803923846e+00,-6.471087322302839784e-01
-3.282217551343056705e+00,1.552055855796225181e+00
-3.015138485388506595e+00,-2.416945389401467248e-01
-3.458919458169650962e+00,5.003516601436822642e-01
-2.714648304895451503e+00,-8.082540935579008989e-01
-1.420144285938643502e+00,9.030047786757890993e-01
-2.008138618687792309e+00,2.788605869090846068e-01
-1.080613448971795343e+00,-4.363678975489115874e-01
-2.190004880144036825e+00,-7.176629386062328697e-01
-2.824483733052312928e+00,-1.056326062110012565e+00
-2.637842723145540802e+00,-8.958871961713665844e-01
-2.661603704636493095e+00,1.568713248130706450e+00
1.030744420104602987e+00,4.144575896552533112e-01
-2.082382046612615500e+00,-1.337537684304323848e+00
-6.759535634239501878e-01,1.774253767113575186e+00
-4.028986456935339966e+00,1.151396000565593214e-01
-1.763709233401919763e+00,8.958987345538367286e-01
-2.261352251803334212e+00,2.292534707536008298e+00
-2.734734346270070837e+00,-1.099515069641427978e+00
-5.292976815078254127e-02,1.080959684160091694e+00
-9.740666998492810702e-01,-8.473354087245290600e-01
-2.363382918379744790e+00,-1.430467914155096443e+00
-1.874220508881561553e+00,-8.957283019044588457e-01
-2.799953933321206456e+00,5.634536662631350890e-02
-8.953009982280095702e-01,1.182370730844365170e+00
-3.027422435180278981e+00,-1.666486405014570016e+00
-1.842928460196979312e+00,9.868109166762421836e-02
-2.304392954656245607e+00,-1.906125574085325292e-02
-1.823107834450170328e+00,-5.154856187068153073e-01
-1.836290102203385510e+00,3.201597988311351006e-01
-3.693778465048713322e+00,-1.212506409390863737e+00
-1.691800295705186530e+00,-5.527495138759194182e-01
-2.373494394534388263e+00,-4.492262971439239805e-01
-5.034786112111713230e-01,-1.047498098157176649e+00
-6.266504305654021501e+00,5.869822136092568421e-01
-1.746031697833471785e+00,-1.009433138839157806e-01
-2.064054557784439581e+00,-1.315611048386355231e+00
-8.928347195672390324e-01,3.064691991922665615e-01
-7.794677007520607326e-01,5.305699505791763304e-01
-6.317111607201866263e-01,5.116165391852779409e-01
-3.723339628519855005e+00,-4.395804131780416957e-01
-2.592875095170096067e+00,-1.727740421071067844e+00
-4.474267757050365724e+00,-7.216525360932170008e-01
-1.602333485088135223e+00,2.212665988926249550e-01
-2.475748571443094903e+00,1.331515051041581632e+00
-4.180258114585758022e+00,-4.703462384263840113e-02
-2.913028929710462123e+00,3.510484089853067591e-01
-3.169438791914362064e+00,-1.191646221352769430e+00
-2.422362536203330752e+00,-9.898914035678709755e-01
-3.095580503445552356e+00,-3.540496141636715888e-01
-9.245045045205753098e-01,1.400146566600733999e-01
-1.704843654516806417e+00,5.786355922988249967e-01
-2.839288230277934755e+00,-6.845234014102251630e-01
-1.555713198793972518e+00,9.603169032990361842e-01
-1.350786156749770095e+00,1.170559459939522817e+00
-2.490111905367977663e+00,5.579056143232414833e-01
-1.887848953370461436e+00,6.722541645387281051e-01
-2.193557949631566029e+00,-1.894846821488542499e-01
-1.421526622044574584e+00,-1.617942596893544305e-01
-3.921828751909166577e-01,-5.396853423106504621e-01
-2.658349629345682974e+00,-4.712944564701791461e-01
-2.843391076068090051e+00,3.086010103367339275e-01
-3.134935792354738737e+00,-5.729553881292577255e-01
-1.833246746997606369e+00,-1.749406177750827851e+00
-1.521752664980777769e+00,-1.158262850071278383e+00
-5.507013844380177492e-01,2.946283539196081769e-01
-1.690035153537338131e+00,9.333730985736395924e-01
-1.519214089960220004e+00,-7.224228638437785177e-01
-1.187609294879920840e+00,1.330790776836398681e+00
-2.671472220042021561e+00,4.000457816047745530e-01
-1.457656534834739448e+00,8.084591924460653445e-01
-3.966310002236531851e+00,-1.074428985299665573e+00
-2.218705829465611234e+00,2.757033385635375144e-01
-1.445002131388412048e+00,-7.343367536227130010e-01
-4.606160882626911146e+00,-1.360983784154233156e+00
-8.257152720460931850e-01,1.462200392424287232e+00
-2.035268150810940480e+00,4.041354289612473227e-01
-3.074948441533909005e+00,-1.247701672353610958e+00
-3.737466276885604621e+00,-3.956054650124787853e-01
-1.817631567395259884e+00,2.425493230812746648e-01
-2.323399848343768781e+00,4.502828709020274822e-02
-2.259660614795166556e+00,1.136429535156523452e+00
-1.772975999958978255e+00,4.463391480923132870e-01
-2.344885837789293159e+00,1.072481096512378329e+00
-1.445526712428025995e+00,1.042872110525801199e+00
-1.687354468393472695e+00,1.188947775203199386e+00
-2.479541883456127138e+00,-8.368885329306731125e-01
-1.786733543750257169e+00,6.903241042501100377e-01
-1.261471992217398919e+00,-4.604832945343985684e-01
-5.560900338922916131e-01,-2.630533088121854157e-01
-1.110569443046526938e+00,7.117484605815376231e-01
-1.408260408954034260e+00,-2.027475284575125936e-01
-1.077559902494116262e+00,-5.276377847768098928e-01
-3.900371247143413989e+00,6.949553585208945172e-01
-1.941486883964446353e+00,-2.135989143507067700e-01
-1.864458179016805106e+00,-1.941256005825968689e-01
-9.764726418870766089e-01,1.819717831683052012e-01
-7.806162087352319645e-02,-9.081662708867448419e-01
-2.417749147696135470e+00,-9.921473387016461754e-01
-2.982198467967185351e-01,-8.199451620247690808e-01
-3.551307728019244436e+00,-6.826482582517162667e-01
-1.794418060610054377e+00,1.276300361364775815e-01
-2.762779931658476684e+00,-3.015940600100747160e-02
9.311763639640160406e-01,1.887832358090895113e-01
-2.610947293540896830e+00,-4.760047303896447479e-01
-2.129693222663077368e+00,6.262840267989142617e-01
-1.680631657182183325e-01,1.844477727740351014e+00
-1.192041080048893420e-01,-1.015146400615352995e+00
-1.002174414733610019e+00,1.019585806759388258e-01
-6.033709088942948995e-01,-8.838066620682571983e-01
-1.365003149794217219e+00,3.028273165929046273e-01
-6.979361999667221816e-01,2.286606002725677378e-01
4.332330903077421524e-01,1.918576161583422923e-01
-1.268480111083519768e+00,-5.638920248756493780e-01
-1.753052480004527736e+00,-9.933731752575012397e-01
-2.927378727038460138e+00,-1.146833117022828752e+00
-3.924800239052803619e+00,-6.068874055100459408e-02
-1.767508816302474361e+00,-9.223549234852870260e-01
-1.140488587726554037e+00,1.371397849731106566e+00
-1.587393750616614252e+00,-7.177708504840006887e-01
-2.893322007386846195e+00,1.838208120653621047e-01
-1.798747876532859280e+00,-1.128322877059339868e+00
-2.946434132445558962e+00,-1.318772552588573621e+00
-1.204054991693637833e+00,1.048354882173386238e-01
-6.942434655560212331e-01,-1.003384128906904982e+00
-1.627318528875759451e+00,1.136923085636104114e+00
-9.252635850731458778e-01,-6.970657803698456778e-01
-3.898716051714809616e+00,8.358585385300376647e-02
-2.177098791262811250e+00,3.784490866088747185e-01
-8.003130281611752217e-01,-2.281455147306162834e-01
-4.546441112627630510e-02,1.946808750109219055e-03
-1.827112781362911331e+00,-2.123633050458295646e-02
-2.157097388377950509e+00,9.826527304688421616e-01
-2.536051058872617503e+00,4.282954578080058194e-01
-2.407310783179180458e+00,1.273012079346567571e+00
-2.350242976827968899e+00,-7.492369954385477149e-01
-2.169241761111926792e+00,-1.381738032677116923e+00
-1.406335835384899813e+00,3.090074169545504734e-01
-1.966100090891512941e+00,-7.260783613572689976e-01
-3.744266568177541998e+00,1.260367443072333837e-01
-2.810527842315592828e+00,-9.791914261279839327e-01
-2.332423386057915771e+00,-6.180185293793727386e-01
-7.071914724515400152e-01,1.734528129595544366e+00
-2.477671199741684038e+00,-2.985307907872591038e+00
-1.336201148172311726e+00,1.901451859636103192e+00
-1.262638772624818273e+00,-8.921664003528662068e-01
-2.973972620072277362e+00,5.150713845718820627e-01
-1.728064563259501085e+00,3.271323489985161204e-01
-1.461616929407604681e+00,1.496251420844110003e+00
-2.114762917679208876e+00,1.072659543675929417e+00
-8.779327511470922385e-01,-2.961572937179487996e-01
-1.935245305754780265e+00,-1.559262921570266247e+00
-1.714282176295776505e+00,1.311676044869063973e-01
-3.576187302039790961e+00,-7.021224782025752287e-01
-5.335974471092654881e-01,-1.601210987860566259e-01
-2.006426365379023302e+00,2.718714100070709558e-02
-2.040136671796472623e+00,3.907352272938717230e-01
-2.080466314251995463e+00,-1.072087072363488103e+00
-1.460110367996774183e+00,5.088391054942424940e-01
3.703512936351436302e-01,8.482951604408525137e-01
-3.217940879766529427e+00,-6.833818793154221582e-01
-4.612866257024191619e+00,-1.163643842756827862e+00
-2.529719733535998216e+00,-1.518315513809388451e+00
-1.332784529579090549e+00,-6.028044715063235470e-01
-2.578531506262869311e+00,-5.725817043671685980e-01
-2.446436648231585131e+00,4.117716753035887689e-01
-1.727112367666565618e+00,-1.157908587567755276e+00
-3.599067605301122796e+00,-7.495966191500578191e-01
-3.323407337911675086e+00,-1.976210066637384410e-01
-1.751202963153058123e+00,-8.016350216812482277e-01
-3.589401614850761479e+00,2.987854995109694434e-01
-4.798518304694250336e-01,-1.150373115388757528e-01
-8.057179614096132703e-01,1.981188182806299825e+00
-1.523554151241006238e+00,1.814157004067804113e+00
-5.683583574224382318e-01,4.739028558736430030e-01
-3.411719864430227123e-01,-8.763067854655987032e-02
-1.428685916388201527e+00,-1.327468711348819275e-01
-1.893238535701580183e+00,-2.550608911718790783e-01
-5.976589265733018852e-01,-2.662082218533090572e-02
-2.611415999557912038e+00,-8.294965604989463781e-01
-2.345701484578827323e+00,6.139745740036671728e-01
-1.993098303645509883e+00,2.323013594080267086e-02
-1.643075977870929183e+00,1.190743658875924149e+00
-5.127908684806885553e+00,-2.052285813095836353e+00
-2.852683156923403907e+00,-1.739937315072664470e+00
-3.330890695270793511e+00,-3.110435073449582810e-01
-1.448052240724743811e+00,-9.635942846303069409e-01
-4.499192774897492697e+00,-1.462211669750207665e+00
-3.119711631598073964e+00,-2.872499774756895441e+00
-3.279316735240408676e+00,-5.220270774655366708e-03
1.426085889207810098e+00,8.217487012713728944e-01
-2.056937158335519378e+00,-1.027841671313060479e+00
-1.841151121339569263e+00,-7.332647638792751943e-01
-1.502699003791799992e+00,1.244160746363311532e+00
-3.208708456407356024e+00,-1.345562691566053237e+00
-9.151419893837970942e-01,5.319546266632930731e-01
-2.041737137351498088e+00,-1.047269529098046187e-01
-2.539547634314673896e+00,-6.424893211348845501e-01
-8.872398828301935048e-01,8.667022605282174164e-01
-3.137771468982206713e-01,3.041497666680638701e-01
-1.658016663781993749e-01,1.641247004878181315e+00
-1.876785482629930391e+00,-3.177929568381102077e-01
-2.858189265684689673e-01,6.969378182239152064e-01
-3.714017541611331907e+00,-5.570853252837157932e-01
-2.344636422310341750e+00,-5.110930306110106347e-01
-1.959013830873072903e+00,1.263533678084476364e+00
