x1,x2
2.624303730433183990e-01,6.606224405260625598e-01
4.923879905032817472e-01,2.480075991716395922e+00
2.156452968603952858e+00,8.490162145050348386e-01
2.017584175740436692e+00,4.074203066766910464e-01
3.684240247348109953e+00,6.298339411822979628e-01
3.275870154777622556e+00,2.456885463977252826e+00
2.252952239160856074e+00,1.835034713138792295e+00
2.279102560400008137e+00,1.105110010031838508e+00
2.662256817019710287e+00,8.191600617598082668e-01
-1.508845791773465450e-01,2.192026195409598088e+00
1.673996497778279302e+00,2.126655455314672594e+00
2.078155657715640814e+00,-8.399611123321730766e-01
3.565552212603788185e+00,-3.804198614780895937e-01
1.762089303175025101e+00,2.204292147638930111e+00
1.003631645662570682e+00,2.065739943148214408e+00
1.370258922865953410e+00,1.542027102475573841e-01
2.045656283885208815e+00,4.015906073348350924e-01
3.538864929841038176e+00,4.350893524426984182e-01
5.983921296543417423e-01,3.767383148248899527e-01
2.478877852354093303e+00,1.964121295972502956e+00
2.652319586320197153e+00,1.408057290314478571e+00
3.714584560328669127e+00,3.762373759746528989e-02
1.174163513169223405e+00,1.253591115888122109e+00
2.011378492800819817e+00,4.539822418554491090e-01
3.160753150499234998e+00,-1.320038853501248610e-02
1.715826074061337359e-01,2.132185325944514709e+00
-5.338232484549898516e-01,2.314334590664224311e+00
4.012908506334765590e+00,1.064881781950580031e+00
2.079391678054111736e+00,-8.814287448564672722e-02
1.307824770367023159e+00,1.336847327388470674e+00
1.628938572528734197e+00,1.078269812709385711e+00
2.453049602383439165e-01,1.599419254291848613e+00
1.331628247273498822e+00,1.356394525394309269e+00
9.164285384270161039e-01,1.792207833033920394e+00
1.485367456713433398e-01,4.116268154478274210e-01
1.853149763731058330e+00,8.892660387153309420e-01
3.316817384368166088e+00,1.855636670111931785e+00
2.000127337106762937e+00,4.128407037049710571e-01
1.445037683867173239e+00,3.314727865744492075e+00
2.697794658950551483e+00,1.005271724851156900e+00
4.475719244547643250e+00,9.610683389640533036e-01
3.283052805952483055e+00,5.173903683985675572e-01
1.747583877154447407e+00,-1.141286520424468875e+00
2.598760712852190125e+00,2.813960684606644058e+00
1.408900627761406676e+00,1.006068718328007039e+00
3.172748334535273607e+00,1.787484378796666995e+00
3.180189184843039918e+00,6.547949187523474102e-01
1.950321640816877755e+00,2.959147814980495284e+00
2.669152382493467535e+00,-4.935577540581941314e-01
1.621210558928778855e+00,-2.707285577575420099e-01
2.310254700833447306e+00,4.899040838989967561e-01
1.193123654435014114e+00,1.145616217660548664e+00
1.830769878802208428e+00,6.044226929280891447e-01
1.647983471871707906e-01,1.659655780876836406e-01
-1.063586300743484259e-01,1.382375151839448923e-01
3.076095965487091632e+00,1.187042661335800275e+00
1.487988234328072146e+00,6.516906735544409912e-01
-2.670815195204756520e-01,2.483238700639849750e+00
7.717775855385295980e-01,4.338105054150368511e-01
1.721469527335168115e+00,1.252838433177465349e+00
3.012208172282197616e+00,-4.347910594523416439e-01
3.587814320868945028e+00,6.733503642116202004e-01
1.111028999332118072e+00,1.952211667627805403e+00
3.638411435620696910e+00,2.499770497711661488e+00
1.014818336115119290e+00,-1.335597547080770386e+00
1.559145607596717609e+00,1.456771318205596133e+00
3.762132807627384778e+00,-7.191282305134345521e-01
3.023270888570861903e+00,5.823148150954455815e-01
2.609310227763772083e+00,-2.342619545333917142e-01
6.097628181677676729e+00,1.309649412206234098e+00
3.918786862323879738e+00,1.681394142225336452e-01
6.013934204731232747e-01,2.745209639587078421e+00
1.485299871855212839e+00,7.423225610025174781e-01
2.032859915955095076e+00,-4.187756529680850548e-01
3.128391985603930614e+00,8.432960603528356636e-01
2.207123202083915547e+00,2.140023665765558913e+00
3.164591116580262486e+00,2.108253171295755291e+00
3.950827592512640152e+00,1.517929188297465481e-01
1.047711562370292615e+00,9.725255281567040111e-01
2.441167793600928171e+00,1.218972356132346890e+00
1.114478462029055095e+00,6.669858424898059690e-01
-4.178952963768574058e-01,1.515360396996243697e+00
3.970779346605596505e+00,1.457968317930920854e+00
2.333567130011043655e+00,6.164405790292539766e-01
1.342400373016404469e+00,6.417494219625154983e-01
1.111689381313291758e+00,9.100474950735263358e-01
4.460846144568324512e-01,1.711106666488580119e+00
1.807637175231115334e+00,1.908948011329547612e-02
1.626946035494781118e+00,2.938895561129099221e+00
5.186802048062788550e-02,7.853514065272513278e-01
-6.687028412958513357e-01,1.001744980248672867e+00
5.636677936813050405e-01,2.724681666119099788e-01
1.866704467117066057e+00,2.156153520787331246e+00
1.506748465606180476e+00,7.734228006442863679e-01
1.543790644674964074e+00,2.666865155102863483e+00
1.169021160208089327e+00,8.351300983809026857e-01
8.707633797565703659e-01,4.804217662429948188e-01
2.172842023906313091e+00,8.342731737645788792e-01
8.631830649973972758e-01,1.834700798880226857e+00
-1.367208483740750324e+00,-1.016959099933470334e+00
1.147524045230699619e+00,2.531789203156951107e+00
1.266688076150684461e+00,1.572097610859519046e+00
2.025668050047779722e-02,2.098727696263646525e+00
9.409464296297187502e-04,3.524550471372902116e+00
3.763405626385511127e+00,-3.480036460590429925e-02
3.053339817255531496e+00,1.548897510732249128e+00
-2.244103205607124174e-01,2.226521621588295030e+00
4.311416095124581460e+00,-2.952803451477237218e-02
1.089732662410862307e+00,1.095465022340837091e+00
1.479157634067475025e+00,1.936561558854782650e+00
9.231311208741836971e-01,-5.382169477848948169e-01
6.753864381067649081e-01,2.138365715332998462e+00
1.347154224369249809e+00,1.015179539445644652e+00
4.546639633407364656e+00,7.937784287409394013e-01
2.055271442536732884e+00,7.156236263222748306e-02
2.426910556845318645e-01,6.536407925201663804e-01
1.958049161795052395e+00,2.363241275801442498e+00
1.112425869475690998e+00,5.086583599076111017e-01
1.234028516381528107e+00,2.898397465403461215e+00
2.962802415103592768e+00,7.688802648042247778e-02
2.431481792284792665e+00,6.392595054329611726e-01
2.644183855140585848e+00,1.134695153711021920e+00
4.282217718925487304e+00,-4.878955058529061972e-01
2.765286565203646241e-01,2.068530186834254714e+00
1.611372508763299738e+00,2.050751912705801594e+00
3.790637079919640939e-01,6.936742728108773459e-01
4.197040875017028938e+00,4.398882143960476387e-01
3.239395367458757669e+00,-7.827494185903003387e-01
1.826463706755776961e+00,9.516346128860884157e-01
1.405948465772482781e+00,1.522013317146492684e+00
1.533813122703354015e+00,1.566734220250279641e+00
3.001761964215377887e+00,1.526846220060097625e+00
3.042875264584989470e+00,9.540649550006289337e-01
1.975984902312794667e+00,-4.858739154137183824e-01
2.287293606272158719e+00,2.670146497048415668e+00
2.317751049521602713e+00,9.199267155888724012e-01
1.225396660621091094e+00,5.110957179514252768e-02
3.681798020240651503e+00,2.384069735219684905e-01
2.710969981424554920e+00,1.545398104465868006e+00
4.019533798267243441e+00,1.744209832805162730e+00
1.042824900223138673e+00,9.290494394994179839e-01
2.687383430081188962e+00,1.294342738641149904e+00
2.130106391067564164e+00,2.504953723436580404e-01
1.943891635805934603e+00,-3.432376241483048318e-01
1.791118232961836254e+00,5.386605884643487219e-01
1.730294123513129279e+00,1.587761062082045704e+00
3.774245921565868578e+00,-1.552501829607188188e+00
2.341356997129545370e+00,6.722693323765124296e-01
7.221904229001996356e-02,5.166492579352830461e-01
3.083994193327834310e+00,1.380578766973826532e+00
-3.945452185576239224e-01,2.720903459770352306e+00
1.263486836657131462e+00,5.779739119396949398e-01
3.051159801047871767e+00,-2.536826321060918765e-01
2.487420254184582902e+00,1.105469587812644372e+00
3.802780146063032163e+00,1.311420059621959400e+00
2.573625996993871290e+00,-1.335656967458254130e-01
1.702121811037520471e+00,1.610753039123221875e+00
1.489426620379016075e+00,-6.484384404227894194e-01
3.238633999411250741e+00,1.303867331433208987e+00
4.599257656594231136e+00,2.174903075647608652e+00
3.509933653492461669e+00,1.024661172109962326e+00
9.004071309958603386e-01,1.253184877662514740e+00
9.648358558724736689e-01,3.025206636974428154e+00
1.285252625328022091e+00,2.111574885552917280e+00
1.431834919477954715e+00,3.670593310017751243e-01
1.025209270204738843e-01,4.442549124762049662e-01
2.891216753337630951e-01,1.814529873208576172e+00
3.545053270729413786e+00,1.517577861608787604e-01
-1.963005753887747673e-02,2.019162775522258535e+00
6.454168397874027185e-01,8.649624959529575996e-01
8.691064005044193408e-01,7.650651825333822931e-01
-8.724052323736675163e-02,1.809452760574399743e+00
1.128682431571161437e+00,2.225007861496695938e+00
2.282736939919892016e+00,-6.316558175782578388e-01
2.218389878317038821e+00,2.347560628692590967e-02
2.899463293487561266e+00,1.599739552511663998e+00
1.053518310966423899e+00,2.362279967173010142e+00
-3.755496964905113977e-01,8.388970573199109326e-01
3.037626288135938601e+00,1.291044021684518484e+00
2.946792755221763205e+00,3.986713571699322944e-01
1.401911844012001307e+00,5.104163537497653502e-01
1.198970766959397416e+00,1.364308196861845790e+00
1.223814664316898781e+00,6.846903673117543665e-01
3.504461356484141810e+00,3.019461575117248220e-01
3.526657641747468208e+00,6.514732754935543824e-01
3.298048948760726962e+00,-1.087698266014561987e+00
2.970483068237253832e+00,-1.779889526705300540e-01
1.343435013075828355e+00,1.830397362386636306e+00
1.858322138515733579e+00,1.196798192230573932e+00
1.595547188747361123e+00,2.257401259954684658e+00
3.265198983668420318e+00,3.145529112588476117e+00
2.282823624542786423e+00,4.186795832398428896e-01
1.767218295087373381e+00,4.270325051447670939e-01
1.503501625555096144e+00,1.909275846419524747e+00
3.038363463214413418e+00,3.491658457283297601e-02
3.156083105571874547e+00,1.064985047100692750e-01
2.745258032711963114e+00,1.454122791042680163e+00
6.715525247413443033e-01,1.815229799589492821e+00
2.369439240192970697e+00,1.003919015002265436e+00
2.226338024067577415e+00,5.211994640220949382e-01
3.611011536081576878e+00,-4.540841708543876809e-01
3.541443134635920753e+00,5.888315769091758689e-01
4.162892369665252446e+00,1.985339953366356713e+00
1.154332797910002650e-01,1.274903609567618723e+00
1.418467938645046056e+00,1.879867812973287311e+00
3.361708337768107402e+00,2.222687405654967474e+00
2.265955677202037499e+00,7.393945800442048855e-01
1.222514885487642644e+00,8.763433003960687806e-01
1.559287173498579149e+00,1.227951439119383981e+00
3.735148495678181746e+00,-4.533517277539456103e-01
3.137963841987065905e+00,1.303702530046952912e+00
1.361016864440299123e+00,2.306009837478547375e+00
1.512409541104348776e+00,1.885861561383320728e-01
2.101025979883652361e+00,2.123617501319344569e+00
3.352621012634500630e+00,1.330218548457178240e-01
3.636963990863318674e+00,4.021296999484489376e-01
8.297464864307915189e-01,6.415007465771197515e-01
3.061101998182400585e+00,-2.147907672671360846e-01
1.400219213037796173e+00,2.368668603626180591e+00
2.695876304912538046e+00,1.747359541895589619e+00
7.678414180180441750e-01,1.400037944714725757e+00
2.862895727483345532e+00,1.596930933787561901e+00
2.685057716532606609e+00,-2.821752626103910533e-01
1.248129942444005103e+00,2.671033088409672018e+00
1.133635892496264397e+00,1.368565066159422638e+00
2.922874012583344339e+00,5.713078533945048498e-02
1.904063185260268742e+00,1.131507310665334831e+00
2.928066674320402019e+00,7.074736067976832299e-01
3.378718957361119823e+00,-7.752575931356022743e-01
-5.026842046861177415e-01,2.901335741635338472e+00
2.496693950839552478e+00,1.278145565507964321e+00
1.962321286220503280e+00,1.160102741636784618e+00
1.939783812440105670e-01,1.865672614332279045e+00
-4.080919109297993508e-01,2.705296933276872373e+00
5.320177559212575513e-01,1.531548940017150917e+00
6.376476239376291932e-01,-7.761869274017692000e-01
2.082075444405681708e+00,7.525850200972445947e-01
1.799368013864891536e+00,1.998891575602598447e+00
2.761159595903294850e+00,1.488609024530521241e+00
7.491191327103439157e-01,1.217974095867770501e+00
1.585215382489824520e+00,2.657397172106604089e+00
7.338486153733461137e-01,2.590644095282890191e-01
2.476627088983234248e+00,2.088570873417688212e+00
4.072274338008752714e+00,7.416309606266651144e-01
1.459092654593296068e+00,1.543556848418312644e+00
7.473861011606288685e-01,9.801495831164308559e-01
1.331016102000600831e+00,-5.975353602680866238e-02
2.778123450350086898e+00,5.581561075732286437e-01
1.092538426333283574e+00,-4.444709201476273464e-01
3.072867184125334550e+00,1.187718511216032891e+00
1.314076505778063009e+00,2.073252952978264396e+00
7.351605232956728297e-01,-7.104017106155247063e-02
4.141283284726522851e+00,-2.412851767143657788e-01
1.703689105607366638e+00,4.419263549315295414e-01
8.240105128300316828e-01,1.153526134361744226e-01
1.510593213270988500e+00,1.646691787951946262e+00
-9.510828616795703461e-01,7.837163299912800474e-01
1.729237929643634653e+00,6.577141813944011872e-01
2.700615035610088199e+00,2.675871892085564863e+00
2.236506406698051563e+00,1.072465918625347570e+00
2.855396356225620380e+00,1.315892905448765360e+00
2.201934982887280956e+00,-4.467876677409619024e-01
-4.701380160705306288e-01,2.314456609889193217e+00
1.011779818173752510e+00,1.133014607297867515e+00
4.283597917998779536e+00,1.268540092062383495e-01
9.441510251664866349e-01,1.782965621581001248e+00
2.304278643696770601e+00,2.407403504758901747e+00
1.463933871599630843e+00,2.235190682997369116e+00
2.633573488969557452e+00,1.700236350724893875e+00
1.432042974358550547e+00,1.609279248419409170e+00
1.667845062632138831e+00,3.736530965022257789e-01
2.279345168103811048e+00,-3.186399901306065097e-01
2.935268750757505263e+00,1.477635681345615959e-01
2.700668163635413066e+00,4.081763417856943965e-01
3.286435438240732587e+00,1.613287584814472986e+00
1.417293615876723312e+00,2.207031534998373346e+00
3.974557043975006643e+00,8.531167564815400617e-02
-8.721869563391586588e-01,2.125337368359160095e+00
1.943576107891577420e+00,1.048546543502712591e+00
2.008502371683070553e+00,2.132471040738067813e+00
2.665118015177932786e+00,1.190772741840471216e+00
1.125430612433574673e+00,2.927190387482789813e-01
2.928846158244300391e+00,7.683259381366187579e-01
2.065414368004737877e+00,6.705953026546711548e-01
6.854432567859016778e-01,1.520771259046196588e+00
2.596282766907177741e+00,1.083942434170067415e+00
2.405192733685102890e+00,1.741515352417198237e+00
1.148782353724695948e+00,1.109003451103761639e+00
1.404910450236339425e+00,9.481434267935423543e-01
2.362605977318800843e+00,1.723903794390895694e+00
2.419658990218961137e+00,1.482209208609882811e+00
1.491834871954571762e+00,4.756429823078573982e-01
2.051544872915660900e+00,1.375263673465852987e+00
8.688163429654951475e-01,2.138247352421361214e+00
2.213898057714400736e+00,1.028161359993059909e+00
1.294806056233178015e+00,1.806590511656015918e+00
2.469013184172339948e+00,4.539053628212548208e-01
1.046794332328614630e+00,1.101791285662708120e+00
2.428578905376581609e-01,4.110950305412617301e-01
1.703211489892774599e+00,1.018639915883527314e+00
2.560048516958970399e-01,1.595214640976358567e+00
4.400313237298552060e-01,2.288601230116879215e+00
1.335454296806646957e+00,2.116384788607298617e+00
3.859054800326996215e+00,1.193764490089603836e+00
4.557105178096623188e-01,1.592999673983578557e+00
3.345259656168377393e+00,1.897245906828398443e+00
6.257979704137934807e-01,2.453952792923928872e+00
1.076846012088676030e+00,1.527265679055311409e+00
2.730571249100789633e+00,2.135978691446908773e+00
1.494295418056484692e+00,9.220202482361250507e-02
4.148613875103093207e-01,2.351348439684961988e+00
2.032913170384734514e+00,1.729687374294521351e+00
9.451232641215105978e-01,-1.297492101411308330e-01
2.343329574581191288e+00,1.957126145109716830e+00
3.090529161506608613e+00,-5.195693693766800791e-02
1.600086582431337057e+00,5.162032418573822001e-01
5.784458916497901004e-01,1.943946465543798130e+00
1.571291835047427865e+00,1.004710195644736404e+00
3.666114086345837464e+00,-9.919498488420144255e-01
2.533030026832495452e+00,7.796194958319995205e-01
8.516940138477027133e-01,6.228214005502282768e-01
2.107061565325138552e+00,2.359775073722132799e+00
1.545402679702454041e+00,1.573371143607415590e+00
-4.626427859606123683e-01,1.746462781582609036e+00
1.402073417682847101e+00,2.278279279993707718e+00
1.432895802174529720e+00,-5.079372976242919613e-01
6.304028170939772746e-01,1.988328154987800467e+00
2.271251391846277112e+00,-8.141713128151693013e-01
1.561106661981886079e+00,-1.507533347444200533e+00
4.869778004302482977e-02,1.226051063025235255e+00
1.085588136954492633e+00,1.175854399898799141e-01
4.248201258454342266e+00,9.512652582618785768e-02
1.712263954500933272e+00,2.228936589089075326e+00
2.547326928120409395e+00,7.110907717631947955e-01
1.237383110373794892e+00,1.657538707003745948e+00
8.114159756913130739e-01,3.076249633717304643e+00
1.453404396047814462e+00,5.709279536218070383e-01
3.189738129989837745e+00,2.035850133104445625e+00
2.323558740898824304e+00,1.424381850260301174e+00
-6.354795401721347048e-01,1.956401255512985715e+00
2.804285740781985226e+00,1.418784595140233806e+00
2.597190360545651444e+00,9.695323322406234068e-01
8.329008554482242310e-02,2.157606052306730859e+00
3.011609690392367256e+00,-9.071665647780595698e-01
2.661178016666753798e+00,1.161135075437397690e+00
2.071053563456600077e+00,1.595902931718693907e+00
3.938466968771735299e+00,1.123047550684354245e+00
3.967196090137117714e+00,-6.922445272318777931e-01
2.526235410187406494e+00,1.119512653851622019e+00
-1.816957239702507998e-01,3.089485588624890422e+00
2.384684926621114975e+00,-5.509982093487519883e-02
2.099250156800612555e+00,7.509235332179493572e-01
4.414487685731939948e+00,-1.960435830336284102e+00
1.361388591747032528e+00,2.198905287605253278e+00
1.810048544124788439e+00,-3.747818599740446732e-01
1.609912833964031398e+00,8.383061795552950723e-01
1.402951884366982149e+00,1.490971180179297528e+00
7.087823107703237202e-01,1.336581414150653790e+00
2.423227950238177719e+00,-3.205411030043310294e-01
2.989615343678165615e+00,1.216927609394144350e+00
4.821376691530629977e-01,6.833065188792157851e-01
7.139801494833788453e-01,1.474992271911038211e+00
2.533704470632530903e+00,6.682110204874300852e-01
9.012652323875014471e-01,1.454395122737943691e+00
2.753866223625844878e+00,7.155258912396520454e-01
1.760986568364810712e+00,1.731843968222336327e-01
2.547137834506300713e+00,6.740596242085286072e-01
8.406581512930333400e-01,8.224086118491944486e-01
1.752663181587537311e+00,2.976849273804814677e-01
2.306636460996958071e+00,9.709522113647034436e-01
2.004717843838875080e+00,9.204424388864251849e-01
3.387692990155925621e+00,1.335678578073528966e+00
1.539026022911992087e+00,6.581556710181161174e-01
1.014950021731742424e+00,7.679986413691248792e-01
2.760860480263054306e+00,1.680076169527930707e+00
2.547040694845941200e+00,1.655460447083143993e+00
3.868439638824499038e+00,3.442801945557105725e-02
9.120127186947351028e-01,1.951853348324501525e+00
8.232658658255944673e-01,2.796988393765611036e+00
3.453390502184975119e+00,2.115280437548682890e+00
2.003546823468352223e+00,1.660715411246509454e-01
2.007374534037223768e+00,1.916080574413558946e-02
2.710430897540315520e+00,1.643788713543052449e+00
-1.250786373105090554e-01,-1.189792042038209097e-01
1.727057173202907414e+00,4.151970672483923375e-01
4.964069886789214792e+00,1.650592765033824794e+00
1.573015727576285050e+00,-6.522662796608702518e-01
3.696586936275806146e+00,1.671608453597614563e+00
2.027597803271281585e+00,1.581584546927039980e+00
1.839995481482059159e+00,1.903757825346094057e-01
3.242514384275396289e+00,1.139005756585123930e+00
4.376931436014686483e+00,2.138738096607510908e-01
2.972910301850535841e+00,8.575869501330335432e-02
1.797859607159554951e+00,2.666140137481135319e+00
5.159111678191262484e+00,2.112030435520867222e+00
9.393268674532737617e-01,2.070241317539236459e-01
2.067327495751207778e+00,1.238312690621829137e+00
1.079734046049074081e+00,1.934799674714477780e+00
4.190752787834205684e+00,8.670360636939957732e-01
4.578030785908591582e+00,7.997898036137146560e-01
1.249903251062055354e+00,-2.727768872552476243e-01
2.166060263935765118e+00,4.643799485536609373e-01
1.289026630618538727e+00,1.254448798739308923e+00
4.097786999587128776e+00,-1.086924052833615484e-01
1.934811757187316461e+00,2.065143266865435479e+00
2.030355826522028728e+00,3.063110550375012231e-01
3.938570136217609541e-01,5.947811301670771211e-01
3.143375836802233980e+00,-2.277713702605155266e-01
2.735572484768063806e+00,-3.827614565236752142e-01
4.194584356871149389e-01,5.341526058306298452e-01
1.735151508627519101e+00,2.766500528917769763e+00
3.492786955885034850e+00,1.953861243971623862e+00
2.200770042186177999e+00,3.188932309652605657e-01
1.180006803972484253e+00,4.644789302489102933e-01
1.313283755876327064e+00,2.923486838994022730e+00
-2.640909243125570960e-01,4.394353984633257326e+00
3.913669890310217170e+00,6.650701507199258122e-01
3.547788585268328632e+00,1.499571573740932084e+00
2.935973559609522443e+00,8.198576516973385964e-01
3.071000960542261460e+00,9.798593818902363584e-01
1.580764957745825816e+00,1.495646250375174624e+00
1.813358844542445336e+00,7.549113802051574673e-01
1.622722091199249039e+00,-5.124843651680310863e-02
4.653813729116889064e-01,7.184036032348204426e-01
1.835426057986444537e+00,-9.808141673481087786e-01
1.109570456641130853e+00,2.226512456840660903e+00
1.075156900688423400e+00,5.779361983581263740e-01
2.403369076360730716e+00,1.983287877216909356e-01
7.689204708847767744e-01,3.259818597735499868e-01
3.096155115110347467e+00,2.161361466483498806e+00
1.265561714324891618e+00,-7.761888797205962476e-03
2.101908368798701687e+00,5.394819980868676979e-01
1.430722302134598056e+00,3.352222041508678085e+00
3.557412335100694101e+00,1.530064416840177799e+00
3.551044162234155976e+00,2.415180117855809439e+00
1.320262666004939911e+00,2.225560725483813229e+00
2.721754559912379356e+00,1.593959793846769335e+00
3.975518383559464297e-01,-7.246025154487778508e-01
2.184342590792325733e+00,1.814763077678006598e-01
1.039997656409123561e+00,2.056684272561883464e+00
1.674219733516447928e+00,1.097145571001891362e+00
4.194521145110161608e-01,9.211585087787866888e-01
3.225206019701062132e+00,5.188384362987341625e-01
1.823914545989566927e+00,1.702951363431715492e+00
3.399967509100420671e+00,-1.067642433778594580e+00
-1.532751720931697648e-01,4.084294244705363175e-01
1.202042229958230291e+00,1.682407328742939523e+00
8.778820927157766629e-01,2.442106663904524577e+00
1.286404902419485241e+00,1.602086320245100559e+00
2.480073653226187780e+00,1.727670638929297509e+00
1.946521322394105358e+00,1.884197399358896297e+00
1.681892804258591001e+00,1.126069358809423715e+00
2.102282180550038682e+00,1.487959629238062575e+00
6.660827914473330669e-01,1.695153408157278330e-01
7.884494529499992410e-01,1.091456240550916057e+00
2.818826716771245522e+00,-5.412667451707995347e-01
1.632486467830880361e+00,-3.352472011019698162e-01
2.593038892276411378e+00,1.395917448003193950e+00
2.580944980824246393e+00,-5.219567287754789398e-01
3.228216068442069542e+00,-2.129586270729855180e-01
2.370663397094175728e+00,-6.764609844244939829e-02
3.186905029805056522e+00,-8.795907499125388274e-01
-5.553141471200646606e-01,1.787763757008180576e+00
2.907850314731734720e+00,1.114668697729162883e+00
2.044447196009432588e+00,9.293117068065165354e-01
3.129446977223852233e+00,1.089038705444691058e+00
5.414544362282556200e-01,2.917884237058511410e+00
2.339780410008771128e+00,1.885597953707943031e+00
3.631966223685857642e+00,1.626755057465582910e+00
1.166476413345126861e+00,1.445507218286034457e+00
3.160601253561343249e+00,3.604934563087776045e-01
1.599057050902292776e+00,2.309837612573663712e+00
5.118142031676014003e-01,7.474837170671724262e-01
2.382867837904191877e+00,1.870194838018935268e+00
1.947449067681049417e+00,7.935576080342396921e-01
1.679257538324530952e+00,1.624870084071868614e+00
2.309980081527832851e+00,5.226112799125710584e-01
2.451210260305567434e+00,2.630958693663409953e-01
2.135178105982160623e+00,1.438711949549968061e+00
8.317727286581930723e-01,5.035055128187710949e-01
2.136813747572106958e+00,1.363698779520839288e+00
3.413515303415406876e+00,7.615929461226443875e-01
3.230906500093585265e+00,5.387431449189894472e-02
9.692918395499376949e-01,6.063686634441343148e-01
3.242997039785469937e+00,1.338637267128282016e+00
-9.252198797108777129e-01,1.950570978745494788e+00
1.292587048597979571e+00,1.945084331370970698e+00
2.185637377120609681e+00,9.861487854835064848e-01
3.851385976182512216e+00,1.907665550612140937e+00
2.343329940431554625e+00,-1.493047986935136517e-01
1.868341771428986942e+00,9.074861471647607258e-01
1.899656819077345737e+00,5.012722027127933799e-01
2.258548140275929761e+00,6.496378791132461084e-01
2.328349200691480991e+00,-5.357446530587939293e-02
3.385657824708200536e+00,1.123151859069574154e+00
3.662332253692142103e-01,2.148099966716978670e+00
2.686274603700220531e+00,1.408286069544619767e+00
1.660038274860796692e+00,1.477328539016850018e-01
1.587607191992179478e+00,1.879758782710485576e+00
2.709828276337897357e+00,8.808592910928447761e-02
2.379845393632975981e+00,2.343127235727804791e+00
2.831169472208556748e+00,1.153517191553125487e+00
3.298017764893604209e+00,4.429935145648509209e-01
3.934613269264489954e+00,-1.748357275365659547e-01
2.907841759974917117e+00,8.318560006363071579e-01
1.738546883068052384e+00,1.276760237701664913e+00
3.666106035324665502e+00,1.776516766064050623e+00
3.064886082227109565e+00,-7.964702414284952070e-02
2.201534115028819016e+00,9.040997225181359731e-01
2.278007848490419818e+00,-2.326723590448855905e-01
2.240789906578575241e+00,-3.785615158936570523e-01
1.421817523687727070e+00,4.294401716481407449e-01
1.495010180713732817e+00,6.770159970830432750e-01
1.871842829056631352e+00,2.495573334365671858e+00
2.995283661050164081e+00,1.227162522611831008e+00
2.969270564933208956e+00,5.349174052551297631e-01
1.068474342317952797e+00,5.637774956150580774e-01
2.246302586010969993e+00,3.254786384007256839e+00
5.797080513252486078e-01,-9.685061689700176224e-01
1.972993813030978982e+00,1.099222853073426709e+00
2.103918678402169284e+00,7.976102454545148657e-01
2.183426600290208519e+00,1.683964728035194147e+00
9.568034013222714851e-01,5.632421226336125075e-01
-1.014087511485715964e+00,6.162784515454128309e-01
1.035885621452277139e-01,1.487226693418080448e+00
3.557750474261688112e+00,3.624063861294215538e-01
1.059497541369405660e+00,2.871265666857389931e+00
3.560358565820895826e+00,-1.476475076537786535e-01
2.295718264349260629e+00,1.801617259433933249e+00
2.368860670011279090e+00,-2.254586378010834391e-01
2.201438385164533607e-02,3.000033224748833049e+00
2.207812667713542343e+00,1.760085805892235289e-01
4.199232073214717254e+00,-1.000464856573304306e+00
2.518325663255187141e+00,6.805486467548075291e-01
2.294474036818366702e+00,1.236146776378692858e+00
1.457706331216624740e+00,6.700528816964956835e-01
1.870766562590908455e+00,2.204835565096537664e+00
3.351622577239168788e+00,1.660964458729413007e+00
9.249837989998881405e-01,1.207857109676839569e+00
2.995928845336132795e+00,1.021193002160448282e+00
2.227426004772506296e+00,1.576613198754658551e+00
2.188708893250957299e+00,6.528664140866278220e-01
3.659324087803479841e+00,-7.807689399382766737e-01
1.803220330797637549e+00,1.266633432607827014e+00
3.141588043723940515e+00,-9.710633266591335300e-01
2.680353667160316533e+00,2.056986963899233301e-01
3.592394504558394708e+00,7.262434945473195125e-02
2.734726228869621245e+00,8.519794912386822183e-01
2.052579399648705838e+00,1.387054166899468477e+00
3.105153331350484880e+00,3.928865449048722924e-01
4.017275343990899472e+00,2.125406401763925146e+00
6.872602165077534853e-01,1.917562632053542160e+00
2.304193768240581086e-01,2.808275836729393848e+00
4.163846801645030737e+00,3.150020886518656305e-01
3.877173013417325009e+00,-5.758617949863502616e-01
2.464132778779335009e+00,1.364088047061291942e+00
2.083965166899678589e+00,2.477859183466873949e-01
4.174638910942530146e+00,5.671808727862814870e-01
2.647966493056576276e+00,-1.535866582606115749e-01
3.042818567071776670e+00,1.353268604455677204e+00
2.031809794947151193e+00,3.803845389249057574e-01
1.016825488579164549e+00,2.693149903096344389e+00
3.184924983981591851e+00,-4.552204112449025342e-01
3.433349229274138992e+00,8.431293028331352524e-01
2.142743130340018176e+00,2.252249398810052483e+00
3.774981369694326627e+00,-5.636623124088477876e-01
1.214611593044816029e+00,2.417753636924129701e+00
8.279529512541179415e-01,1.351338502908148387e+00
-1.538816345448656975e-01,1.903059954593315339e+00
7.020454436140848298e-01,4.166183634388125334e-01
2.579656918053447878e+00,1.370900805693887170e+00
3.022198437945400329e+00,2.142439675148467559e-01
2.671384157858947894e+00,9.377479990664321363e-01
1.009227859291961682e+00,2.622552479776952161e+00
1.502920028697276589e+00,1.453888187388191033e+00
7.308117687279325203e-01,6.311363429974244932e-01
2.996788995434085390e+00,4.691047487595518817e-01
6.556670151573236183e-01,-8.318718721536690897e-01
2.155224757426261295e+00,9.959138054095149073e-01
3.784351693211470469e+00,8.588843305004474349e-01
3.264631843481696549e+00,2.047287784506111041e-01
5.083435506794191650e-01,1.707189518081468238e+00
3.954703374372472435e-01,1.108622394097621644e+00
3.472343462116636914e+00,-1.305666307344408583e-01
2.135483148241827056e+00,-1.121959913535898856e+00
8.945953333618044123e-01,2.597382980709298295e+00
3.317900891518358986e+00,-5.999745184854856639e-01
2.044447552649802713e+00,5.859061734857806680e-01
1.847322672222660556e+00,2.819408155555004569e+00
2.716506229370831971e-01,2.463116285986122200e+00
6.387927646218207745e-01,1.846336561862005787e+00
1.500116084611653466e-01,2.221955501342691264e+00
-1.921238380730461159e-02,-1.884589197464090482e-01
2.593673677424171764e+00,-6.224280591171669208e-01
1.882826198393055428e+00,8.975303947902670831e-01
3.208859056143792632e+00,3.359882391721434658e+00
1.735164125749413477e+00,4.299869676111470751e-01
2.188968856645943095e+00,6.431506249887924964e-01
5.241674365434152882e+00,-9.418100966846718602e-01
2.546280494102924230e+00,4.795156812040031191e-01
2.433718365291874353e+00,1.255454636727550088e+00
2.816036561800583371e-02,1.590685544856874856e+00
2.104179493847506244e+00,-7.992732814699754496e-01
1.518932888791872493e+00,2.782337266222822514e+00
2.997664814429977120e+00,2.511619410847106160e+00
3.601832903008405751e+00,-1.110518260815669400e-01
3.501459938232201807e+00,1.548223575659498641e-01
5.431759596622880437e-01,3.101634924089114342e+00
3.013294230185957989e+00,6.250115235878006548e-02
2.669427870908903877e+00,8.823899444947915782e-01
1.624510932436624699e+00,1.376359556430243991e+00
1.692038773376780103e+00,2.580659531879066826e+00
3.108595292383691699e+00,7.183108926776018421e-01
2.973161341437051686e-01,2.381419446899272208e-01
4.539791126054029125e-01,1.705349075267832415e+00
1.897316130044107929e+00,2.137445613687376067e+00
2.477371387724851548e+00,4.237249938479559219e-02
5.614783922407828864e-01,1.951097643968090711e+00
3.198729252716759675e+00,1.387857687324993927e+00
7.646551494850610808e-01,1.666321897671693808e+00
1.125749114792386152e+00,3.114168992403012926e+00
7.172087283214338971e-01,1.343721079354060599e+00
1.988123709918794502e+00,1.883096582430127341e+00
1.274817704708107957e+00,-1.275077890871765263e-01
1.403159558812856034e+00,9.014571290814377136e-01
1.147605427735750361e+00,5.966251533421490505e-01
2.547271830762078970e+00,3.919017347333996204e-01
2.103844724244775755e+00,1.692963628589954528e+00
2.075270745190203936e+00,1.055869518795074180e+00
3.473824915849877293e+00,8.344399874247175886e-01
2.058177106982880922e+00,-9.045034700493705948e-01
1.124896152500638014e+00,1.851406589609502884e+00
1.517526864816703291e+00,1.810292228770313816e+00
2.397347031674149864e+00,2.688825065382409729e-01
1.884005035327738220e+00,1.466087216373781921e+00
3.259339157594315139e+00,7.508131533223143528e-01
3.812866824683556644e+00,1.309052735925933630e+00
3.653565555491490535e+00,8.602748408649991685e-01
1.499335322441405660e+00,1.783243556625992543e+00
1.117255956264007866e+00,1.936857318028457620e+00
2.273676785806402645e+00,5.895056423139983792e-01
-1.455156699247086571e-01,2.839237803954556050e+00
1.296402166242833776e-01,2.495984706467850422e+00
2.750066812413991535e+00,7.431901210378832889e-02
2.813897268480963554e+00,-8.485692775438364865e-01
2.757199699354687894e+00,6.711223004643995793e-04
2.873603094832848370e+00,1.295479060402228155e-01
1.509436061730684564e+00,2.867947597796883130e+00
1.978147320506664864e+00,7.605840308386205839e-01
1.686925930246869987e+00,1.267459968914781188e+00
3.294173014837530999e+00,2.550042486775794259e+00
9.637662098005426170e-01,1.902235564385089894e+00
2.281940239528433167e+00,1.517189784598553803e+00
4.837827208633465048e-01,1.624073750002705818e+00
2.562911350559571311e+00,1.267499282452137610e+00
2.559162207391435739e+00,1.757008787416772355e+00
9.919099169222560519e-01,3.323633650445249277e+00
6.739935283220572781e-01,1.402903624670513105e+00
-5.622228143738627892e-02,-7.745274132069339679e-01
2.465800794478003599e+00,9.417972660281732633e-01
2.787168215233386537e-01,1.798165041147105070e+00
1.297244178212964894e+00,-9.123567239582905941e-01
2.564030837047209133e+00,6.254481522937542781e-01
3.218002078690373136e+00,1.979374353104029982e+00
4.023561231577767572e+00,3.971764694348134395e-01
2.990279995224012222e+00,3.767296255440739650e-01
1.573020472418886762e+00,3.897826458699436003e-01
2.383155929929323236e+00,2.630330026145877298e-03
1.465609541368743773e+00,2.482844699084318041e+00
2.201996270996155580e+00,7.146331848997646841e-01
4.699805210870164895e-01,8.377338135399319263e-01
3.767371073365353151e+00,1.335230889676932264e+00
-5.168911176992394552e-01,2.871564984135240195e+00
1.271775772277382366e+00,1.380157754153566341e+00
1.931810202346393002e+00,1.461835474134034030e+00
1.262904189687105827e+00,1.744822830506600697e+00
8.323916445169206035e-01,2.181593668144435227e+00
4.360609561321098226e+00,9.776357080164040925e-01
2.104739980703940194e+00,7.569507819074638988e-01
1.034036905565993703e+00,2.127985291997182227e+00
3.329099404021089281e+00,2.910225528518033844e+00
4.883585223683553078e-01,1.979383118039428124e+00
1.968957538929233753e+00,1.024575408566454682e+00
-4.117920645239707689e-01,1.501084048807040050e+00
2.967291065241179915e+00,-3.321060738769909815e-01
7.094367401636869630e-01,1.657881228710967658e+00
3.168437609275716049e+00,1.586348931161419840e+00
1.085441364179056567e+00,1.498210443115710611e-01
2.607069435327001194e+00,1.222049968376128337e+00
3.502892163661333935e+00,-8.395004074117773385e-01
1.844327552684403848e+00,-6.844500946956717513e-01
1.383540743747601720e+00,1.399024882066938869e+00
2.014278029564883887e+00,9.969432199226165858e-01
2.199558788138384902e+00,1.492463415481812161e+00
3.501710459217892257e+00,-1.331455182226495726e+00
1.089399161675463912e+00,2.376732394699344830e+00
8.363460453477224998e-01,1.425259931336391617e+00
2.568300435581700292e+00,-4.940213883519550819e-02
2.086509784276909141e+00,2.240239728730609947e+00
5.906655610611032614e+00,-1.485903861102928492e+00
3.224455260900373155e+00,1.092811053014225653e+00
1.388670000663887905e+00,1.087168169014844921e+00
3.761015005900627095e+00,3.758367514336157234e-01
5.897891997153257293e-01,1.517950188940835554e+00
1.445215334827666176e+00,2.012940420005100428e+00
1.852003314132530498e+00,1.564771634284216173e+00
2.791637522727280274e+00,1.633899554706427004e+00
1.970557705465950438e+00,2.087882096501445517e-01
1.172123700679183589e+00,1.323083020374590246e+00
2.396910314220616289e+00,5.614096435077939873e-01
3.377415911783867131e+00,1.351489217856341574e+00
-3.681335087112591609e-01,8.222880172405914179e-01
2.396264882629515203e+00,4.175551918600407530e-01
3.551760079272304971e+00,2.875406766322867735e-01
2.353393960218574055e+00,-1.121544237573488090e+00
2.311920972958350529e+00,9.720234129615473728e-01
1.853789154555578689e+00,2.574641888374085141e+00
7.483701094170798207e-01,1.652718212640257534e+00
2.288200716245501809e+00,2.077054463735084067e+00
5.685621992385019308e-01,2.147395819365149894e+00
1.116796813314693271e+00,2.342699401288053984e+00
1.997320131888001837e+00,2.526907028723307747e+00
2.498776518097139743e+00,1.732341044134398489e+00
3.136876090026007091e+00,1.304822330382992890e+00
2.463391349550366538e+00,1.227609616072631749e+00
2.585294744617105955e+00,4.173622961065249770e-01
3.243823861418116294e+00,1.488667473023210785e+00
2.972027555073818217e+00,1.835168461178919852e+00
1.569968644355745013e+00,7.547699696901672972e-01
2.404629463195416594e+00,1.566047071429183646e+00
-6.311551346194659295e-01,9.417112384280327264e-01
1.118494328066499843e+00,2.382363431787253294e-01
2.582885834294918581e+00,1.371678425498130904e+00
1.695455775065326964e+00,7.179573510189408703e-01
2.499046023904352154e-01,3.696547493587487576e-01
1.536472581790728320e+00,-5.911596933263669751e-01
1.980978824180442688e+00,1.889592341720766289e+00
1.798544282869259936e+00,9.542523371539914923e-01
2.737705355173026156e+00,1.419597630371392416e+00
-8.731146455308809173e-01,2.698811611239117170e+00
1.733810944410788091e+00,1.218671550636969414e+00
9.974662495464061696e-01,1.779667829325533690e+00
-1.352385554296633430e-01,2.774770809015675077e+00
2.019475059596280264e+00,5.971692009305809012e-01
-7.507025161893885468e-01,2.336567400221843727e+00
3.817660384053540579e+00,5.481640857613978568e-01
2.661932638728778944e+00,1.179327343618773893e+00
1.478977412142871151e+00,1.357328273134497110e-01
6.953574131324140595e-01,2.389918104941474386e+00
2.251359383670100023e+00,-7.825052171790749522e-01
2.159541488693210720e+00,9.622912693273691920e-01
2.200242170860443824e+00,8.765502224678322074e-01
4.089074599257624953e+00,1.386443474753374705e+00
5.024337510036285259e-01,1.025443236776065081e+00
6.458166967071454767e-01,3.168183368043133719e-01
1.613593858007533299e+00,9.228670734540354026e-01
1.539393755131228003e+00,9.082037671103926346e-01
3.017014456377465237e+00,2.862242075129331376e+00
1.907999878442332209e+00,1.054940662191489631e+00
1.032507837930412009e-01,9.407006575086507283e-01
1.487702360002687296e+00,2.148064476675893175e+00
1.118198780810383042e+00,1.116741449287599330e+00
3.678754667351276542e+00,1.807938965883157723e+00
2.126723287618040636e+00,2.137795747735492746e+00
3.596643883557717913e+00,-8.728565366472085252e-01
1.949625204004992174e-01,-2.907928731295945646e-01
2.172161517734677361e+00,1.003086427933997049e+00
1.013239627235105411e+00,6.571928683295505946e-01
1.935479376975501209e+00,2.720161476480490670e+00
1.225037251730554111e-02,6.789078714125174052e-01
9.554564121985531511e-01,5.025417721620941691e-01
3.581862566943708970e+00,1.263537264883157096e+00
3.934805865204973774e+00,8.842293359248021289e-03
3.780198835113252276e+00,-1.440498520669151183e-01
2.355794786282918274e+00,2.236200256676174059e-01
1.905527591483976435e+00,1.477435699127644497e+00
1.100913192787283723e+00,1.426294574494067824e+00
2.077598703950054748e+00,4.173897321903173863e-01
2.446464443222839957e+00,7.368758363771410469e-02
8.369479604629044278e-01,1.590824096709427593e+00
2.294914941794151897e+00,1.569112874754582609e+00
3.138542554586041256e-01,3.143800440367712667e+00
2.347495713424735175e+00,1.515724157075961642e-01
2.337850385910022588e+00,1.441792395255330206e+00
1.912363545054933223e+00,1.635785908619646900e+00
2.581258961592796108e+00,9.869039382894050361e-01
-4.928820598595384794e-02,5.860156008685980522e-01
3.554112317716884739e+00,1.153065778862932156e+00
1.094692960789902081e+00,1.107281967053714622e+00
1.744117357357318321e+00,6.829680693467929942e-01
1.399764128144113329e+00,8.946358066268794706e-01
3.783248759877846368e+00,1.069102046588073396e+00
1.632117392342426587e+00,8.584363411965534318e-01
8.044452955465699606e-01,2.302351615976744981e+00
1.362447049641423602e+00,2.722426354193801856e+00
1.805291419390857355e+00,4.095667775553598844e+00
3.579031535536874031e+00,-3.484891226355451010e-01
6.626204242401816380e-01,1.306380309513434312e+00
1.442015756245467184e+00,-2.345132170258292792e-01
1.765632015081389117e+00,4.413964077725524016e-01
2.113258216496024300e+00,9.932053159655844787e-01
7.524249095883470684e-01,1.026160390641011055e+00
3.264889209039305573e-01,1.075276109188677998e+00
3.111899381873932668e+00,5.521068922878279439e-01
3.102223243312587808e+00,-7.310698855169857069e-01
8.418190330611639016e-01,3.381841631799346048e-01
1.037695286445851961e+00,2.021928615341288094e+00
5.741135318237127194e-01,3.354574695138475837e-01
3.964720477676346722e-01,8.793219110057806098e-01
1.721805418067232418e+00,3.073311530596885888e+00
1.544324281164458856e+00,9.908031141537512188e-01
1.496514893096245302e+00,1.464406368792695590e+00
1.085679177765939585e+00,6.716132649774213537e-01
2.317136850964780503e+00,-1.544885069718453519e-01
3.451533522913639462e+00,-6.787801257477616979e-01
3.944700984551990253e+00,4.442132095394142333e-01
3.362803635876418173e+00,2.208522563511858827e+00
1.134138585539491206e+00,-6.001484835644417259e-01
2.442957153131673387e+00,-3.131194834338790756e-02
2.246878086299003652e+00,4.533355077573442138e-02
3.056716935186708284e+00,1.552820581771788833e-01
2.766287755912640201e+00,1.003452661442203908e+00
9.147114389206207896e-01,8.795222166947684883e-01
3.364058598374815023e-01,3.238345681208472993e+00
1.794404550795662967e+00,1.269271052628956120e+00
9.307487004981065404e-01,2.146033606596885246e+00
1.924460736658955673e+00,4.937741078605120126e-01
1.291643085480171482e+00,1.006066159248484526e+00
4.233810128398012296e+00,-1.847927850373687342e-01
2.729674804670820798e+00,1.167378252845377329e+00
-3.010860946472746491e-01,2.661731345483546285e+00
3.021498602917896292e+00,1.378423974543336428e+00
2.951999376323017898e+00,1.716883519778502176e+00
2.370466717413174162e+00,1.582085269665745475e+00
4.810220509206327932e+00,-6.988057874708184514e-01
9.087437388390038340e-01,1.573096882413942854e+00
7.538443295907608643e-01,1.668105241729372468e+00
3.603472784098474602e+00,1.015707147365375818e+00
2.395379849840334252e+00,5.520087785755967147e-01
1.938148709646082768e+00,5.135631239105207246e-01
-3.681852657842670240e-01,2.409038341528399130e+00
4.206972702473759096e-01,7.477375086242969981e-01
1.968078788159937531e+00,1.075684085230785403e+00
2.210343432418437004e+00,-9.998568770924167737e-01
3.684758047769310707e+00,1.932664789009244544e+00
8.526833754133595900e-01,1.257336430796394344e+00
-3.931301581558459546e-01,7.102077303501953542e-01
7.111671136336543686e-01,9.688402758209859744e-01
1.332798775077387976e+00,-4.525694023081707762e-01
2.040059628170642902e+00,1.350184666989083349e+00
3.298415841768802537e+00,-4.209992697817204199e-01
2.669545665394521983e+00,2.420782046531037013e-01
9.670857916058628323e-01,6.014758412289938905e-01
2.781021517537903165e+00,-1.650481347324033177e+00
3.097639823119288316e+00,4.281155203789998032e-01
8.123208395005623306e-01,1.226674863762367673e+00
3.911364042406426211e+00,8.684549985056387866e-01
3.725856233282814678e+00,-9.752380343824640363e-02
2.108590133669166367e+00,1.840862491358838504e+00
1.883695127399213076e+00,1.684710784128222727e+00
2.824346671831159394e-01,1.494393258010285441e+00
1.921031013784812114e+00,4.867640736183356243e-01
1.337850355194520002e+00,2.515243656591639621e+00
1.877396781142627313e+00,1.001563844196030839e+00
2.480515207578980696e+00,1.665092483918094945e+00
1.414341000084064159e+00,2.028564165450577494e+00
1.973709829996977527e+00,1.019090540607386908e+00
2.321490894992943588e+00,1.673931494284152777e+00
6.942465187127284665e+00,-1.164408404557909282e+00
6.006043686869055875e-01,1.063772196074383336e+00
2.301743448195199715e+00,-5.180608881695825119e-01
3.884955123925428744e-01,1.590855982643522015e+00
9.368699070041375254e-01,-9.256061770400914046e-01
2.534387025851337683e+00,5.023574597746791603e-01
1.052799821310360429e+00,2.119762354263845516e+00
9.081465207091854452e-02,7.645387501196281299e-01
-4.005153126399285668e-02,1.980405722247166933e+00
3.706005936616614704e+00,-1.374476943032118648e+00
1.425541609338052407e+00,2.298097889663822446e+00
1.215452660888237002e+00,1.769839588245404549e+00
2.396167784559056546e+00,1.519104256837343625e-01
4.321116176246629692e+00,8.863122447638019930e-01
3.483129864991352242e-01,2.717244664506277996e+00
1.654802018128880725e+00,-7.759141563353992854e-01
1.653521938622360965e+00,1.504803037449059522e+00
2.219362003075029399e-01,2.231943649653152839e+00
2.253697868040600572e+00,2.342494096682939730e+00
6.191218128963045242e-01,1.597805080264623534e+00
2.031306139153945978e+00,2.507545406971936952e+00
7.586673759668887129e-01,7.450331967605965389e-01
1.815119021173013714e+00,1.503350957505995567e+00
-4.092361443568486301e-01,2.159391341580402024e+00
7.199794778480317348e-02,1.003321426055563848e+00
-6.747948279162101493e-01,1.344338531465050890e+00
3.103839627267633183e+00,2.147579992396729809e-01
1.972766409562503487e+00,2.946215460385809282e-01
2.773002353877668025e+00,3.842535660724116786e-01
1.334153607819220433e+00,7.527553947878962148e-03
1.738386086501335859e+00,1.266530563775088547e+00
1.248481407251909037e+00,3.799167733885404630e-01
9.653869803227428381e-01,1.197837462737467717e-01
4.202324833645670665e+00,1.244423547513922035e+00
3.467225847933002036e+00,-1.134611228780263215e+00
2.285989030866498961e+00,-4.258095885951587167e-01
2.578183644903844218e+00,9.614466936545620346e-01
6.678422140736952617e-01,6.072214866434535452e-01
3.769278579838590826e+00,1.285742151848677350e+00
1.530236007961836009e-01,2.559606663871755394e+00
2.624389449261878227e+00,1.342603393715604998e+00
1.446735098016247445e+00,2.195359780896217750e-01
8.405844579103911585e-01,1.080458876241293442e+00
-3.478520074933402206e-01,2.946376474603140228e+00
2.375985775757724738e+00,1.394218510807542888e+00
1.030021063614869448e+00,9.041418667511353924e-01
1.859918965006081892e+00,1.334179036970272847e+00
-3.383200309039935405e-03,4.736006958021911073e-01
1.688974873305967073e+00,1.805679430021842391e+00
2.142661054577017943e+00,1.044762655176327826e-01
1.793212738575754139e+00,2.129349768470332194e+00
3.497830645184770937e+00,2.074744295281738982e+00
1.744664098322705303e+00,5.591703377970747013e-01
1.603794040431296697e-01,2.436295477559094369e+00
2.087387326886345207e+00,2.005174434139528339e-01
1.557851504204977422e+00,2.238768251332171833e+00
6.071834941459941515e-01,2.628077881029505569e+00
2.751670687713990926e+00,2.756200083895442798e+00
3.085343859870375738e+00,1.882886039349256357e-01
1.068252364784894048e+00,3.568077485314740116e+00
1.750402206741840327e+00,8.560205325668635012e-02
1.065910638117868903e+00,1.003672634948042930e+00
3.474224033505499243e+00,-1.707308457710499106e-01
2.264382484496656911e+00,3.990110824578925186e-01
2.006213149143577290e+00,6.281393524736662570e-01
2.624014478332524991e+00,5.476225265826148991e-01
1.613183279054859032e+00,2.493116542701306670e+00
2.913385034754121694e+00,1.002133994375489223e+00
2.216623728391491355e+00,1.027691119664430497e+00
2.422551130536276354e+00,1.344850521865380566e+00
1.546166976887714872e+00,1.413545423586773708e+00
2.364739437048168469e+00,7.810190466400322995e-01
3.390269694212491025e+00,1.017069278983351310e+00
2.659185096904960410e+00,1.136304992936674640e+00
2.240376916542430319e-01,1.675576653477938383e+00
1.997448685685262459e+00,1.290904432831998072e+00
2.096881665318069299e+00,-5.832504866569616642e-01
4.752471628141330395e-01,6.253766871563049001e-02
2.302309350921779352e+00,1.658889436050819732e+00
1.441468752514329044e+00,2.404598986251871295e+00
2.565284086803270469e+00,1.749294359662318943e-01
3.020554423997602100e+00,8.139160972604888578e-01
8.365415664197610734e-01,5.074043311338187756e-01
3.617839457431483385e+00,7.017978690014519128e-01
1.723545226626260529e+00,8.909661713425442997e-01
2.278648048416814120e+00,2.298815800319500280e-01
4.395620674190320543e+00,1.150635374282754642e+00
2.072808994910658953e+00,2.212877384511072965e+00
2.345107575059664828e+00,5.524776361883532161e-02
4.262307227348413718e+00,9.055988178046620041e-01
1.654450012831159222e+00,8.679520654837411531e-01
5.078980543658365043e+00,-7.435057760290408879e-02
3.796704721399994931e-01,4.169069890427979930e-01
1.268450037532378616e+00,1.480309968194519099e+00
2.465475613611209482e+00,2.172255079763251828e+00
4.939146252331725329e-01,1.852180095353729072e+00
3.395080829226321484e+00,1.827968377745393891e+00
2.318210978913068487e+00,1.269988971582334036e+00
1.301661522316597264e+00,8.731105210074732170e-01
1.979900679146373577e-01,4.753315826466819605e-01
1.905784766149946963e+00,5.659172666419176601e-02
2.682667198891836691e+00,1.076895015362199892e+00
3.174404212478543208e+00,8.736253668517788284e-01
-1.890812809011513718e+00,7.853009031021183084e-01
3.703225460234419231e+00,-8.225977183343902155e-02
1.163491621293433642e+00,4.770858087310734241e-01
9.890170866345096012e-01,4.286866232701169732e-02
-2.713148083399725685e-01,1.122938148023742588e+00
1.065791416040865691e+00,2.267894816991853801e+00
2.572196239366538961e+00,1.124182489947755048e+00
3.249485083863629331e+00,-4.713922193561081997e-02
1.841793711033887115e+00,9.975784432112451139e-01
3.120969534193231976e-01,6.820952201611562016e-01
3.078117037449409565e+00,5.366801054562151396e-01
1.934084228208334366e+00,-3.273659297300413051e-02
4.415919966383985873e+00,1.970774691746626672e+00
3.854946640001277736e+00,6.361425462594121338e-01
1.529177290973853687e+00,2.116697591413005508e+00
-1.803667460793247912e-01,2.263914277594700319e+00
1.998860328103359452e+00,1.342592772626143516e+00
1.799031157481402632e+00,-1.727298766056528656e-01
2.517872327253756648e+00,8.274464509350207830e-01
3.132729598962352924e+00,8.169139319428077028e-01
-1.973542231385147172e+00,2.294095310956881129e+00
3.015779206854909411e-01,1.509682857546306822e+00
3.559723397165300618e+00,3.831797760160622346e-01
2.072061550763605542e+00,9.798022254796058261e-01
6.668526043294362715e-01,2.131917569356427400e-01
3.109749862521840491e+00,1.906858867468683716e-01
1.576226489375125217e+00,1.224839934093907790e+00
1.611593709871241842e+00,2.013669941285962217e+00
3.043888400548515616e-01,2.114503136144217699e+00
2.584532824546154295e+00,1.609460008213241977e+00
4.211831101155937063e+00,-3.651334758076760778e-01
1.192945807165695538e+00,9.677038733209927246e-01
8.942817182006157495e-01,4.103500042767528333e-01
1.537529340526016641e+00,1.411190826128250198e-01
2.852142428286070786e+00,3.092158028482783205e-02
-2.343838420562862623e-01,1.096000118762965991e+00
1.601783590524103129e+00,2.066363203478100985e-01
2.477598606694761507e+00,1.965803874590975830e+00
2.863534173458867294e+00,1.708685590640083296e-01
2.933468555555008628e+00,4.002454848331991055e-01
3.489990188575299968e+00,1.783120930780906166e+00
1.933926745677203352e+00,7.067746082004285890e-01
2.076334890954333101e+00,-4.646762186938460104e-01
1.524008272377036510e+00,-1.057860628754508703e+00
1.211306064572358121e+00,1.222301789645414694e+00
8.144093974975601391e-01,2.935425858766516960e+00
2.411201334741352564e+00,-3.765871712031707563e-01
1.513579460513367003e+00,6.846778384315688193e-01
1.015404778634689364e+00,-2.666962045233813861e-01
2.682511189959741582e+00,9.964036160589391233e-01
3.748005960378081980e+00,-8.821090350419016346e-01
2.502329023688656839e+00,1.411535055517441295e+00
1.409798846004903350e+00,1.524533924430544030e+00
2.293136784977622078e+00,4.049588643270329857e-01
3.616940567354236080e+00,1.993064003589660516e+00
1.382599152554732314e+00,-1.227563591842044222e+00
1.467482122067726324e+00,-6.820486490604515950e-02
1.852996761898431988e+00,-1.200897005363956715e-01
2.007277700371986828e+00,-4.452244127817912567e-01
9.599210593919098589e-01,1.997145790309345026e+00
2.763891251209424027e+00,-6.284108967475638963e-01
2.740238172428089758e+00,7.042170640269324045e-01
5.693131667520032746e-01,2.061499943283952252e+00
1.885834314147774471e+00,1.976336725005089612e+00
2.772899137182176066e+00,1.440230059305368737e+00
2.149064240929086544e+00,9.019283603784039594e-01
5.108431532315624857e-01,1.426260497085373391e+00
1.709447782252116799e+00,9.071163237248963673e-01
2.812446288446339704e-01,3.237968168637033184e-01
2.891011373510837146e+00,-1.023105356839266289e+00
2.449956968150477365e+00,8.900063279486043477e-01
-5.671276471203321456e-01,1.668334603981993514e+00
2.449847455952267161e+00,9.248037919631592052e-01
2.812292428478766482e+00,3.585489567898685337e-01
3.355693452966136636e+00,-1.511925536412840998e+00
8.810128803354819738e-01,2.557433120029354967e+00
1.695244200720228855e+00,2.175838479581936102e+00
1.874711095933734306e+00,-2.408495207382017611e-01
6.319409333549228514e-01,7.443414480975648617e-01
-5.472280935692901416e-01,3.356151277788866683e+00
3.263328035669472715e-01,1.912659318487760274e+00
3.790360910660442784e+00,1.205539080474291591e-01
-1.280712233021974455e-02,5.187678412612412027e-01
2.090505401242473749e+00,1.033714221314071313e+00
-4.345858346844373443e-01,-2.568583018671248830e-01
3.360781971644110300e+00,1.453686495712402049e+00
2.288089687473216838e+00,9.910963105706551701e-01
1.986522301659507717e+00,1.942580180748270102e+00
3.084950654699743833e+00,4.289075951607712600e-01
2.515602378452915566e+00,6.514354778449640282e-01
2.477192565252967160e+00,4.317232381654916296e-01
1.467775095021471632e+00,2.503696413146572208e+00
1.327176706051060195e+00,1.965015018550598569e+00
4.360157196333560137e+00,1.465834886784333602e+00
1.610675647989390447e+00,3.448224237338302078e+00
2.946516122253191483e+00,1.180362315255656824e+00
3.342791541864315263e+00,1.660975132338851301e+00
7.824925433924543317e-01,1.868738042426170143e+00
7.190669005610028641e-01,2.737466146122065069e+00
1.911854202944071934e+00,6.682438731576203494e-01
-1.771086332914522110e-01,1.494480806406927931e+00
2.988593498302667406e+00,8.276384408881612975e-01
3.457997622164632467e+00,5.348844804591352808e-01
1.729047459716581470e+00,1.588067632997354206e-01
4.168699188494718655e+00,7.895662868851927030e-02
2.110774099838813367e+00,8.593045899324442960e-01
4.259211241826061922e+00,1.068443991157415063e+00
9.591565483473432074e-01,2.453591072673947160e+00
2.903889163123026584e+00,6.333178134442151164e-01
3.119077137636959485e+00,9.019454878373716067e-01
7.858807533488056940e-01,1.384038417247073216e+00
2.218745883486020976e+00,1.439535450783563819e+00
3.388629417804831512e+00,2.913418860945513611e-01
9.102703440474870789e-01,1.279641728339054652e+00
3.026656365287307526e+00,2.594824999708278401e-01
1.592976220725079717e-01,5.304557965163609889e-01
4.003835242903466707e+00,5.859325816278461163e-01
2.203066406132761390e+00,4.487927394718086438e-01
2.028259827519243164e+00,2.778191006434401533e+00
3.692037080001547622e+00,1.158091285602234732e+00
1.554883752121705154e+00,8.048161962161795024e-01
4.777384818476126949e-01,2.935788799672844895e+00
1.084143713163798761e+00,1.466219273679805202e-01
3.964665716993346578e+00,1.025459597616449114e+00
1.734714194349352478e+00,1.893569515500242328e+00
2.757888370675539935e+00,1.645264458951686493e+00
2.483168566904389252e+00,8.410888875919133589e-01
4.947659636746177814e-01,3.084974772297345069e+00
2.975427383605328657e+00,9.212838983565885265e-01
5.130876705932889692e-01,1.894423563147810796e+00
3.025280835869760487e+00,1.350546648322454413e+00
2.284756526513115116e+00,6.967951008282819991e-01
1.723087783142939866e+00,1.654222867778564865e+00
-1.158893430830178595e+00,1.616459169486421210e+00
4.776660857094725543e-01,2.266536687841424147e+00
-1.998095440830569558e-01,1.281975863301548335e+00
3.509261106097224747e+00,-1.114754671938713582e+00
2.737887044759228061e+00,1.660120128264193529e+00
1.692262635289321748e+00,1.211824437020642575e+00
2.256452701229216817e+00,8.101065002536036452e-01
3.221314940007693473e+00,2.775339189708655452e-01
4.254194897347403526e+00,-1.127855367609345016e+00
3.913752434440501915e+00,1.702041485657313169e+00
2.483656383730270090e+00,6.982773609520694924e-01
1.406289935934611490e+00,7.682488589090094022e-01
1.131049604208717696e+00,-2.256609621829028800e-01
2.683244508808951156e+00,2.519401665933758139e-01
5.532978844081124503e-01,6.047569816731406256e-01
1.873881886787537976e+00,1.187848676142430726e+00
3.577911675938683089e+00,4.732092544119423927e-01
3.030210976919235577e+00,2.122688182551055291e+00
7.866323499905198968e-01,1.352170461225062903e-01
1.178052104376709819e+00,1.621110289674536853e+00
2.586942664631882494e+00,-7.755433245931291353e-01
1.935759029380918150e+00,2.118667762483859907e+00
2.032456424038328713e+00,2.237461317457567045e+00
9.540998276189376348e-01,1.934106634359684662e-01
2.113971973770021329e+00,-4.276279757486101119e-02
1.749746961573510173e+00,4.305740852311475964e-01
1.758303862447556432e+00,2.161732103878914568e+00
4.533449676825511698e-01,2.596167768413888410e+00
7.918474266433490616e-01,1.673590026004876163e+00
2.278973113559416230e+00,3.817538632302452939e-01
2.048451467647160129e+00,1.880438384818784447e+00
4.080529006236126577e+00,9.728981136339486246e-01
2.537835123674581972e+00,7.289292996843484973e-01
1.652711619819771771e+00,1.047911975407911589e+00
2.998150300091106057e+00,2.429476525257403541e-01
2.042455870892589065e+00,-1.066669089683393690e+00
1.421233040564575667e+00,8.642588049316566323e-01
2.829844091144569251e+00,5.568147258368661978e-01
1.377854500230542234e+00,6.281657334486949740e-01
2.079711251221553869e+00,1.714990187244884501e+00
3.192577004076541769e+00,1.533186277937121034e+00
8.160286379848482596e-01,-1.096958895326114014e+00
2.668858378328151204e+00,2.737293220249439329e+00
1.522099839403020294e+00,1.617810588423751916e+00
6.765393934681374066e-01,9.237766539786063102e-01
1.536827419662686545e+00,8.004743674201253434e-01
2.554299524409485933e+00,-4.399432018753326457e-01
1.600973821037757761e+00,1.571855801075740855e+00
1.185788325417912015e+00,4.849651316224844466e-01
-5.247699333572168889e-01,-4.714611602431761916e-01
1.275895172247998755e+00,1.245843508324257165e+00
4.229310494599158865e+00,8.433428877451465411e-01
5.369552522229183111e+00,-1.762739302869723801e+00
2.076817462867882824e+00,1.182135575451141118e+00
2.296885405969558924e+00,7.652095330251644789e-01
3.014448688208917204e+00,2.446965709510374509e+00
4.301968045631896942e+00,1.266344110842441584e+00
2.375130268580275761e+00,1.775506237091433848e+00
3.997064048669314307e+00,-8.522494626803112094e-01
3.463476162667276981e+00,3.846604718490467256e-01
7.000118985610728206e-01,2.473120026028364560e+00
4.425159345157111623e+00,-7.557152163062874628e-02
1.580789691824647569e+00,8.145233356280479065e-01
3.913773175573681318e+00,-2.755995828028746431e+00
3.469321267327753588e+00,3.970439649678543237e-01
2.466167225228821813e+00,1.975775622220735439e+00
2.679532805760932668e+00,-2.832301850383265318e-01
1.122548426553763745e+00,1.450298663218807960e+00
1.821094772661971728e+00,1.378517864968311191e+00
-6.941152243717807480e-02,2.531488156593251659e+00
3.378506139320808899e+00,7.356489477986335457e-01
2.051899695755007524e+00,1.421117044844516064e+00
6.792185316357646219e-01,2.171401437465261708e+00
3.036731558470728842e+00,3.905937791336500098e-01
1.644458390099307721e+00,-2.700149400318734294e-01
3.654220484055774598e+00,1.178372487837304528e+00
8.990774514266324235e-01,4.952492806150554649e-02
9.980558972075486146e-01,2.119949395956050253e+00
1.011800716736134031e+00,8.492341436227649476e-01
1.742524268949924071e+00,1.307417479224353141e+00
1.390572681740787075e+00,-3.715024984848638301e-01
1.092049693155785484e+00,2.912491271462756437e+00
2.369653398239310871e+00,8.302939475700881200e-01
1.372027503472768029e+00,3.389988222436194132e+00
2.561566301874223850e+00,4.363341846210421204e-01
1.572089564702405795e+00,3.188039644158817687e-01
3.065401418023305791e+00,6.263335492052188869e-01
7.950983536979041588e-01,1.937101667562393992e+00
2.030082617038720283e+00,-5.368293638463939033e-02
7.699661621387368093e-01,2.003482740003453610e+00
1.662535425619169782e+00,-3.865008415050585899e-01
3.347380053083330864e+00,3.670181453912939595e-01
9.005563788048422946e-01,1.019516673044803312e+00
9.957339201833472764e-01,4.666261681822199137e-01
3.020104135866904294e+00,-5.175269519135810015e-01
1.250510483078577151e+00,-8.992508866853210492e-03
4.229943626996642614e+00,4.262211552682937388e-01
3.305358756077036553e+00,1.097912426341468795e+00
8.297513956690152348e-01,1.253380858028941613e+00
2.784110321039162450e+00,1.602070364262906388e+00
2.211989446637554035e+00,8.536793963267308438e-01
1.474332058066172069e+00,2.235138646631507076e-01
3.201187601829656337e+00,-6.599609240791004527e-01
2.250469255339828667e+00,4.740837184488086997e-01
3.013522146159370863e+00,3.567284118236651036e-01
1.178396413341456839e+00,2.000477817486322252e+00
1.153440194621786707e+00,2.905489238821942433e+00
2.453458588583711020e+00,1.615383748435945677e+00
3.551253434948595800e+00,3.842812787767938554e-01
1.398430459804188120e+00,-1.206232137056060250e+00
6.409382903652294239e-01,1.629719892058677511e+00
1.255661828885560993e+00,3.041001939048558755e-01
2.312001273418844871e+00,1.058784979627919176e-01
1.026642313782599736e+00,7.864574064810780918e-01
2.666341122855496959e+00,-7.664666057329982962e-02
1.698340351060716014e+00,1.564616702127864523e+00
4.507838013530265364e+00,-3.043562956015867016e+00
2.371397983255264741e+00,-3.581617583637473068e-01
2.483473195347411178e+00,7.170145014662051564e-01
-8.445243135992792638e-01,9.137673653071577418e-01
2.130560002201778769e+00,9.230360437778825089e-01
2.600320819468525002e+00,1.045742215835195443e+00
3.705010017879632578e+00,1.908934191638049782e+00
1.551476989860950173e+00,1.718753053090742000e+00
1.586450558671836930e+00,2.255943607759078873e+00
2.946609101298186761e+00,1.464528527861564955e+00
7.989960551088344243e-01,1.020220708798366349e+00
3.057358069491773911e+00,-1.014190792118136120e+00
3.705438240456739418e+00,6.791582201688143305e-01
1.871886406121711310e+00,-5.689542188199343542e-01
1.542179033615442396e+00,1.080310660096715614e+00
2.512946643178865180e+00,-2.462914273971639201e-01
6.918710238307503868e-01,1.725637710845746575e+00
2.295236076843396589e-01,4.464296266394107704e-03
2.532177642919241300e+00,-9.200275225084804109e-01
-1.448983852663376481e+00,1.911356246106614254e+00
2.502444786214128580e+00,1.782323324939392162e-01
1.004174477866876192e+00,-6.494108790731716319e-01
1.809344071286058675e+00,2.773412346164346953e+00
3.161248186313080133e+00,-4.540161465303513832e-01
1.351665952528717352e+00,3.707212744639507562e-01
1.940382004849894981e+00,1.788655267407987637e+00
2.392261480137955143e+00,1.414783045862661348e+00
2.947375954419233501e+00,6.084004949681038887e-01
2.425973658544232414e+00,1.315825510282981892e+00
3.473795851264612988e+00,9.655170009947400267e-02
5.240319359516929509e-01,3.501834590246477585e-01
1.216582994746032487e+00,2.383742438295511246e+00
5.247920234223123259e+00,1.383496275242636520e+00
6.262670192800734448e-01,8.797246370019236039e-01
1.906867872431290412e+00,1.206232049409998508e+00
1.160256141151129405e+00,1.988178265266856704e+00
1.573962176137139846e+00,4.622475360272848555e-01
-1.478713778731393091e-01,1.242236336077549019e+00
1.575709308531080488e+00,1.056415051611411249e-01
9.821105623383343808e-01,2.596610862311743428e+00
4.097680341312099017e+00,-1.344953981742012417e+00
2.535981706548995795e+00,8.015336573721861813e-01
3.746205613478277296e-01,-1.980897195365278751e-01
2.751911626011872336e+00,2.014183572515356069e+00
-1.818874382650568222e+00,1.568084305454697347e+00
1.462682527902227303e+00,-9.498554864770021311e-01
4.550495279534170212e-01,1.808757943010892433e+00
2.146426932522202957e+00,2.011785805652360537e+00
2.417155059625410995e+00,-2.566792029485798210e-01
6.512157296909104609e-01,6.629558263201780210e-01
1.850835255148316039e+00,1.722262649193374351e+00
2.153948289769123114e+00,1.884610883522618519e+00
2.205453707631535032e-01,1.994881902115545724e+00
3.229623016020768844e+00,2.072755287649047373e-01
2.487191365319429082e+00,9.563716164864447533e-01
3.303440190841699042e+00,1.531442034964317633e+00
2.602630423947602800e+00,-1.007416220227729031e+00
2.855549452756998896e+00,-4.265405842513576573e-01
4.598876250953713551e+00,7.435263872743655966e-01
9.509658917895380537e-01,2.023297497946789480e+00
2.781760635126253600e-01,7.406807630530852782e-01
4.300821569980484149e-02,1.963089694126116669e+00
1.723538512442665427e+00,9.788867986286651224e-01
7.442028437836041288e-01,2.440790909102118267e+00
4.079219100077211557e-01,2.081819178910004453e+00
-3.146839869395843259e-01,1.806461086807269023e+00
3.871778981982590739e+00,6.093689480208195342e-01
2.579169681401709546e+00,3.561277292396738403e-01
3.682283576775890133e+00,3.468363640320245578e-01
2.234555910563118086e+00,1.404565812096112198e+00
2.531540605751056994e+00,7.672276432784321809e-01
2.444447616100172027e+00,-3.628350523385870385e-01
1.754884692928267764e+00,1.037985632379533341e+00
2.048915735222347045e+00,8.379595122086713754e-02
3.332070284764049983e+00,1.634284895903657775e+00
1.234461503677727334e+00,1.364938247215930378e+00
3.481695666848841686e+00,4.437720807443621407e-01
-7.256649160364680995e-02,8.433063430087102130e-01
4.901624424925270063e+00,-2.392317799681276114e-02
2.676808878880406972e+00,1.786232761876424657e+00
1.465651497616314192e+00,1.367308735944282594e+00
4.302661702867668581e+00,-7.553702385748284343e-02
2.137569715353896616e+00,-8.380477958867338373e-02
2.203323402107074891e+00,6.142065684389952374e-01
1.854022159392686664e+00,1.291492595606080762e+00
1.009233011619952380e+00,5.922482347569830718e-01
2.239467896839693495e+00,2.098079421558800561e+00
2.308761566827712386e+00,3.868525116735286318e-01
1.388339193976943609e+00,-2.913549413568987667e-01
1.818389574533099129e-01,1.883819427341504760e+00
1.353253343023710364e+00,8.768062696926386401e-01
2.129175111421067967e+00,9.445300301937398224e-01
2.753594404191123779e+00,-4.983239994848807086e-01
2.327068551554665632e+00,2.086473912521234375e+00
3.089697261170869513e-01,4.412649425297043848e-02
3.322170332896018152e+00,9.575087779122830600e-01
3.557849140968154522e+00,-9.003342703538468328e-01
1.886610347641722862e+00,1.461008713048841390e+00
3.454652550017184964e+00,1.340028685142953035e+00
1.508257679432566167e+00,8.243137091377980008e-01
-2.147500481129984706e-01,1.741821116168525752e+00
3.213240611619571752e+00,4.553758682592689011e-01
1.962020010272421011e+00,1.932683077759052903e+00
2.513137004375383121e+00,2.819643083205392031e-02
2.418360581173498502e+00,1.116521415219966507e-01
-9.311279091106010597e-01,2.161524721857461806e+00
-6.976970741206591775e-01,-3.795051321700313451e-01
3.230911066704288626e+00,2.766923401264861582e+00
9.383576232231869430e-01,1.314276733782347995e+00
3.631059472202557981e+00,-1.038764182126752367e-01
1.561627140164332239e-01,9.584178678007728713e-01
2.099535726737093988e-01,1.597603024642356928e+00
2.194821008675325036e+00,1.073256952938828723e+00
1.268582725707778414e+00,7.373036372581416309e-01
4.646342693894112585e+00,-1.160930578320418238e+00
2.084697611829668507e+00,2.328390462647527137e+00
1.540471013221315078e+00,1.581802790777158352e+00
4.144874820086882572e+00,1.390274007772861697e+00
2.560081130556841167e+00,-1.244749177520107608e+00
2.750938369480485868e+00,2.075415067467157204e+00
6.751447342600374046e-01,2.044070111729078931e+00
1.696826175793524349e-01,-1.645868132954200203e-01
4.019893745083271241e+00,9.174582349930203717e-01
2.770903719535611653e+00,3.876631091184713496e-01
4.525459367012645728e+00,2.105195591319017012e+00
3.063878609283646526e+00,1.768396544945245896e+00
2.708125182451837532e+00,4.835646517776908127e-01
1.195102794305735738e+00,2.303175797654254175e+00
2.238652656185733836e+00,2.389573589688152921e+00
5.354192668857482573e-01,1.427313084939971333e+00
8.087070337271435871e-01,4.971871125106885891e-01
4.106401868182545378e+00,1.655157499157858147e+00
1.832199567261951989e+00,2.098646845488232326e+00
-9.162023695997363326e-01,7.048009697388766259e-01
2.481145387082570597e+00,1.028846219785523042e+00
2.340984579383505793e+00,2.700634329466915506e-01
2.045965039954498632e+00,-6.457347645977353778e-01
2.786842663008234133e+00,3.976780486385169677e-01
1.552276257791453062e+00,3.295216572676369804e+00
3.705263207927079527e+00,7.578660835331009205e-01
1.001490800074269716e+00,2.089671901134670495e+00
1.355882189099888224e+00,4.285026671046576752e-01
1.627899366924054902e+00,1.643274824199491446e+00
1.094124237529654264e+00,2.093597670869359106e+00
2.010007794738787990e+00,1.693405710582580825e+00
2.935662210257907745e-01,2.166346522733878732e+00
2.609694151768820802e+00,1.186809751727644135e+00
5.918871445295168510e-01,3.446002320622887360e-02
2.227398808699179167e+00,4.678649457545845936e-01
2.627200620926829711e+00,-1.075295591025264841e-01
1.986068224886800015e+00,6.941729876216107264e-03
1.357159984384884499e+00,-1.107211481355486082e+00
4.487652155264667542e+00,3.213826061060830463e-01
3.951051465363121018e+00,1.224540000871791712e+00
2.840062824912214179e+00,-1.915712317077396865e+00
3.713384919723932143e+00,2.359406552827282511e+00
1.849329274561581027e+00,1.407513277043610067e+00
4.934708464331638567e+00,1.195601098344366342e+00
1.590610505755811754e+00,1.357419828558942054e+00
6.075750985105643487e-01,1.464398407548173076e-02
1.364403545710616061e+00,2.293265834266627223e+00
2.194896200912930251e+00,1.737419539678313196e+00
3.537102798031877438e+00,7.735905467810082481e-01
8.911301208573594312e-01,2.320825513261334017e+00
2.218866742517336732e+00,1.990112296178801143e+00
1.091317896550905608e+00,1.861835376403675912e+00
2.681329646077934559e-01,2.644885562348422869e+00
1.486883353994319812e+00,2.301531777789402877e+00
3.982577459864794278e+00,2.157338852438849486e+00
1.126069126677351262e+00,-1.184184752610765834e+00
9.202922393727925865e-01,2.732988492556739590e+00
1.511578796939361258e+00,1.892037233650341710e+00
6.114997871306386834e-01,1.342873992287330509e+00
1.104695839071452301e+00,2.180552518836408327e-01
1.715454456515716375e+00,2.354260333243753056e+00
1.612933811833901387e+00,2.027513170686401800e+00
1.852169379239653191e+00,-2.502408947599989997e-01
2.212276534960458729e+00,-2.312046070228923611e-01
1.269757626150008312e+00,2.238736882525523164e+00
1.691473452222468365e+00,1.259217905932919823e+00
2.518328987932302088e+00,2.693656638752404131e-01
-6.506357580006421060e-01,3.133403749637847291e+00
2.028332790571855337e+00,1.016488384420333180e+00
1.265285738572226926e+00,1.608546139690378185e+00
4.394137695910103503e+00,6.614197576491470665e-01
3.022934419739908840e+00,-5.695661690501923058e-01
4.239791802968505330e+00,8.720538345508437317e-01
2.832439702858052577e+00,2.044319642468274800e+00
1.005140197856042805e+00,2.267368402736487099e-01
-4.009139561784125227e-01,1.469800136739821683e+00
9.778633357431254503e-02,1.986286064448074207e+00
2.000470933586702138e+00,1.847559972760108860e+00
2.394234659635026130e+00,8.777264852503484649e-01
1.132763728465269404e+00,-1.467202967432523764e-01
1.357154895934691741e+00,3.309479981393901760e+00
2.223805333652348004e+00,-1.930827635426166644e-01
1.472615963420838670e+00,2.561549737011629801e+00
3.557126651008923446e+00,8.751723433359845927e-01
1.380936039539765847e+00,3.863884904451013735e-01
3.921357626775390237e-02,2.420950133956563555e+00
3.653564585027110567e+00,6.277320942139582582e-01
3.951643363170899814e+00,-7.683641436808137382e-01
3.269452400015556925e+00,7.444660679528265490e-01
1.507729391569117006e-01,2.082999350693764740e+00
2.159185322602125812e+00,1.962062404062287380e+00
2.699321043888738281e+00,-1.698842066675179119e-01
-6.939825579285536783e-01,2.650287168887563105e+00
2.521639235494479436e+00,-9.981110391778535984e-02
3.414283348097535864e+00,3.054332816000719930e+00
6.792878844804750571e-01,2.867034048805667368e+00
1.884111078514588922e+00,-1.458536758126032229e-01
3.644383708207139083e+00,-1.471343824868596162e-01
2.743782145439899622e+00,1.810304378044649054e+00
2.935047351679284322e+00,1.311459844437419475e+00
3.788041811529069491e+00,6.186953322950037304e-01
2.743786329693218562e+00,-2.593482312563724079e-01
3.024594782488257749e+00,2.541187677544167745e-01
3.475189188437826537e+00,9.301392448668732715e-02
2.386754759011391336e+00,9.634695082198270200e-01
2.597397130962964429e+00,1.203958525965824311e+00
4.238915223482784267e-01,9.583313125696214518e-01
3.605428431119308108e+00,-1.278643242206918273e-01
6.805411401720951048e-02,3.536778421914742454e-01
2.831559690919884353e+00,1.248300247477334146e+00
2.820641662465764199e+00,1.070296367754032696e+00
2.950761349087211549e+00,-6.642947941630608089e-01
-1.292429137385759930e+00,2.146897146887983610e+00
2.359443359066104584e+00,2.680358997869168869e-01
1.397844076774874544e+00,1.103096619798414668e+00
8.005323756435145377e-01,1.521906203547975345e+00
1.730951000028349007e+00,1.351285585856053517e+00
2.463019239910755331e+00,2.383627685188012713e+00
8.547152484772071457e-01,4.046565280994700586e-01
2.988233106700044495e+00,1.843281045641300242e+00
2.801176748861113452e+00,1.075225891145493939e+00
4.134244613510894339e+00,3.427284656315884304e-01
3.158832303400906483e+00,1.487197058407989658e+00
3.664284209371941881e+00,-2.375982271891725617e-01
3.074864994616601344e+00,2.819058878253260403e+00
2.168220037124434008e+00,1.117106688149649862e+00
1.679590447270400855e+00,9.603408723712624218e-01
1.830083273768597696e+00,1.586350133619639058e+00
4.291162825320071761e+00,1.281119769048185697e+00
1.934799449686685158e+00,1.226920307127668641e+00
3.361556802926384258e+00,1.974115446743227809e+00
4.708432672725572310e+00,1.234318376016702246e+00
1.305894579901269559e+00,1.698260178826437983e+00
3.619759656760710875e+00,-5.795931924473836094e-01
3.223914671338825144e+00,1.786387355169763103e+00
3.173347935992947733e+00,2.447669627490439925e+00
2.400730101693229201e+00,1.167981149873776214e+00
2.726524895541091453e+00,-4.188732353471036340e-01
2.107041771139237962e+00,1.141309004755919787e+00
2.524109222687911824e+00,5.352759214059100712e-01
9.252914254182555975e-01,3.185910862471923899e+00
2.372412602976189167e+00,-4.267665054250269208e-01
4.218807553883156203e+00,-1.671441194700471478e-01
1.767001663946741630e+00,1.770507810005157667e+00
-1.742174287107278730e-01,2.376063124210551436e+00
2.513676155314996663e+00,5.743553621750883131e-01
1.703488443949435549e+00,6.842217477889843691e-01
2.896916335267269105e+00,2.620690768374989155e-02
1.419738326492510971e+00,1.826870998388602008e+00
6.859997682375884587e-01,1.556292066926506124e+00
3.687496798309734203e+00,6.670709141408770471e-02
-2.976062914960615480e-01,1.624048625002699975e+00
9.177682075855144728e-01,5.153029108575446493e-01
2.173655361493578297e+00,1.091380669990848817e+00
2.182312198925884683e+00,9.686528131345351067e-01
4.257382426452505086e-01,6.159396303850885879e-01
4.418384298193642756e+00,1.087263972592945604e+00
3.668403724227824902e+00,4.142354945746884454e-03
3.528319567254992961e+00,1.193606877807087407e+00
1.226770378624585600e+00,3.221036559324427007e+00
2.068540376576159190e+00,1.510610897680975562e+00
1.470576334803787910e+00,1.134100060813386435e+00
2.628550627806491402e+00,1.460260668720169352e+00
1.405687660820466700e+00,9.401083036695230266e-01
3.179165432889432097e+00,1.207176855073332389e+00
2.845768272438551350e+00,3.889435008870668620e-01
1.051410935337571129e+00,1.496354942116849163e+00
3.120403647763688060e+00,2.186197836631564861e-01
2.070768357991867870e-01,-1.039844334611334631e+00
3.264801582293607840e+00,1.705662106513229137e+00
2.159236173579922813e+00,1.593409277233447163e+00
1.274315834728302566e+00,-2.695123592374386590e-01
1.292792464848354417e+00,2.184777955091785628e+00
1.539345999441566137e+00,2.256581281667278116e+00
3.107508893354600232e+00,7.838148460071594492e-01
2.050707921842163550e+00,-1.253808959443960536e-01
2.523825219088374094e+00,1.108890553631699749e+00
2.596905216560316809e+00,7.701401861287926476e-02
3.804124653302583869e+00,-7.630985339054845440e-01
1.165947942613335009e+00,2.532059697679047261e+00
2.748346676137765954e+00,1.037157186198846670e+00
2.497821772431246590e+00,2.784989853240819713e+00
2.318553099507174586e+00,1.305340458242270740e+00
2.526103175904248488e+00,5.730171523285809698e-02
4.959880153971084837e+00,-3.140134620526580100e-01
2.857225942380630990e+00,9.200002475098799648e-01
3.195081388590867988e+00,2.556260778049890270e+00
1.860514700655201858e+00,1.731058714273898014e+00
1.923575481933412545e+00,4.597608610706906962e-01
2.004335665300672087e+00,1.684111988528009807e+00
1.904621700731070622e+00,4.062145171277330435e-01
1.619386028269226951e+00,1.294585359194531993e+00
1.460912943860529944e+00,3.628252456134156700e-01
2.060822382533659791e+00,1.301527594412610345e+00
-5.742251595588498958e-01,1.103626208162426181e+00
1.726384104393246410e+00,2.618015072247137809e+00
8.457170495048353942e-01,7.064468425278853658e-01
2.064068924385092707e+00,1.056886003648786598e+00
2.718838358581580295e+00,1.051051925307222579e-02
2.051800032480026736e-01,1.888347963922352601e+00
2.285345042798152537e+00,1.065086394261530289e+00
3.017267262756152313e+00,4.396002737993771614e-01
1.661074703140079656e+00,6.004003590010666969e-01
1.560554714579994062e+00,1.694795070967090700e+00
6.689135454001495784e-01,1.662158704237250095e+00
2.501949962064686783e+00,1.217429725979041200e+00
1.421067245225208442e+00,-7.517892231740219700e-01
2.347575664898337688e+00,1.214756015318809501e+00
2.705178912570335381e+00,1.163502119370501964e+00
6.677784595909430632e-01,8.883890710313420147e-01
1.769268155902371520e+00,1.324409595920321703e+00
1.850904591249141529e+00,5.682011380266146494e-01
7.215435263175311587e-01,2.007788459658323532e+00
1.138564789643066177e-01,1.724550451362500958e+00
2.109946036383858470e+00,-4.289773645104633104e-01
-2.878857674812693723e-01,-1.582552187346935479e+00
-3.737197790779283046e-01,6.327048409820491548e-01
7.188049386462092016e-01,8.579467212399294329e-01
8.516319253124238209e-01,2.941980450039703765e+00
1.641111452709971941e+00,1.390580349824279471e+00
3.925915637334486341e+00,6.131490529081587981e-01
-1.400240531010514822e-01,2.528484270739209672e-01
1.869505455028467100e+00,2.529400379465841731e+00
1.747728916578160874e+00,2.195922631628639543e-01
1.425136552342798790e+00,1.905693109226254567e+00
3.447099691297136559e+00,3.716835410826176300e+00
2.060907875832289182e+00,1.037430767225862027e+00
2.124037413583701905e+00,9.520276685751054568e-01
1.265028830733174514e+00,1.507954766903701893e+00
4.092606840045779570e+00,5.792323559133876199e-01
2.803231602427825209e+00,1.396919589308662335e+00
6.254083455908843181e-01,1.471272646659599337e-01
-3.265735306711494701e-01,1.029126311737664334e+00
2.353332084383347844e+00,8.237068004181569147e-01
3.741444309595925333e+00,1.161700086635644835e+00
1.775832275126752791e+00,2.534059855565204522e+00
2.484936691631256522e+00,1.613560504754587566e-01
2.531771156039582138e+00,1.354860847252149281e+00
2.752074846193099056e+00,1.728249446892140551e+00
1.255801257652008118e+00,1.853220925805000530e+00
2.832218443145672282e+00,-3.946300059470022603e-01
3.611616365566289399e+00,-2.241696777429469378e-02
3.133217232432897514e+00,1.081199612585637571e+00
9.463531595804686170e-01,1.418544736197782541e+00
7.759437931132082689e-01,2.830934926368543492e-01
1.340232299213407252e+00,4.832213430671178367e-01
1.115515699190635424e+00,1.277151911643475746e+00
5.237719180735460611e+00,9.812481574805742568e-04
2.736615826522854178e+00,1.090645910201186286e+00
2.588142623262300379e+00,2.087453169211765935e+00
3.063135534468608867e+00,1.502188644678660534e+00
5.725677740475643152e-01,-7.491856885094705376e-02
1.672514497886518070e+00,1.512583436982783081e+00
-5.517821289935058715e-01,1.008794225596758798e+00
1.012213003534761402e+00,2.330772259227197551e+00
4.993887102184380034e-01,1.393730571857036971e+00
2.137412191920073923e+00,-1.674145161477639920e+00
1.163517014232259505e+00,1.247523537848537423e+00
4.374677291962383308e+00,-9.589737098267208104e-01
3.145033203815205347e+00,5.075379822090319015e-01
1.484543876951805341e+00,1.543655811540789902e+00
8.814695705006307946e-01,1.647835395890991261e+00
2.642842123544842714e+00,-5.631153518325726637e-02
2.118472746118950756e+00,1.423837735853570541e+00
4.426650377606412334e+00,6.434417612491221128e-01
2.424716845061348991e+00,1.147107364871207791e+00
8.449171242631960954e-01,1.217084447584035223e+00
3.871395697846223172e+00,-5.163703023985344309e-02
5.230853317931194457e-01,2.029770322971147678e+00
2.830309348007186365e+00,6.250264280474315814e-01
-3.670482109152937156e-01,9.815788718709879124e-01
1.467290665361354662e+00,2.354727736549206529e+00
3.000071361198802578e+00,2.468363652092782079e-01
1.443665277334269970e+00,1.838306390602245877e+00
1.277424336488761414e+00,9.313212349999143713e-01
4.419125457381193556e+00,5.032991258136927382e-01
7.298195059771219739e-01,2.074565959206066346e+00
1.733097733826568732e+00,1.130284128191635595e+00
5.475007035138388378e-01,1.173700806208199721e+00
3.347208513135671026e+00,-2.116979161654972685e-01
1.370050141475168903e+00,1.873219159164766445e+00
1.537495577758069443e+00,2.683801944897775904e+00
2.593900023595863580e+00,-7.070357382058376494e-01
1.034099622814647290e+00,-2.582943430062281109e-01
1.250708423141954739e+00,1.261508925090599309e+00
4.045501703640614899e+00,5.712259893372251263e-02
2.239413104166909640e+00,7.286245355898706144e-01
1.634642916975190818e+00,-1.545719368749935985e-01
2.879261474515667274e+00,1.628775651385084622e+00
2.559467818553147644e+00,-1.184616856779233007e+00
1.115634122401068407e+00,1.661226712114196591e-01
3.451713661146813994e+00,-1.683267907196865920e+00
3.867467621550359169e+00,2.515378697079739823e-03
2.825282677256294228e+00,3.770957004619894803e-01
2.504673852323453964e+00,5.023158239571099415e-01
4.025416163843107853e+00,-2.417549266940333119e-01
2.939267075673186014e+00,8.474099784412397751e-01
2.743197207266065529e+00,9.645156087468540473e-01
1.485560869304537235e+00,2.351822035348377415e+00
1.439259571261589210e+00,1.621617898777031108e+00
4.678544960208507852e+00,1.461404046851533689e+00
4.271849680995689624e-01,1.059956847776757138e+00
2.395868427691074221e+00,1.272767212459991804e+00
3.668286427107285697e+00,8.692824570235677673e-01
2.863682023417442934e+00,6.635329809502008569e-01
1.834783241028578038e+00,1.041457483732374900e+00
2.772490137840813773e+00,5.868470556647135128e-01
9.252659389620827568e-01,9.224487914873007455e-01
2.036171088024032017e+00,6.869344744133878411e-01
1.499396074644110843e+00,-1.039346492604449335e+00
2.312669666832724236e+00,1.327258588706049514e+00
5.779517888122814639e+00,1.174371402493870731e+00
3.580004621243411123e+00,-2.029216991943714188e-01
3.003148601571854481e+00,-1.765085968346724599e-02
2.677660214281515572e+00,9.602831680239363177e-01
1.719350938347959712e+00,1.653501165575802512e+00
2.458313774899889559e-02,1.303884096193724806e-01
1.479138059699042440e+00,2.850640919714549915e-01
3.685991254707667863e+00,-1.540880387777141536e-01
7.291394430768420865e-01,1.488368828340243644e+00
1.172336562093702295e+00,2.318342188051963682e+00
1.814070247101897904e+00,2.482255183651443708e+00
5.711117430324310629e-01,1.584690295992934095e+00
9.551213379439149609e-01,-9.923049611671066472e-01
7.983473532930267513e-01,2.261199323111777737e+00
2.566309726189900609e+00,2.619268312219876993e+00
2.248717334766443088e+00,1.495264336501936020e+00
-1.400044166011067404e-01,2.112398845983098017e+00
5.615923748692559059e+00,3.247647012911187847e-01
1.510459452152563609e+00,1.821909664135376250e+00
3.354264421735165591e+00,7.024936423217873482e-01
3.273302315258036721e+00,5.914139162576068642e-01
5.310299451532365378e-01,3.329944032838191514e+00
1.758486619517383165e-01,3.384805940114685718e-01
4.011322259155956971e+00,2.026351037665572008e+00
1.555130981360928200e-01,1.645898737495198105e+00
2.065704441702564065e+00,8.124472972791437764e-01
1.310252974674623427e+00,1.081429104084260739e+00
6.255047141260041688e-01,2.331170616048334754e+00
2.519559159364189060e+00,1.343639367196725054e-02
2.090433287373257620e+00,-1.358426681696016658e+00
3.820334597230421014e+00,2.042787408425258633e+00
4.039290411485106702e+00,-7.265099763849809378e-01
3.303094969771256828e+00,1.371636010785546311e+00
3.206213110469350092e+00,9.154724353321970209e-01
3.362317089114439828e+00,1.280646350023872948e-01
1.231664338887324295e+00,5.347397258435678813e-01
9.599407150106955555e-01,2.576354434019745288e+00
1.276973145739487503e+00,2.843810521313973716e+00
1.237273632576894489e+00,1.535649073447002522e+00
2.089439924770572610e+00,1.192967664847803810e+00
6.296655580672121388e-01,1.059057741682856602e+00
2.367135477438126578e+00,1.380416408140079376e-01
1.089751088642911814e+00,1.557908862052645560e+00
1.122602200023389285e+00,1.779118045469543441e+00
7.621534000644496487e-01,2.216966715123878995e+00
5.337862843938161461e-01,1.272730320045915020e-01
1.390038935783416640e+00,1.229104830862276065e+00
2.612992698382823775e+00,1.472488709406308161e+00
3.632803010418831580e+00,-5.279515127304927891e-01
2.114277210715800326e-01,1.736183171081340681e+00
3.663727367607672036e+00,2.676463814857909629e+00
1.923439257948905023e+00,-1.717260219371736785e-01
3.478695117761319899e+00,8.617207924055392265e-02
2.690634398347062195e+00,6.845450701448344555e-01
-1.017425210028246596e-01,1.746957100949440234e+00
2.690925822042901761e+00,5.108905108642719517e-01
3.086221321309926324e+00,2.711584127839368197e-01
1.973470588214355281e+00,-1.559352799872708584e-01
2.373996001106331022e+00,1.308315531993654801e+00
2.330103650060314280e+00,3.266062339853972318e-01
1.736119247695861567e+00,9.427297523034591231e-01
3.629771633248792817e+00,6.313686342398128204e-02
2.573754508130087881e+00,9.666506947783969350e-01
5.659843584579746789e+00,8.818241611775141653e-01
3.465416398806643983e+00,1.662363138627556580e+00
3.280206361604698806e+00,3.324780746469453430e-01
2.401628676915918525e+00,1.328877225427936182e+00
2.064305168105011745e+00,1.123738391960967142e+00
1.230609159434712607e+00,8.769215218201602546e-01
1.863947929233937151e+00,7.198379328659283427e-01
3.073848765214575174e+00,2.144078588743255409e+00
2.088030714617024941e+00,-4.624869229284265248e-01
1.813306636359197421e+00,1.485004989216134330e-01
2.048305445663950231e+00,1.133771268638192886e+00
1.505819717728819951e+00,6.287874789877909709e-01
2.110635533723590029e+00,7.410922051689659007e-01
1.210658662671284080e+00,2.088076660935708873e+00
2.023110570869748326e-01,2.986003368104681144e+00
3.290157300441408861e+00,-1.629850994650562157e+00
2.851986221389350540e+00,6.536374345338269443e-01
1.706581935991765775e+00,6.046850257857939726e-01
2.992930898188403965e+00,1.579663992724112065e+00
3.215212996317930561e+00,6.680581843591549829e-01
6.370188086626566992e-01,-1.385350464196371423e+00
3.985939148424506584e+00,1.398308244781989229e+00
2.827668083972697310e+00,1.419837750408490695e+00
3.769405576857187690e+00,-7.183171493995654799e-02
2.292652855660789246e+00,1.883226960533523453e+00
1.445728688208093082e+00,2.113053388090065710e+00
2.260851512748724090e+00,-2.795317186528052389e-01
1.663835176027980145e+00,9.833575306728797871e-01
2.376124725674870319e+00,1.318308418164540807e+00
4.160769257855627679e-01,1.521688847703875913e-01
1.046985814623957012e+00,2.004166321014643204e-01
3.135392964552621287e-01,1.915568831756690127e+00
2.296481185325949248e+00,-4.307884288706953502e-01
1.679527084877150633e+00,1.332965674701500847e+00
2.285556970380924202e+00,1.985576966501969132e+00
1.357659095933483773e+00,8.218968815660376848e-01
2.882199001096815483e+00,6.667601774771346745e-01
2.309488544494076923e+00,5.434639418166478109e-01
1.320445846222293440e+00,1.836503566463800752e-01
4.483912116569211292e+00,1.141593681435431940e+00
3.282511658394949183e+00,2.641307885857744342e-01
1.922609060470775288e+00,5.662587989836909141e-02
3.986009642940167907e+00,1.967859303841410057e+00
-1.015180483829300595e+00,2.863827758782646615e+00
8.139162337760499355e-01,4.747386720833819851e+00
1.665276418243970991e+00,1.149735578531255964e+00
1.059858900278373151e+00,1.076035847897294229e-01
1.728406873994121629e-01,1.489233729062338529e+00
3.026404005835994226e-01,8.387663872795341202e-01
4.054549095652694390e+00,3.459100642511578894e-01
1.353200887119252016e+00,1.900401113880922699e+00
8.769632061600334261e-01,1.364577269944688975e-01
1.420154397627945597e+00,5.481544849404584863e-02
-4.218039539555160644e-01,1.119814545596270472e+00
1.794837061581504578e+00,1.246461793366332449e+00
2.824041833467384688e+00,9.915988899032299742e-01
3.582730254365659839e+00,-4.251865167843853488e-01
9.659427106862648049e-01,8.230127530077373521e-01
2.565786998691668153e+00,5.361268127053676613e-01
1.913880653865131842e+00,5.730312561316925901e-01
-2.098562999094966131e-02,2.743023163661155284e+00
1.333180127035711315e+00,-8.941591994452458003e-02
1.715789810710833141e+00,7.379367388385227322e-01
2.379961499014158210e+00,1.348954178888710498e+00
4.951985890456496175e-01,2.099414357778761175e+00
3.712292653331002779e+00,1.313054996751247927e+00
1.721750588069487442e+00,3.676003765150417824e+00
3.007469208716561759e+00,8.637253665610524767e-01
4.732295355636209067e+00,4.355165517882430004e-01
1.774553054151445819e+00,2.276032278500045969e+00
2.472350891094996062e+00,1.429437387093403622e+00
-1.686717524656460299e-01,2.637935065183827810e+00
-3.665254659783330204e-01,1.849236054005210406e+00
2.468770999621617612e+00,1.351010289737493819e+00
-5.743380069739116855e-01,1.098793146295025114e+00
1.626097060377746928e+00,4.619486668112895433e-01
1.523654355311544917e+00,2.875359805786934508e+00
1.252352738474827420e+00,1.210846018814612179e+00
2.705136010268928803e+00,1.525447560858580465e+00
2.117385746344282893e+00,2.469200599411695229e+00
1.718877044436669221e+00,1.300773370368112136e+00
-9.456153263815259002e-01,3.155215648105666126e+00
2.531535082445807383e+00,4.607539869287671230e-01
1.085102003209864385e+00,2.031792661780164710e+00
4.354178251572231595e-01,6.429413352146191585e-01
3.089567754700150992e+00,9.739156466032143911e-01
1.851807945238546305e+00,1.488923133982147373e+00
3.911839193370913126e+00,2.052972168033962985e-01
1.309028004816267909e+00,1.693319192717832600e-01
2.592667363245054091e+00,-2.983563315224944112e-01
1.395651185301530095e+00,2.549091010512087419e+00
3.019331035632637050e+00,-1.153566894143984722e+00
2.179464195103549606e+00,-4.019033376963001558e-01
3.598695292189621142e+00,7.299367860607094416e-01
2.192077884367743312e+00,1.045575905041245868e+00
5.936875251096596084e-01,9.061200515132932232e-01
8.591594906221700079e-01,1.369765142169784733e+00
-2.983555148979970539e-01,1.427069183483597126e+00
1.467779229258221463e-01,2.869699567143537244e+00
4.386483101193610068e-01,1.456301732763380707e+00
1.591728134118387539e+00,6.175475753467093432e-01
2.310434620489438817e+00,1.126275629108283827e+00
2.173440866691298545e+00,9.507336411713298574e-01
6.960621351130209522e-01,-2.502452049531589395e-02
9.736381131239719711e-01,1.908914082147156632e+00
2.861547453812096631e+00,4.193978191460345784e-01
8.173453437851576631e-01,4.256087003760051779e-01
5.995983832247020473e-02,5.789149893460369123e-01
2.308803775838409678e+00,1.855760604505457323e+00
-2.739728788824136174e-02,2.263606015614670230e+00
-4.711013457166219887e-01,1.927479776314076521e+00
2.212467944217384463e+00,7.630654263923120073e-01
2.032720506528903570e+00,2.319491306156470145e+00
1.621873169107294954e+00,1.439633944081033068e+00
2.645491689607856856e+00,1.478358775469310826e+00
2.106232466890011423e+00,4.435893555182700565e-01
2.513513003359644671e+00,2.859820701431373458e+00
3.381982715795626149e-01,2.183811839385616516e+00
3.064951564085439450e+00,2.001413715825474338e+00
2.953537536860629586e+00,6.903996980770379377e-01
9.761993823127950165e-01,3.158276572212980859e+00
2.240230239470051732e+00,6.912580759898363514e-01
2.570605475962567166e+00,1.223831228023328777e+00
3.210395755984738475e+00,1.150957033931756524e-01
1.684816075914725264e+00,4.800944435853455872e-01
2.404970550697638654e+00,-9.594352320650274546e-01
1.893334641024059239e+00,-6.840907418288739716e-01
8.827063759828612799e-01,-8.043680659173597647e-01
1.845352795632316578e+00,-3.634484137513287472e-01
1.881500478826859890e+00,2.367669208032984862e+00
-2.358859941602302612e-01,3.492059497466970530e-01
1.963009263136828997e+00,1.139080198097842889e+00
2.719440051597054264e+00,1.060138964035824971e+00
1.093946339721336258e+00,7.824339029314412164e-01
2.197137118598479155e+00,1.228658967129534263e+00
2.850893648927040225e+00,4.380393456521303186e-03
3.261492126745257458e+00,1.132227424730531284e+00
2.561073379699636998e+00,1.611988225937372121e+00
2.502854738560124304e+00,1.033848652543754687e+00
1.146415722603161047e+00,1.261616707582038144e+00
1.750316632871345535e+00,1.171281426255669889e+00
1.966468051456236932e+00,1.455574582492982660e+00
1.132234619897429795e+00,1.642326198041704988e+00
1.699286008294581540e+00,1.469099996508213435e+00
1.964809732833336930e+00,-1.506818799650588847e-01
2.053035186244965615e+00,-2.077388736243204193e-01
2.164915744665310893e+00,-2.800982393561790573e-01
2.138397229641023412e+00,5.317048142619840156e-02
2.585390499520405783e+00,5.111607533414200821e-01
1.053477901859877885e+00,3.344637027101378113e-01
1.498315048832778773e+00,-7.925570426317403161e-01
2.170942546954337082e+00,2.422891290269154618e-01
3.760167231820117806e+00,5.260108786068862230e-02
3.843799742453868351e-01,5.917607323708002909e-01
-1.832238060897392717e+00,-1.598296732147714838e-01
4.775887102776983362e-01,1.076923619811520627e+00
6.669254927609116201e-01,2.314003126059618332e+00
1.047456555466641515e+00,2.171314982534925164e+00
2.441243547764362365e-01,1.012479090395788983e+00
4.219930855328026809e+00,-3.884202054138992111e-01
2.727999984103575137e+00,7.503747855729316907e-01
2.061464709578350707e+00,1.238857771790800033e+00
2.755885065822780255e+00,-1.165680632948624673e-01
3.003865823823853809e+00,2.126560639570582723e-01
1.021577781382648986e+00,2.947274550572902108e+00
2.387642238332204681e+00,9.654182117155335474e-01
1.189909181387763359e+00,1.742012754040191957e+00
5.279933129390665059e+00,1.263531398282377705e+00
1.363608222952862992e+00,2.747545258124147738e-01
1.291379387010129332e+00,2.047734009406574351e+00
3.664361860750411815e+00,-2.163874816033100057e-01
2.580298927526507136e+00,3.414959892664038987e-01
1.431441329383195571e+00,8.547264567971345484e-01
2.553236853872805412e+00,4.667882880375795462e-01
-5.847403856743618178e-01,2.481454326692747792e+00
1.309505380315816980e+00,1.498385997905830491e+00
-9.200402476143003661e-01,2.221994477528890677e+00
2.553990440063742540e+00,2.301925364115524175e+00
1.808610523772050671e+00,1.358032293417912095e+00
-1.725887922182551826e-01,1.050299033110162927e+00
1.808205751185435251e+00,1.830804068864688716e+00
3.038077989514291755e+00,9.635870399778065920e-01
2.007282455305296587e+00,2.574314021172358302e+00
3.047744446531672313e+00,3.229640335079894786e+00
2.348820231238126333e+00,5.777790707729835162e-01
3.870625031374899550e+00,5.008066203110401737e-01
1.173954961861131796e+00,2.329219162900802331e+00
3.162231212572893746e+00,2.112034632709343107e+00
2.329918218466152435e+00,-1.021684180431779332e+00
1.506976592641796397e+00,8.006536887343682629e-01
2.541608028878005854e+00,2.671060813337872375e+00
2.330950345934674317e+00,-4.313584572522666249e-02
-5.594614293368147528e-01,3.285307381159190410e+00
2.034754317740292695e+00,2.549942975703155534e-01
2.014215824416280221e+00,1.327000052731428958e+00
4.143985159518869921e+00,1.096467770367199890e-01
3.715621192047557919e-01,1.347350675532897446e+00
1.706411134347996406e+00,1.058286008077461871e+00
2.288863960143765031e+00,1.893413107970632669e+00
4.091794527775787671e+00,4.019052300141362499e-01
4.229239066641964584e+00,5.284174390894260664e-01
3.534376924496088979e+00,1.312246967189531155e+00
4.739306795568849040e+00,1.691325853226354203e-01
3.199361653787437199e+00,1.125931405763992643e+00
1.587051984586008047e+00,9.085100213726957641e-01
2.185835688688838374e+00,6.657903675268287413e-01
4.236072840370994186e+00,4.554488880916989224e-01
2.128997928630600445e+00,1.816445490505675053e+00
2.997971684970957451e+00,1.439717421061649238e-01
2.464613405221970588e+00,1.814342718774764940e+00
1.979890431978899024e+00,3.375044021520449133e-01
1.929670404452983545e+00,1.514537009454778982e+00
1.375301642461144169e+00,1.377228585967312791e+00
1.789987913253804130e+00,-1.443976526078585287e-01
1.824979188233399663e+00,1.994626861596699552e+00
4.614068495843717255e-01,2.339420106443691250e+00
1.183538791463075501e+00,1.299778422744015005e+00
1.290981558299895360e+00,-2.703736804179981412e-01
2.876594864596468959e+00,1.281786233614649717e+00
2.847765487962205189e+00,1.797132216439655483e+00
1.503700927105004581e+00,1.631036737660688685e+00
6.109358932022921351e-01,2.204579077310449442e+00
1.851738437235051160e+00,-1.454169406444048018e-01
1.380260073596405679e+00,1.154556592623974254e+00
1.885580519408529554e+00,1.314739804137762036e+00
2.317424973234033736e+00,2.408412831207045190e-01
2.037687135326671228e+00,4.220804536741007418e-02
3.620276570636049129e+00,9.306843101539006291e-01
1.239860755670364689e+00,2.011892684400027775e+00
1.524477406023899251e+00,1.478867174145626073e+00
2.671108789639360825e+00,3.223715937616183913e-01
1.824991674529601982e+00,6.767252228240936418e-01
2.036911607659133594e+00,1.861263173612120791e+00
2.118422366058665407e+00,-2.684586114374925003e-01
2.590064458407584702e+00,7.034064732169769130e-01
-2.615379245583819845e-01,1.962826587565358993e+00
2.058956129426205539e+00,1.875635744852955700e+00
1.178149111266446170e+00,8.718631509273563340e-01
2.929964192890678998e+00,-1.108540431279398941e-01
2.414577050539249203e+00,-4.879592935616920979e-01
1.122580618569157807e+00,8.470583283301139632e-01
7.868394399439981868e-01,2.126118518529200418e+00
2.291137669632577367e+00,7.104961599209020928e-01
2.667161105817482891e+00,7.944120524789206605e-01
5.567999993121404145e-01,2.027881476132846750e+00
7.178894350092259735e-01,1.403806538577636154e+00
2.609029548015232791e+00,3.680058063051027117e-01
1.695738953273836502e+00,-6.968876688714922274e-01
7.593874816095580460e-01,5.203977330086880793e-01
1.803944621392440606e+00,5.754623386647617078e-01
1.569996257465472000e+00,2.330860100777464305e-01
2.808206205447693726e+00,5.106372000586609783e-01
1.553484513952005042e+00,1.064411857105293180e+00
2.129012108087418476e+00,2.115010960980677091e+00
2.178066615163187336e+00,1.217295378347047485e+00
2.533643763601705512e+00,-4.887171255511206791e-01
1.222249444615913561e+00,2.287538102144598184e+00
1.742078979224912505e+00,1.900479309787004523e+00
1.965497164863547752e+00,8.826774184547369062e-01
1.990474703012465429e+00,5.860061167016619166e-01
1.426515649426072674e+00,7.667680534476335463e-01
2.823981431214310334e+00,-3.617131893608682702e-03
1.376702963541952096e+00,1.200677993184848136e+00
2.533586528852842079e+00,1.639556636088780994e+00
3.140486374461472607e+00,-8.729293623601908081e-02
-5.676420203093726080e-01,3.345965668674693472e+00
4.509751564746750319e+00,2.766286267326917292e-01
7.105641284274069047e-01,2.243828169094773006e+00
1.702587589249184408e+00,7.488213695232142086e-01
2.936341454804187734e+00,6.344286392943190300e-01
2.587621479746030850e+00,-3.284871412438332694e-01
2.569315433251235348e+00,-4.120552627258111666e-01
2.322649684838294704e+00,8.550452718242574912e-01
3.077243667205974198e+00,2.102955087445239180e+00
7.149675828167030289e-01,5.483709293445141464e-01
3.304139419510616626e+00,1.718542206303074416e+00
8.164981642074353729e-02,4.379415187856279257e-01
4.007621144284879477e+00,6.490444401839874367e-01
2.568293986707386622e+00,-1.239317024228706376e+00
5.326420550365346784e+00,7.683217418312034974e-01
1.625008374397925781e+00,1.138816884023393206e+00
2.838449107804061455e+00,-1.122844032376362211e+00
3.035487508003104296e+00,8.474026725784337133e-01
2.934700863985145958e+00,6.517118827279093640e-01
4.162297123980032154e+00,-5.660410723754329965e-01
9.088779811689084998e-01,1.950625009604039839e+00
1.517302852311454231e+00,7.353153039797348800e-01
3.541162313496299063e+00,8.113879806129262739e-01
5.979086003405102989e-01,1.995891492375790888e-01
3.256675132144803975e+00,1.479931672024129341e+00
2.590823182530393343e+00,1.752029435583166928e+00
2.899929247197090554e+00,1.027285527503442930e+00
